-1.53761960698491e-19,5.37257774724178e-20,22.05,4.88809511461184e-20,5.37257774724178e-20,22.05,-1.53761960698491e-19,-2.83384576022979e-20,22.05,4.88809511461184e-20,-2.83384576022979e-20,22.05
0.494443944553012,-0.0635916804835316,17.4782580010773,0.48877570056725,-0.0635916804835316,17.6834969533534,0.494443944553012,-0.0732940800987985,18.4283568237312,0.48877570056725,-0.0732940800987985,18.6335957760073
1.80492256507259,-0.207221357516148,14.5899451255516,1.78107088759777,-0.207221357516148,15.2765958232687,1.80492256507259,-0.248048553193769,18.0356639886888,1.78107088759777,-0.248048553193769,18.7223146864058
3.69368623294371,-0.371403937057036,13.1312438462512,3.64012989044747,-0.371403937057036,14.3945610973886,3.69368623294371,-0.463076955744285,20.1216224165279,3.64012989044747,-0.463076955744285,21.3849396676653
5.95057603919503,-0.510088734757148,12.9002401117801,5.85985920751205,-0.510088734757149,14.6806791569758,5.95057603919504,-0.665369797998288,24.0352926895154,5.85985920751205,-0.665369797998288,25.8157317347112
8.39226701788062,-0.58855349557252,13.7407778488515,8.26295535979172,-0.58855349557252,15.8493400103424,8.39226701788062,-0.809897775184154,29.2190047421721,8.26295535979172,-0.809897775184154,31.327566903663
10.8610895654624,-0.582151100421126,15.5350469518105,10.6985175849345,-0.582151100421126,17.6801164930928,10.8610895654624,-0.860427463487004,35.2017264059211,10.6985175849345,-0.860427463487004,37.3467959472034
13.2235926178954,-0.475789447706095,18.1961634210009,13.0393673892434,-0.475789447706094,20.0129170209971,13.2235926178954,-0.791129929182468,41.5915687329948,13.0393673892434,-0.791129929182468,43.408322332991
15.3691745751921,-0.263686097172536,21.6618638199252,15.1795096165701,-0.263686097172535,22.7435249120002,15.3691745751921,-0.58833782814713,48.067789635029,15.1795096165701,-0.58833782814713,49.1494507271039
17.2090476736192,0.0510739561061608,25.8900004572821,17.032137268507,0.0510739561061608,25.8189437243172,17.2090476736192,-0.251745656248106,54.3725993660304,17.032137268507,-0.251745656248106,54.3015426330655
18.6756484892938,0.457529934779407,30.8560007570325,18.5284056184338,0.457529934779407,29.2323907849764,18.6756484892938,0.205492588262404,60.3027736708278,18.5284056184338,0.205492588262404,58.6791636987717
19.7224510829374,0.938604354457712,36.5520164880933,19.6169600813749,0.938604354457712,33.0181166368374,19.7224510829374,0.758034171602951,65.700908254445,19.6169600813749,0.758034171602951,62.1670084031891
20.3240328868699,1.47374146469087,42.98723026904,20.2639668892188,1.47374146469087,37.2462834084023,20.3240328868699,1.37092579303569,70.4462584443113,20.2639668892188,1.37092579303569,64.7053115836736
20.4762067331158,2.04244889077841,50.1887162227325,20.4532246216669,2.04244889077841,42.0179130828481,20.4762067331158,2.00311014145135,74.4454586091242,20.4532246216669,2.00311014145135,66.2746554692397
20.1960550741753,2.62865505521176,58.2023012736901,20.1858678673839,2.62865505521176,47.4595574335495,20.1960550741753,2.61121749403733,77.6238303774415,20.1858678673839,2.61121749403733,66.8810865373009
19.5217465727126,3.22561135282131,67.0929173942814,19.4792250320025,3.22561135282132,53.7170581488597,19.5217465727126,3.15282673358773,79.9182303764401,19.4792250320025,3.15282673358772,66.5423711310183
18.5120200375826,3.84077249878869,76.9438124033304,18.3645430790597,3.84077249878869,60.9478040721784,18.5120200375826,3.5883344616775,81.2722112170843,18.3645430790597,3.5883344616775,65.2762028859323
17.2451112892413,4.49966521000545,87.8535411888579,16.8834946466142,4.49966521000545,69.3115244245795,17.2451112892413,3.88068176767093,81.6334300864585,16.8834946466142,3.88068176767093,63.0914133221801
15.8166034387376,5.24722642230253,99.9288007692307,15.0835652699392,5.24722642230253,78.9611974673536,15.8166034387376,3.9924764036386,80.9514778267237,15.0835652699392,3.9924764036386,59.9838745248467
14.3351659537481,6.14453049398009,113.269953789406,13.012503819582,6.1445304939801,90.0384686576895,14.3351659537482,3.88051422829025,79.1713264892929,13.012503819582,3.88051422829026,55.9398413575767
12.9144747057971,7.25835239552898,127.944719259288,10.7119755943619,7.25835239552882,102.682422260493,12.9144747057968,3.48830887142601,76.2131147936678,10.7119755943616,3.48830887142585,50.9508177948722
-2.25612634621227e-11,9.79484452768038e-12,6.58674181103553e-12,2.28773556864277e-11,1.01648797689012e-11,-7.63177388092444e-12,-2.45654719006942e-11,-8.05826129522399e-12,7.32878142621143e-12,2.09907844982863e-11,-7.85381216927579e-12,-8.27775466609797e-12
-2.10268834501875e-11,1.25911690943134e-11,2.38153349719873e-12,2.22453616620667e-11,1.05951962650185e-11,4.14279372628031e-12,-2.32147272478435e-11,-1.16367553998721e-11,-4.65641420035427e-12,1.94432132581987e-11,-1.28643495372569e-11,8.70459354507707e-13
-4.766709435775e-11,3.20374948670954e-11,-5.25284480482411e-13,5.3997463304317e-11,2.79866147349872e-11,-1.93295741740656e-12,-5.37491984997275e-11,-2.81612319772153e-11,7.04979659828116e-13,4.7766381000172e-11,-3.2831368099688e-11,-1.56174302471386e-12
-2.88065100574723e-11,1.69581293604796e-11,-1.81479751146369e-12,3.29094452162201e-11,1.61186672235843e-11,-2.85187576104278e-12,-3.31850181668682e-11,-1.63570518342667e-11,2.67869819898207e-12,2.96889504200144e-11,-2.13099193006731e-11,-2.26322586301456e-12
-3.4256259972394e-11,2.49275284547349e-11,-1.33511151842186e-12,3.7835767713313e-11,2.05565985088036e-11,5.90397491094802e-12,-3.77346649781304e-11,-1.85986641127273e-11,-6.15629254707086e-12,3.41025115782377e-11,-2.41668077866025e-11,2.60594790205775e-12
1.41727386171962e-11,-7.30093756653258e-12,1.64200513813633e-12,-2.1986613749666e-11,-5.10305026239674e-12,8.71751900234218e-13,1.78427974954718e-11,6.70275715684767e-12,5.94874420586016e-13,-2.16234612662347e-11,1.04600134831151e-11,-4.58803394681382e-12
-2.06443104911691e-11,1.44151259466012e-11,-3.97859575459763e-13,2.28646318477294e-11,1.25753475653139e-11,-2.11283641273012e-12,-2.37901705849653e-11,-1.18030459371979e-11,-5.18871756325872e-13,1.97997960936729e-11,-1.46538886855273e-11,-1.7974384834526e-12
-2.78404461075444e-11,2.15942458183745e-11,-1.51829170157985e-12,3.22193590880389e-11,1.62810615803051e-11,1.24447874345661e-13,-3.19589548647621e-11,-1.56343373928642e-11,-1.73149202607113e-12,2.82079441735687e-11,-2.15229578478243e-11,4.47019934666618e-13
-3.77022031093421e-11,2.34735356886898e-11,1.62847788765807e-12,4.04407196517126e-11,1.66878847499644e-11,-7.82673746151331e-13,-4.13446479798495e-11,-1.74772427380127e-11,-5.74194152639079e-13,3.62026599837042e-11,-2.51105229763723e-11,-2.50818109485157e-12
-3.76728265762125e-11,2.74553470309464e-11,-1.14704228774115e-12,4.22903883122025e-11,2.08462664143878e-11,-4.16839159647857e-13,-4.33391219677795e-11,-1.89384665235799e-11,8.08717351623944e-13,3.68696230334232e-11,-2.72066719481746e-11,-6.86115096002346e-13
-2.69908450916775e-11,1.7909139746158e-11,4.58500696674893e-12,3.01383285523426e-11,1.33613558423622e-11,1.62988679693652e-12,-3.19549113881451e-11,-1.27418660024078e-11,-3.1529593224482e-12,2.62995848469693e-11,-1.80654162466267e-11,-3.90090856056823e-12
-1.53575143825218e-11,1.03711250340532e-11,-2.41952826901684e-13,1.46693627112481e-11,7.6962816294429e-12,3.52078426462672e-12,-1.80086577137269e-11,-7.4806036954433e-12,-5.82037923516788e-12,1.19118688548743e-11,-1.05458911267519e-11,-3.69592597860863e-13
-2.83026856227534e-11,2.25759843234685e-11,1.59903712704056e-12,3.19846472675391e-11,1.53151562549716e-11,-6.5685755775696e-13,-3.34044672303054e-11,-1.47791357146984e-11,3.53183015398376e-13,2.65286784525192e-11,-2.13584630819718e-11,-1.18405446782384e-12
-3.04268924851229e-11,2.20407221863516e-11,7.74273591231933e-13,3.32973589984417e-11,1.40839334785746e-11,-2.58552978598082e-12,-3.55294185770801e-11,-1.30166270353112e-11,-1.48452867040488e-13,2.91075706105965e-11,-2.15017200074294e-11,-2.0393793148754e-12
-2.59584848430082e-11,2.02614840429453e-11,-4.09776299082809e-13,2.97019048290269e-11,1.26696154625446e-11,-3.33673247429034e-12,-2.92848380413222e-11,-1.08766901757158e-11,1.63507701266053e-12,2.42971653544173e-11,-1.986481329065e-11,-1.42366972478597e-12
-3.13165538110289e-11,2.52466131621023e-11,-2.80253951697489e-13,3.76903723123847e-11,1.64071091127197e-11,9.27739743141158e-14,-3.71421552617517e-11,-1.55949729060086e-11,5.37513548734636e-13,3.07823217963703e-11,-2.61900826407344e-11,-1.25790356459471e-12
-1.25316831755356e-11,9.76310361302912e-12,2.40743180653121e-13,1.52149158069441e-11,6.14315978116234e-12,-2.74733024116707e-12,-1.41976119364419e-11,-4.42235312583757e-12,2.80252844397608e-12,1.0935070716201e-11,-1.07365274258257e-11,-7.57498704390659e-13
-2.93285124460214e-11,2.43783134982338e-11,-1.03406929143706e-12,3.39835674168229e-11,1.54301247049797e-11,-2.44052061907778e-12,-3.57418848062423e-11,-1.38824742762482e-11,1.22499546334877e-12,2.9000700868277e-11,-2.27068677448261e-11,-1.51780947878389e-12
7.46475379793557e-12,-9.44407794888833e-12,-2.03467262666121e-13,-1.39796478467602e-11,-6.54286527526804e-12,4.2010053820064e-12,9.91523835791847e-12,4.82215077517801e-12,-6.47997040179088e-12,-1.20310180264438e-11,9.89287636329989e-12,6.04288067347679e-13
-9.91425622769491e-12,9.30347136512495e-12,-4.73137340989505e-13,1.1922568868663e-11,5.25337077485362e-12,2.52276956839651e-13,-1.2011427376303e-11,-4.72038294220918e-12,-7.34666981254721e-13,9.22727266483752e-12,-7.95262080842075e-12,-1.96033274057024e-12
-4.2392804057733e-11,3.48232023852724e-11,-2.64923372653429e-12,5.24653522992483e-11,1.81403094705058e-11,3.15673089639854e-12,-5.1564778238999e-11,-2.03490521311933e-11,-2.22093220387428e-12,4.15176438950849e-11,-3.70688781063755e-11,3.02411589683403e-12
-1.57439389884984e-11,1.37350133347394e-11,1.45381521241229e-12,1.96986341543154e-11,6.90279232756203e-12,2.84934791897443e-13,-1.86592695236134e-11,-5.96601974313705e-12,1.0582926907384e-12,1.64480132057412e-11,-1.35664473220832e-11,-7.63863946273866e-13
-1.3947188476309e-11,7.68887546988527e-12,-1.63372504157647e-12,1.33902457442388e-11,3.56777732645613e-12,1.12160789402279e-12,-1.52367308019122e-11,-5.02036760272617e-12,-9.9493883449238e-13,1.22002151844219e-11,-8.38009415285398e-12,1.46684533855542e-12
-2.14320828024646e-11,1.83137481617054e-11,4.32768565280307e-14,2.65303985777858e-11,9.81756686669066e-12,-1.02874906657441e-12,-2.69742220745712e-11,-9.24990285262202e-12,6.81154899155356e-13,2.19363468472451e-11,-1.81666912191626e-11,-1.11309327169173e-12
-2.05166562257616e-11,1.88844217800448e-11,-3.74199469968859e-13,2.44027205012243e-11,8.55817491277342e-12,1.01508049433594e-13,-2.51831557518097e-11,-7.57797841479934e-12,8.0776725892301e-13,1.91986958356347e-11,-1.77585146760338e-11,-8.18774448933248e-13
-2.52722403198561e-11,2.26811500360719e-11,-1.5671734752055e-12,3.33148661049638e-11,9.04427962633967e-12,-3.08666991171608e-13,-3.01870551731635e-11,-8.06280768450595e-12,-9.24319558802696e-13,2.71649836629569e-11,-1.97880158356843e-11,2.50223707834856e-13
-2.87324166367194e-11,2.28970030050687e-11,-2.30822338323634e-12,3.78267620221192e-11,7.40848586113781e-12,8.51829484973974e-13,-3.60417719625355e-11,-9.98974328786547e-12,-1.44628777129074e-12,2.98441227404443e-11,-2.54370622290903e-11,7.77915865367499e-13
-1.99673247936388e-11,2.01506461830867e-11,2.28735111650633e-12,2.5911436138816e-11,9.44486655129304e-12,1.43642236770151e-12,-2.61272021145259e-11,-8.05026672764406e-12,5.34642281849513e-13,1.94017578420222e-11,-2.10665334319056e-11,1.13869714076661e-12
-2.01488830449473e-11,1.74481656576694e-11,2.06288441262499e-12,2.51493508611926e-11,6.22321372315574e-12,9.402969934379e-14,-2.52823892130822e-11,-8.65988466028141e-12,-1.84869654548711e-13,2.0616422637385e-11,-1.80790363257625e-11,1.18695798434476e-12
-3.60035300298373e-11,3.55159795568674e-11,-1.59049981628881e-12,4.77868874358241e-11,1.47958037360023e-11,2.02155510350793e-12,-4.77549383692186e-11,-1.4504875843423e-11,-2.71101223965146e-12,3.57676731071277e-11,-3.65587434399242e-11,-3.29308483761901e-13
-2.13587167866611e-11,1.87878765645698e-11,9.72561671456007e-13,2.6675822941534e-11,8.78745865795271e-12,-3.08168536703209e-13,-2.69651149231947e-11,-7.81696352627913e-12,-7.08426836644998e-13,1.95137779946521e-11,-2.00742037191837e-11,-1.82651504954435e-12
-2.70238748715065e-11,2.91292743757867e-11,-1.12612852833337e-12,3.71688031764864e-11,1.21568203079414e-11,4.41018938066126e-13,-3.74914235199097e-11,-1.10102851220432e-11,-1.93172060134692e-12,2.86814077848398e-11,-2.89147165403842e-11,-4.71077634477804e-13
-6.87732071709139e-11,6.91191572287182e-11,9.46432448519952e-13,9.06484280460577e-11,2.58422612321735e-11,-1.38372992832556e-12,-9.15626374277826e-11,-2.57333067803895e-11,-5.10845723272218e-13,6.92461953146837e-11,-6.89114093153522e-11,-1.95626346460405e-12
-4.21950170777343e-12,5.93018818996716e-12,-3.92852153688932e-12,6.21193185435017e-12,3.45732288614003e-12,-2.36629616247258e-13,-7.16026483456523e-12,-3.09286766190961e-12,-7.37340533507905e-13,4.32481755800032e-12,-4.62845274547103e-12,-1.3797867167933e-12
-2.58380279963361e-11,2.66740641015014e-11,3.13613631702659e-13,3.53429681956666e-11,1.09320642931445e-11,6.33891248072231e-14,-3.51371702038114e-11,-9.7771592951921e-12,-1.16731790651096e-12,2.65753462181432e-11,-2.76631886187491e-11,6.96751046792092e-13
-1.82493333674787e-11,1.94305689034276e-11,8.30531833142287e-13,2.62345090643333e-11,7.27690353696929e-12,-1.21569404325961e-12,-2.48099923141486e-11,-6.54841479650832e-12,2.33392662508445e-12,1.86219307678405e-11,-1.91325135004315e-11,1.2769532818483e-13
-2.03008897776245e-11,2.20218040024773e-11,1.75369558216243e-12,2.76621769590538e-11,8.24167742845281e-12,-1.38084615447107e-12,-2.78883194011901e-11,-7.00123685530674e-12,9.83100928421123e-13,1.93230565474056e-11,-2.00461110025805e-11,-1.88406361168161e-13
-5.70610845791771e-11,6.36149254864664e-11,1.10190301403508e-12,7.98264076396393e-11,2.00412376093098e-11,-4.07231432911417e-13,-8.00865107128559e-11,-2.1150893369216e-11,-1.61696861059197e-12,5.67734561173521e-11,-6.27306512860071e-11,6.44128872514098e-13
-2.08227669769879e-11,2.2635653911262e-11,1.80396870479913e-13,2.81129292011043e-11,6.17593700695782e-12,1.1874815128768e-12,-2.81903330359562e-11,-7.16983146387305e-12,-1.2993562559936e-12,1.91202290789458e-11,-2.31439858507776e-11,1.84221339217137e-12
-1.60408398151898e-11,1.82365168704318e-11,-3.12973073350182e-12,2.16773574631036e-11,5.71463724524112e-12,9.65128186864629e-13,-2.18435835563478e-11,-3.88264667958115e-12,-2.83829118600436e-12,1.7170643377411e-11,-1.66424669820313e-11,2.10071009189521e-12
-2.27690027221991e-11,2.67698800475694e-11,-3.96910408893249e-13,3.34334376571968e-11,8.11746778066376e-12,5.03348213174203e-13,-3.17017762182744e-11,-6.47234490156631e-12,-1.17808654234857e-12,2.18844392590096e-11,-2.65726906356936e-11,4.15648416218208e-13
-1.97336943880172e-11,2.17733002719263e-11,1.17731553761093e-12,2.71906683228807e-11,5.19140524993747e-12,-3.67754949291783e-13,-2.68442952998429e-11,-4.68091724631994e-12,1.87069970134599e-13,1.99299210068546e-11,-1.97005816874885e-11,1.70410814317667e-13
-2.32253378783569e-11,2.63156699529627e-11,7.85167929733001e-13,3.24703967559162e-11,7.00660006347812e-12,2.3539334106248e-15,-3.21375012752452e-11,-6.51338074878692e-12,2.18232135366228e-12,2.25853620829243e-11,-2.54626527680554e-11,-1.14294724143862e-12
-2.16066804953322e-11,2.5311562410228e-11,1.209504704558e-13,3.09809857766671e-11,3.80221537679256e-12,-9.87062521265141e-13,-2.94858742281938e-11,-3.91339210630123e-12,2.40554397564665e-12,2.23204731076362e-11,-2.3690653056967e-11,5.29563378558925e-13
-2.47678517426624e-11,3.10292867680943e-11,1.00886046518657e-12,3.6888134897145e-11,7.6518969901059e-12,9.42629801268236e-13,-3.6348042997822e-11,-6.60925752644105e-12,-9.43306380813234e-13,2.47389890264064e-11,-2.95575787053434e-11,9.88964117580128e-13
-4.78089804234266e-11,5.52806634559995e-11,-9.11092463091474e-13,6.68337336777839e-11,1.23475590956749e-11,2.56544641778767e-12,-6.93591037876894e-11,-1.14279734229292e-11,-1.74919666885685e-12,4.52376966585288e-11,-5.52464897593813e-11,1.51545299923571e-12
-36.6085964853744,23.6804075473956,145.461653130197,-31.4502148441073,21.5437359116864,71.3431941759963,-32.9512306224482,32.5100698162327,89.9232677771931,-27.7928489811811,30.3733981805234,15.8048088229922
-34.1441063487255,24.5469652642033,137.663933265147,-30.8999162386948,23.2031777217119,76.1664071391174,-31.8439294741907,30.100083470562,85.6918527727894,-28.5997393641601,28.7562959280707,24.1943266467599
-30.9266739020551,24.0158618694885,128.815723317019,-29.2190815461665,23.3085539566749,80.1187208815409,-29.7159666639055,26.9387677038924,82.9286874587108,-28.008374308017,26.2314597910787,34.2316850232331
-27.2125415052908,22.2264301314554,119.628336293744,-26.616130719426,21.9793886952046,83.2069174064148,-26.7896777855822,23.2473134586114,80.9140061838074,-26.1932669997174,23.0002720223606,44.4925872964779
-23.1750750105673,19.3793567325763,110.576951506901,-23.2805287284077,19.4230370927085,85.3355693578204,-23.2498431945773,19.1988503687053,79.2268892706665,-23.3552969124177,19.2425307288375,53.9855071215861
-18.9321726181647,15.7133439183348,101.921431038136,-19.389844437937,15.9029177932005,86.4173609403154,-19.2566684400068,14.9299417043101,77.610798292282,-19.7143402597792,15.1195155791758,62.1067281944619
-14.5736447995901,11.4805447699354,93.7434338824787,-15.1160662017592,11.7052230712353,86.4328744894888,-14.9582292792926,10.5520757031594,75.8938918761439,-15.5006506814618,10.7767540044593,68.583332483154
-10.1830705154843,6.92476385758791,85.9959418327143,-10.6286903652098,7.10934564300685,85.4501832537561,-10.4990213193546,6.16199114184162,73.9522766312455,-10.94464116908,6.34657292726056,73.4065180522873
-5.85113602039468,2.26487016671401,78.557800710369,-6.0937146486904,2.36534952449596,83.6183511654312,-6.02312771389531,1.84964548764928,71.6999638719084,-6.26570634219102,1.95012484543123,76.7605143269706
-1.6800096016578,-2.31553580841197,71.2856488295873,-1.66906681671709,-2.32006845834454,81.1478267276279,-1.67225101168312,-2.29680491527022,69.0905623016608,-1.66130822674242,-2.3013375652028,78.9527401997014
2.21976418262277,-6.67236325068324,64.0572043558614,2.50210842872571,-6.78931406667709,78.2872644605859,2.41995026405368,-6.18907129789443,66.1198848446973,2.70229451015661,-6.30602211388828,80.3499449494219
5.73733081472152,-10.700263992416,56.802286742464,6.29859171855131,-10.9327458708121,75.3024246784437,6.13527276873283,-9.73954713000464,62.8235065042971,6.69653367256263,-9.97202900840073,81.3236444402767
8.77186486365286,-14.3284974397937,49.5203348551386,9.62719473695063,-14.6827866736165,72.4595833037306,9.37830589452071,-12.864419278293,59.2674975964999,10.2336357678185,-13.2187085121158,82.2067460450918
11.2429560100736,-17.5152372597257,42.2849705987735,12.4269637177386,-18.0056693101948,70.0136713257706,12.0824342946604,-15.4885573997586,55.5334746169358,13.2664420023254,-15.9789894502277,83.262175343933
13.0995667217881,-20.2419718226763,35.2370779473216,14.6713261754859,-20.8930159051861,68.2000071359339,14.2139665026607,-17.5515727577881,51.7007469255504,15.7857259563585,-18.2026168402979,84.6636761141626
14.3267951509939,-22.509281922862,28.5679776713909,16.3686091142648,-23.3550289582916,67.2276624060868,15.7744702566842,-19.0142850487947,47.8289682141311,17.8162842199551,-19.8600320842243,86.488652948827
14.9501110137243,-24.3348259565602,22.4938351402979,17.561627467765,-25.4165514901844,67.2719885079775,16.8017132784863,-19.8646626568509,43.9446172598676,19.413229732527,-20.946388190475,88.7227706275472
15.0367910809472,-25.753922524519,17.2217507442659,18.3269094977424,-27.116734194569,68.4636289820602,17.3695317774293,-20.1221882975723,40.0339819612951,20.6596501942244,-21.4849999676224,91.2758601990893
14.6939911912814,-26.8227579773073,12.9073109360603,18.773619515661,-28.5125953587067,70.8716767284421,17.5865056279111,-19.8396103950358,36.0441176107858,21.6661339522907,-21.5294477764353,94.0084834031676
14.0623894528865,-27.6240155508215,9.60293134456552,19.0415246230046,-29.6864408671732,74.4798433027041,17.5926670214166,-19.1011715659347,31.8915029192802,22.5718021915346,-21.1635968822864,96.7684148774187
13.3038679558896,-28.2746965962739,7.19631711113697,19.2967657715769,-30.7570361494477,79.156881946611,17.5529176415009,-18.0165832180741,27.4760323578979,23.5458154571881,-20.4989227712479,99.4365971933717
-3.02643291835331e-11,3.93334177087918e-11,1.02995164063352e-12,5.20762346702279e-11,4.44692901386861e-12,-3.90400544581894e-12,-5.11866682959696e-11,-7.53721200345169e-12,3.33181111342807e-12,3.21594864807228e-11,-4.12898590108388e-11,-7.46289522681945e-13
-2.02798270597768e-11,2.97964640472185e-11,6.52296811410945e-14,3.54903055632127e-11,4.94066695110169e-12,3.5502725948402e-13,-3.55816390312187e-11,-5.3847686265e-12,-2.31128618171966e-12,2.11136443276205e-11,-2.8369477100173e-11,-2.68968552719101e-13
-2.48509639848094e-11,3.40474386989428e-11,1.04868135201351e-12,4.301305425376e-11,4.94844024457971e-12,4.4282845752142e-13,-4.20535250700788e-11,-4.1980836469489e-12,1.34766191552503e-12,2.53980424254657e-11,-3.36231070433898e-11,6.00798811927595e-13
-2.46833200963552e-11,3.27202944493592e-11,-5.84108415888032e-14,3.9590087168271e-11,6.23931770822595e-12,3.57401493618121e-13,-4.10350127357177e-11,-4.24813124933533e-12,1.39481194833458e-12,2.37774407138619e-11,-3.21499175399911e-11,1.06651217541757e-12
-1.92249653844146e-11,2.54973506848516e-11,7.64938061199901e-13,3.07379958727564e-11,5.86747322360584e-12,2.019432074169e-12,-3.19628629606538e-11,-4.12634959238518e-12,-1.63418320667417e-12,1.78786298143228e-11,-2.54397748468382e-11,-1.14994708910774e-12
-1.75578380902416e-11,2.59138987498561e-11,1.03551943415461e-12,3.29941543660654e-11,5.60977587257381e-12,-1.02265267681565e-12,-2.99202396513496e-11,-3.02839837994474e-12,9.69584681103531e-14,2.00806706982818e-11,-2.5127242680288e-11,-1.18043409975752e-12
-1.01941853344017e-11,1.19144676914769e-11,2.42599012521232e-12,1.48309689129972e-11,2.67184150993495e-12,1.28434860762787e-12,-1.65397279858648e-11,-1.68124296251883e-12,-1.45372047057467e-12,1.01670330732341e-11,-1.13205968537085e-11,-4.65670688140369e-13
-5.71846533461075e-13,5.61719597525495e-13,1.665561463196e-12,-1.03230542157591e-12,7.32113733029222e-13,1.93831229671569e-12,1.27388286310918e-13,3.97427966556447e-13,-1.70157134598637e-12,-1.09885817445152e-12,8.31226339808377e-13,5.59555025381406e-13
-1.53918596484157e-11,2.10764028095285e-11,2.24037064975674e-13,2.55498997837157e-11,3.17186011463542e-12,5.47724210555909e-13,-2.68893801457881e-11,-2.5055605822143e-12,8.87482340892819e-13,1.54920699574467e-11,-1.95408028972965e-11,-3.98001182710335e-13
-1.28027095271386e-11,1.71066429821059e-11,-7.22880476689165e-13,2.10531391462911e-11,2.05528641020121e-12,2.53376731178292e-12,-2.08572659534822e-11,-3.22942792667964e-12,-1.31116715239106e-13,1.24044817235448e-11,-1.7055980467582e-11,1.51511022622708e-12
-2.87928910535373e-11,3.86410645157874e-11,3.27456467322567e-13,4.83376573425236e-11,4.20363383163183e-12,-1.04027770737751e-12,-4.72393838982909e-11,-4.31828315920294e-12,1.94034550866246e-12,2.82696571532855e-11,-3.79867998646727e-11,-2.87759651743258e-12
-1.57782880305937e-12,-3.49452263298975e-12,-2.85650107555955e-12,-2.14841406567318e-12,-2.92105223781228e-12,-2.87662547080536e-12,-1.11806427116511e-12,2.43579946788937e-13,-2.07592749763552e-12,1.98469217416369e-13,-2.58658954487481e-14,-1.46739571992028e-12
-2.85460592134198e-11,3.99415490437933e-11,-2.17699583194184e-12,4.85982606025582e-11,5.75123952114826e-12,-6.73572484728614e-13,-4.89674944027715e-11,-8.05150627157732e-12,-2.4203673043581e-12,2.91668649867937e-11,-3.91830624940098e-11,-2.39032914862269e-13
-7.80460299936684e-12,8.16431527198968e-12,4.41961305054749e-15,6.93660228763648e-12,2.56507392370064e-12,-6.56994844939691e-13,-1.12486432690125e-11,-6.58341397227159e-14,3.18959186804149e-13,3.60276861978599e-12,-6.36137756707728e-12,-2.58567826957542e-13
-1.09230397600719e-11,1.47595457104139e-11,-1.78260029211676e-12,1.81069423600991e-11,1.85201819305642e-12,-2.12230988372921e-12,-1.8595754232369e-11,-1.15150032348689e-12,2.10555897685438e-12,9.84044650002848e-12,-1.53536001167486e-11,3.55652273715806e-12
-1.05959173371279e-11,1.76348990546163e-11,1.32893713912976e-12,1.69359853979662e-11,4.78205954097402e-12,-1.65381783462273e-13,-1.83343170188714e-11,-1.3289613060967e-12,1.2126224702649e-12,9.97140139246465e-12,-1.27834203738634e-11,-2.23786643636177e-12
-1.61594226720444e-11,2.353259767995e-11,7.04184168245248e-13,2.8094805434936e-11,2.52888570821051e-12,-2.44888888792259e-13,-2.81067709756825e-11,-2.16075786761112e-12,-1.27583633769027e-12,1.82765402989194e-11,-2.26042130388228e-11,-2.30268645745728e-12
-2.34162469621996e-11,3.78023128985734e-11,-3.48268743169491e-12,4.81261105266566e-11,5.83530430119424e-12,-1.78863761329149e-12,-4.31401004197452e-11,-6.78283855304996e-12,1.16440331911799e-12,2.72417130171452e-11,-3.8018463110106e-11,3.96679076923652e-12
-1.52634072427048e-11,2.19051134137811e-11,-7.9189678453668e-13,2.67764965446229e-11,3.1308154406071e-12,1.33396230853514e-12,-2.6106733130026e-11,-2.39273646956261e-12,-7.33532310731591e-13,1.59335509470877e-11,-2.05359257112977e-11,7.37461682460867e-13
2.26139030203799e-11,-3.66727929548228e-11,-1.47123619076064e-12,-4.53519547191662e-11,-5.16846532007899e-12,2.85851393913527e-13,4.24844106469645e-11,5.33551019909366e-12,-8.76308773642638e-13,-2.62047848800727e-11,3.77643981141122e-11,-1.13436413096595e-12
-1.53025649171406e-11,2.09472173733997e-11,1.43602719180642e-13,2.47071308842967e-11,5.71896758734492e-13,-2.71302244314312e-12,-2.53090883852614e-11,-5.84423501987031e-13,1.56380183479784e-12,1.57628635145208e-11,-1.94150362284255e-11,-3.17177341437516e-12
-7.2010047362031e-12,1.05369942267184e-11,-6.83678708225074e-13,1.20334816406075e-11,9.64065674530181e-13,-1.65648166885844e-12,-1.2429315559867e-11,-2.04350314834501e-12,1.62604635035079e-12,7.46182362840956e-12,-1.03041786109257e-11,-1.20930963999007e-12
-8.85955926206988e-12,1.70110263938353e-11,2.14391199813055e-14,1.81696879461307e-11,4.07032304725513e-12,-5.18751540239917e-13,-1.94098232547747e-11,-3.70489021329746e-12,-2.24793486647747e-13,8.910976216716e-12,-1.77487928331972e-11,-4.99813542222395e-13
-2.36389666011302e-11,3.32921423648224e-11,8.52011019786532e-13,4.0018889012212e-11,2.87343317601569e-12,-8.18310422463816e-13,-3.96034072809379e-11,-2.13325854352123e-12,4.25911980085416e-13,2.40993005294707e-11,-3.07515497099731e-11,-3.11093945568335e-12
-8.64751820209873e-12,1.51461716741016e-11,-1.65269413513575e-12,1.61528503461256e-11,2.32773029468346e-12,-1.56435383870281e-13,-1.69110031631443e-11,-2.67454933740085e-12,1.86247075301697e-13,9.33801190061539e-12,-1.52251056277851e-11,4.91954711005606e-13
-1.52370668247946e-11,2.19632079877635e-11,4.95147900744239e-13,2.81834158756226e-11,2.65124897111739e-12,-1.7547053186901e-12,-2.74789181837591e-11,-2.72280540708067e-12,1.61635125301594e-12,1.65254399531116e-11,-2.23125633556206e-11,6.54823727011854e-14
-3.90612584826757e-11,5.30907639616986e-11,-1.68171135431819e-13,6.67833884061625e-11,4.1487228749352e-12,-1.81776084614059e-12,-6.77504925121409e-11,-8.47458409864956e-12,1.39785815890516e-12,3.94815260357758e-11,-5.54187372864976e-11,-1.43810553025636e-12
-2.17545484813187e-11,3.20524858122317e-11,8.788591771917e-13,3.71392066256559e-11,4.2423391664883e-12,-1.07763629705975e-12,-3.72378938212371e-11,-3.72910379601164e-12,-3.36662399641357e-13,2.01258903345746e-11,-3.0592791288998e-11,9.16452006806999e-13
-6.17425102139917e-11,8.2466917374482e-11,7.1150494408509e-13,1.02332027872635e-10,6.18850232075648e-12,-4.19939170591182e-12,-1.03866502935156e-10,-1.00885149449089e-11,3.17850370781167e-12,6.00304271013502e-11,-8.63553936535343e-11,-1.23666970756916e-12
-2.31189144473209e-11,3.48113084503369e-11,8.72823909923371e-14,4.11744724273359e-11,3.47081212229232e-12,-2.53850842514737e-13,-4.23746579164473e-11,-5.29868954150507e-12,4.61305785989864e-13,2.34146506258307e-11,-3.5136345603972e-11,1.23210201553893e-12
-1.97518352199512e-11,2.97022571531699e-11,-3.92393301484488e-13,3.43658956523812e-11,2.45651221987179e-12,-1.69164421075916e-12,-3.41980460888739e-11,-3.08531570386041e-12,1.89773925105643e-12,1.90684289013796e-11,-2.98963400574188e-11,-5.59952692576698e-13
-1.40637280151994e-11,2.14711323200896e-11,-4.94644267614667e-13,2.60479983182212e-11,1.24182997300419e-12,-1.12064566399351e-12,-2.54399094265605e-11,-2.95854766604923e-12,6.46517353937449e-13,1.35117875138203e-11,-2.10245221083118e-11,7.37770040949493e-13
-2.24449196123644e-11,3.38664750499431e-11,-2.42128209942626e-12,3.92690929578141e-11,3.30719282895224e-12,8.31809994829549e-13,-4.02413414083771e-11,-3.68134588055564e-12,-1.86086247509003e-12,2.28747347445711e-11,-3.32545277538684e-11,-9.68953417675693e-14
-3.52952132601734e-11,4.87618563778269e-11,1.22321189747043e-12,6.27507028539827e-11,5.32320853011328e-12,-2.37803610089296e-13,-6.2363883643371e-11,-5.63109369539916e-12,3.40181698190689e-12,3.64724793610121e-11,-5.11055529822323e-11,3.04378173230974e-12
-28.5665389364343,27.0552028228319,140.266426146925,-24.338286671059,25.0064710116791,66.9632119005041,-25.0597007011271,34.2927517455481,103.39881349112,-20.8314484357517,32.2440199343953,30.0955992446996
-26.6846311198808,27.627848556427,136.524399758496,-23.6925525726793,26.1780848913502,71.6646424970481,-24.2030536751549,32.7494244480332,96.6078176892792,-21.2109751279533,31.2996607829565,31.7480604278315
-23.9385998364285,27.577609558614,130.901100221277,-21.9227415813689,26.6008577768589,72.3321197348101,-22.266682372163,31.0281777429502,90.1443244212898,-20.2508241171034,30.0514259611951,31.5753439348227
-20.707598580956,26.9232982647768,123.690800513198,-19.4387755546876,26.3085104201805,69.8935754702638,-19.6552590271426,29.09515749893,83.7880673107768,-18.3864360008741,28.4803696543338,29.9908422678425
-17.292851650024,25.7071065982991,115.152521182591,-16.5723012530159,25.357975461546,65.1502472724781,-16.6952397943205,26.9404811517365,77.4302000688809,-15.9746893973124,26.5913500149834,27.4279261587677
-13.9246273441278,23.9909820824595,105.530593577907,-13.5844513993814,23.8261552850856,58.8241145285693,-13.6424913846589,24.5732652311247,71.0181894924565,-13.3023154399124,24.4084384337507,24.3117104431186
-10.7701778967202,21.8522437515033,95.0739283981083,-10.6734709280187,21.8053859410644,51.5757944071156,-10.6899708338067,22.0177782024339,64.5306806258577,-10.5932638651052,21.9709203919949,21.0325466348651
-7.94195516828551,19.3793424156907,84.0500858557831,-7.98214904623066,19.398817714512,44.0027618303056,-7.97529126536694,19.3105420840729,57.9723068337364,-8.01548514331209,19.3300173828942,17.924982808259
-5.50578665880705,16.6681331354172,72.7521358268495,-5.60503055387156,16.7162201728313,36.626970601399,-5.58809780393028,16.4982561979193,51.3791771424749,-5.6873416989948,16.5463432353335,15.2540119170244
-3.48890251902845,13.818733896394,61.4980604501234,-3.59541895328317,13.8703447260162,29.8793457489717,-3.57724538054402,13.6364084683904,44.8274024240833,-3.68376181479875,13.6880192980126,13.2086877229315
-1.8877761109733,10.9329120968119,50.6237267938747,-1.97221489386018,10.9738255546044,24.0866793473673,-1.9578081558433,10.7883772432217,38.439013075069,-2.04224693873018,10.8292907010142,11.9019656285616
-0.675730023165704,8.11190105663941,40.4711457696219,-0.726649088619395,8.13657307302864,19.464488391518,-0.717961402570694,8.02474229595291,32.3816625015642,-0.768880468024386,8.04941431234214,11.3750051234603
0.189780523847884,5.4545512764915,31.373899029642,0.171031764613108,5.46363568703589,16.1175522551286,0.17423063192505,5.42245880572928,26.8604205890463,0.155481872690277,5.43154321627367,11.6040738145329
0.76031988051276,3.05573307316894,23.6414086114535,0.76488032108128,3.05352338484403,14.0482366064516,0.764102229897751,3.06353923270065,22.1016307590482,0.768662670466271,3.06132954437573,12.5084587540463
1.09015358522063,1.00491320864011,17.5433268569404,1.10653787174821,0.996974465418246,13.1713955599997,1.10374242496978,1.03295838377742,18.3301597674317,1.12012671149736,1.02501964055555,13.9582284704911
1.23047934240896,-0.615172924669787,13.2949073837614,1.24848729169334,-0.623898387635809,13.3336781005681,1.24541481955801,-0.584348506975808,15.7423506594485,1.26342276884239,-0.59307396994183,15.7811213762552
1.22410718009299,-1.72983179903609,11.043906719105,1.23726927710271,-1.73620928201319,14.3344987095818,1.23502359239612,-1.70730208343386,14.4775399256059,1.24818568940585,-1.71367956641096,17.7681319160827
1.1003471090261,-2.27377027238899,10.8594171166132,1.10666108092853,-2.27682960619391,15.9458110718515,1.10558380653003,-2.26296257273619,14.5910684820504,1.11189777843245,-2.26602190654112,19.6774624372887
0.869736199745611,-2.19253499964152,12.7230237747595,0.870806728939451,-2.19305370739038,17.9281810315107,0.870624077874291,-2.19070256228269,16.0312637831957,0.871694607068131,-2.19122127003155,21.2364210399468
0.518166701937907,-1.4440199644441,16.5227242191159,0.517273138343455,-1.44358700253778,20.0415010597522,0.517425595972125,-1.44554948771388,18.6218824569651,0.516532032377673,-1.44511652580756,22.1406592976014
-1.11656157012372e-19,7.59989946854817e-20,22.05,9.02684524980893e-20,-4.33015278966717e-20,22.05,-1.44052460541485e-19,1.85074505012564e-20,22.05,3.3771662314921e-20,-5.16813749076434e-20,22.05
0,0,22.05,0,0,22.05,0,0,22.05,0,0,22.05
0,0,22.05,0,0,22.05,0,0,22.05,0,0,22.05
0,0,22.05,0,0,22.05,0,0,22.05,0,0,22.05
0,0,22.05,0,0,22.05,0,0,22.05,0,0,22.05
0,0,22.05,0,0,22.05,0,0,22.05,0,0,22.05
0,0,22.05,0,0,22.05,0,0,22.05,0,0,22.05
0,0,22.05,0,0,22.05,0,0,22.05,0,0,22.05
0,0,22.05,0,0,22.05,0,0,22.05,0,0,22.05
0,0,22.05,0,0,22.05,0,0,22.05,0,0,22.05
0,0,22.05,0,0,22.05,0,0,22.05,0,0,22.05
0,0,22.05,0,0,22.05,0,0,22.05,0,0,22.05
0,0,22.05,0,0,22.05,0,0,22.05,0,0,22.05
0,0,22.05,0,0,22.05,0,0,22.05,0,0,22.05
0,0,22.05,0,0,22.05,0,0,22.05,0,0,22.05
0,0,22.05,0,0,22.05,0,0,22.05,0,0,22.05
0,0,22.05,0,0,22.05,0,0,22.05,0,0,22.05
0,0,22.05,0,0,22.05,0,0,22.05,0,0,22.05
0,0,22.05,0,0,22.05,0,0,22.05,0,0,22.05
0,0,22.05,0,0,22.05,0,0,22.05,0,0,22.05
0,0,22.05,0,0,22.05,0,0,22.05,0,0,22.05
0,0,22.05,0,0,22.05,0,0,22.05,0,0,22.05
0,0,22.05,0,0,22.05,0,0,22.05,0,0,22.05
0,0,22.05,0,0,22.05,0,0,22.05,0,0,22.05
0,0,22.05,0,0,22.05,0,0,22.05,0,0,22.05
0,0,22.05,0,0,22.05,0,0,22.05,0,0,22.05
0,0,22.05,0,0,22.05,0,0,22.05,0,0,22.05
0,0,22.05,0,0,22.05,0,0,22.05,0,0,22.05
0,0,22.05,0,0,22.05,0,0,22.05,0,0,22.05
0,0,22.05,0,0,22.05,0,0,22.05,0,0,22.05
0,0,22.05,0,0,22.05,0,0,22.05,0,0,22.05
0,0,22.05,0,0,22.05,0,0,22.05,0,0,22.05
0,0,22.05,0,0,22.05,0,0,22.05,0,0,22.05
0,0,22.05,0,0,22.05,0,0,22.05,0,0,22.05
0,0,22.05,0,0,22.05,0,0,22.05,0,0,22.05
0,0,22.05,0,0,22.05,0,0,22.05,0,0,22.05
0,0,22.05,0,0,22.05,0,0,22.05,0,0,22.05
0,0,22.05,0,0,22.05,0,0,22.05,0,0,22.05
0,0,22.05,0,0,22.05,0,0,22.05,0,0,22.05
0,0,22.05,0,0,22.05,0,0,22.05,0,0,22.05
0,0,22.05,0,0,22.05,0,0,22.05,0,0,22.05
0,0,22.05,0,0,22.05,0,0,22.05,0,0,22.05
0,0,22.05,0,0,22.05,0,0,22.05,0,0,22.05
0,0,22.05,0,0,22.05,0,0,22.05,0,0,22.05
0,0,22.05,0,0,22.05,0,0,22.05,0,0,22.05
0,0,22.05,0,0,22.05,0,0,22.05,0,0,22.05
0,0,22.05,0,0,22.05,0,0,22.05,0,0,22.05
0,0,22.05,0,0,22.05,0,0,22.05,0,0,22.05
0,0,22.05,0,0,22.05,0,0,22.05,0,0,22.05
0,0,22.05,0,0,22.05,0,0,22.05,0,0,22.05
0,0,22.05,0,0,22.05,0,0,22.05,0,0,22.05
0,0,22.05,0,0,22.05,0,0,22.05,0,0,22.05
0,0,22.05,0,0,22.05,0,0,22.05,0,0,22.05
0,0,22.05,0,0,22.05,0,0,22.05,0,0,22.05
0,0,22.05,0,0,22.05,0,0,22.05,0,0,22.05
0,0,22.05,0,0,22.05,0,0,22.05,0,0,22.05
0,0,22.05,0,0,22.05,0,0,22.05,0,0,22.05
0,0,22.05,0,0,22.05,0,0,22.05,0,0,22.05
0,0,22.05,0,0,22.05,0,0,22.05,0,0,22.05
0,0,22.05,0,0,22.05,0,0,22.05,0,0,22.05
0,0,22.05,0,0,22.05,0,0,22.05,0,0,22.05
0,0,22.05,0,0,22.05,0,0,22.05,0,0,22.05
0,0,22.05,0,0,22.05,0,0,22.05,0,0,22.05
0,0,22.05,0,0,22.05,0,0,22.05,0,0,22.05
0,0,22.05,0,0,22.05,0,0,22.05,0,0,22.05
0,0,22.05,0,0,22.05,0,0,22.05,0,0,22.05
0,0,22.05,0,0,22.05,0,0,22.05,0,0,22.05
0,0,22.05,0,0,22.05,0,0,22.05,0,0,22.05
0,0,22.05,0,0,22.05,0,0,22.05,0,0,22.05
0,0,22.05,0,0,22.05,0,0,22.05,0,0,22.05
0,0,22.05,0,0,22.05,0,0,22.05,0,0,22.05
0,0,22.05,0,0,22.05,0,0,22.05,0,0,22.05
0,0,22.05,0,0,22.05,0,0,22.05,0,0,22.05
0,0,22.05,0,0,22.05,0,0,22.05,0,0,22.05
0,0,22.05,0,0,22.05,0,0,22.05,0,0,22.05
0,0,22.05,0,0,22.05,0,0,22.05,0,0,22.05
0,0,22.05,0,0,22.05,0,0,22.05,0,0,22.05
0,0,22.05,0,0,22.05,0,0,22.05,0,0,22.05
0,0,22.05,0,0,22.05,0,0,22.05,0,0,22.05
0,0,22.05,0,0,22.05,0,0,22.05,0,0,22.05
0,0,22.05,0,0,22.05,0,0,22.05,0,0,22.05
0,0,22.05,0,0,22.05,0,0,22.05,0,0,22.05
0,0,22.05,0,0,22.05,0,0,22.05,0,0,22.05
0,0,22.05,0,0,22.05,0,0,22.05,0,0,22.05
0,0,22.05,0,0,22.05,0,0,22.05,0,0,22.05
0,0,22.05,0,0,22.05,0,0,22.05,0,0,22.05
0,0,22.05,0,0,22.05,0,0,22.05,0,0,22.05
0,0,22.05,0,0,22.05,0,0,22.05,0,0,22.05
0,0,22.05,0,0,22.05,0,0,22.05,0,0,22.05
0,0,22.05,0,0,22.05,0,0,22.05,0,0,22.05
0,0,22.05,0,0,22.05,0,0,22.05,0,0,22.05
0,0,22.05,0,0,22.05,0,0,22.05,0,0,22.05
0,0,22.05,0,0,22.05,0,0,22.05,0,0,22.05
0,0,22.05,0,0,22.05,0,0,22.05,0,0,22.05
0,0,22.05,0,0,22.05,0,0,22.05,0,0,22.05
0,0,22.05,0,0,22.05,0,0,22.05,0,0,22.05
0,0,22.05,0,0,22.05,0,0,22.05,0,0,22.05
0,0,22.05,0,0,22.05,0,0,22.05,0,0,22.05
0,0,22.05,0,0,22.05,0,0,22.05,0,0,22.05
0,0,22.05,0,0,22.05,0,0,22.05,0,0,22.05
0,0,22.05,0,0,22.05,0,0,22.05,0,0,22.05
0,0,22.05,0,0,22.05,0,0,22.05,0,0,22.05
0,0,22.05,0,0,22.05,0,0,22.05,0,0,22.05
0,0,22.05,0,0,22.05,0,0,22.05,0,0,22.05
0,0,22.05,0,0,22.05,0,0,22.05,0,0,22.05
0,0,22.05,0,0,22.05,0,0,22.05,0,0,22.05
0,0,22.05,0,0,22.05,0,0,22.05,0,0,22.05
0,0,22.05,0,0,22.05,0,0,22.05,0,0,22.05
0,0,22.05,0,0,22.05,0,0,22.05,0,0,22.05
0,0,22.05,0,0,22.05,0,0,22.05,0,0,22.05
0,0,22.05,0,0,22.05,0,0,22.05,0,0,22.05
0,0,22.05,0,0,22.05,0,0,22.05,0,0,22.05
0,0,22.05,0,0,22.05,0,0,22.05,0,0,22.05
0,0,22.05,0,0,22.05,0,0,22.05,0,0,22.05
0,0,22.05,0,0,22.05,0,0,22.05,0,0,22.05
0,0,22.05,0,0,22.05,0,0,22.05,0,0,22.05
0,0,22.05,0,0,22.05,0,0,22.05,0,0,22.05
0,0,22.05,0,0,22.05,0,0,22.05,0,0,22.05
0,0,22.05,0,0,22.05,0,0,22.05,0,0,22.05
0,0,22.05,0,0,22.05,0,0,22.05,0,0,22.05
0,0,22.05,0,0,22.05,0,0,22.05,0,0,22.05
0,0,22.05,0,0,22.05,0,0,22.05,0,0,22.05
0,0,22.05,0,0,22.05,0,0,22.05,0,0,22.05
0,0,22.05,0,0,22.05,0,0,22.05,0,0,22.05
0,0,22.05,0,0,22.05,0,0,22.05,0,0,22.05
0,0,22.05,0,0,22.05,0,0,22.05,0,0,22.05
0,0,22.05,0,0,22.05,0,0,22.05,0,0,22.05
0,0,22.05,0,0,22.05,0,0,22.05,0,0,22.05
0,0,22.05,0,0,22.05,0,0,22.05,0,0,22.05
0,0,22.05,0,0,22.05,0,0,22.05,0,0,22.05
0,0,22.05,0,0,22.05,0,0,22.05,0,0,22.05
0,0,22.05,0,0,22.05,0,0,22.05,0,0,22.05
0,0,22.05,0,0,22.05,0,0,22.05,0,0,22.05
0,0,22.05,0,0,22.05,0,0,22.05,0,0,22.05
0,0,22.05,0,0,22.05,0,0,22.05,0,0,22.05
0,0,22.05,0,0,22.05,0,0,22.05,0,0,22.05
0,0,22.05,0,0,22.05,0,0,22.05,0,0,22.05
0,0,22.05,0,0,22.05,0,0,22.05,0,0,22.05
0,0,22.05,0,0,22.05,0,0,22.05,0,0,22.05
0,0,22.05,0,0,22.05,0,0,22.05,0,0,22.05
0,0,22.05,0,0,22.05,0,0,22.05,0,0,22.05
0,0,22.05,0,0,22.05,0,0,22.05,0,0,22.05
0,0,22.05,0,0,22.05,0,0,22.05,0,0,22.05
0,0,22.05,0,0,22.05,0,0,22.05,0,0,22.05
0,0,22.05,0,0,22.05,0,0,22.05,0,0,22.05
0,0,22.05,0,0,22.05,0,0,22.05,0,0,22.05
0,0,22.05,0,0,22.05,0,0,22.05,0,0,22.05
0,0,22.05,0,0,22.05,0,0,22.05,0,0,22.05
0,0,22.05,0,0,22.05,0,0,22.05,0,0,22.05
0,0,22.05,0,0,22.05,0,0,22.05,0,0,22.05
0,0,22.05,0,0,22.05,0,0,22.05,0,0,22.05
0,0,22.05,0,0,22.05,0,0,22.05,0,0,22.05
0,0,22.05,0,0,22.05,0,0,22.05,0,0,22.05
0,0,22.05,0,0,22.05,0,0,22.05,0,0,22.05
0,0,22.05,0,0,22.05,0,0,22.05,0,0,22.05
0,0,22.05,0,0,22.05,0,0,22.05,0,0,22.05
0,0,22.05,0,0,22.05,0,0,22.05,0,0,22.05
0,0,22.05,0,0,22.05,0,0,22.05,0,0,22.05
0,0,22.05,0,0,22.05,0,0,22.05,0,0,22.05
0,0,22.05,0,0,22.05,0,0,22.05,0,0,22.05
0,0,22.05,0,0,22.05,0,0,22.05,0,0,22.05
0,0,22.05,0,0,22.05,0,0,22.05,0,0,22.05
0,0,22.05,0,0,22.05,0,0,22.05,0,0,22.05
0,0,22.05,0,0,22.05,0,0,22.05,0,0,22.05
0,0,22.05,0,0,22.05,0,0,22.05,0,0,22.05
0,0,22.05,0,0,22.05,0,0,22.05,0,0,22.05
0,0,22.05,0,0,22.05,0,0,22.05,0,0,22.05
0,0,22.05,0,0,22.05,0,0,22.05,0,0,22.05
0,0,22.05,0,0,22.05,0,0,22.05,0,0,22.05
0,0,22.05,0,0,22.05,0,0,22.05,0,0,22.05
0,0,22.05,0,0,22.05,0,0,22.05,0,0,22.05
0,0,22.05,0,0,22.05,0,0,22.05,0,0,22.05
0,0,22.05,0,0,22.05,0,0,22.05,0,0,22.05
0,0,22.05,0,0,22.05,0,0,22.05,0,0,22.05
0,0,22.05,0,0,22.05,0,0,22.05,0,0,22.05
0,0,22.05,0,0,22.05,0,0,22.05,0,0,22.05
0,0,22.05,0,0,22.05,0,0,22.05,0,0,22.05
0,0,22.05,0,0,22.05,0,0,22.05,0,0,22.05
0,0,22.05,0,0,22.05,0,0,22.05,0,0,22.05
0,0,22.05,0,0,22.05,0,0,22.05,0,0,22.05
0,0,22.05,0,0,22.05,0,0,22.05,0,0,22.05
0,0,22.05,0,0,22.05,0,0,22.05,0,0,22.05
0,0,22.05,0,0,22.05,0,0,22.05,0,0,22.05
0,0,22.05,0,0,22.05,0,0,22.05,0,0,22.05
0,0,22.05,0,0,22.05,0,0,22.05,0,0,22.05
0,0,22.05,0,0,22.05,0,0,22.05,0,0,22.05
0,0,22.05,0,0,22.05,0,0,22.05,0,0,22.05
0,0,22.05,0,0,22.05,0,0,22.05,0,0,22.05
0,0,22.05,0,0,22.05,0,0,22.05,0,0,22.05
0,0,22.05,0,0,22.05,0,0,22.05,0,0,22.05
0,0,22.05,0,0,22.05,0,0,22.05,0,0,22.05
0,0,22.05,0,0,22.05,0,0,22.05,0,0,22.05
0,0,22.05,0,0,22.05,0,0,22.05,0,0,22.05
0,0,22.05,0,0,22.05,0,0,22.05,0,0,22.05
0,0,22.05,0,0,22.05,0,0,22.05,0,0,22.05
0,0,22.05,0,0,22.05,0,0,22.05,0,0,22.05
0,0,22.05,0,0,22.05,0,0,22.05,0,0,22.05
0,0,22.05,0,0,22.05,0,0,22.05,0,0,22.05
0,0,22.05,0,0,22.05,0,0,22.05,0,0,22.05
0,0,22.05,0,0,22.05,0,0,22.05,0,0,22.05
0,0,22.05,0,0,22.05,0,0,22.05,0,0,22.05
0,0,22.05,0,0,22.05,0,0,22.05,0,0,22.05
0,0,22.05,0,0,22.05,0,0,22.05,0,0,22.05
0,0,22.05,0,0,22.05,0,0,22.05,0,0,22.05
0,0,22.05,0,0,22.05,0,0,22.05,0,0,22.05
0,0,22.05,0,0,22.05,0,0,22.05,0,0,22.05
0,0,22.05,0,0,22.05,0,0,22.05,0,0,22.05
0,0,22.05,0,0,22.05,0,0,22.05,0,0,22.05
0,0,22.05,0,0,22.05,0,0,22.05,0,0,22.05
0,0,22.05,0,0,22.05,0,0,22.05,0,0,22.05
0,0,22.05,0,0,22.05,0,0,22.05,0,0,22.05
0,0,22.05,0,0,22.05,0,0,22.05,0,0,22.05
0,0,22.05,0,0,22.05,0,0,22.05,0,0,22.05
0,0,22.05,0,0,22.05,0,0,22.05,0,0,22.05
0,0,22.05,0,0,22.05,0,0,22.05,0,0,22.05
0,0,22.05,0,0,22.05,0,0,22.05,0,0,22.05
0,0,22.05,0,0,22.05,0,0,22.05,0,0,22.05
0,0,22.05,0,0,22.05,0,0,22.05,0,0,22.05
0,0,22.05,0,0,22.05,0,0,22.05,0,0,22.05
0,0,22.05,0,0,22.05,0,0,22.05,0,0,22.05
0,0,22.05,0,0,22.05,0,0,22.05,0,0,22.05
0,0,22.05,0,0,22.05,0,0,22.05,0,0,22.05
0,0,22.05,0,0,22.05,0,0,22.05,0,0,22.05
0,0,22.05,0,0,22.05,0,0,22.05,0,0,22.05
0,0,22.05,0,0,22.05,0,0,22.05,0,0,22.05
0,0,22.05,0,0,22.05,0,0,22.05,0,0,22.05
0,0,22.05,0,0,22.05,0,0,22.05,0,0,22.05
0,0,22.05,0,0,22.05,0,0,22.05,0,0,22.05
0,0,22.05,0,0,22.05,0,0,22.05,0,0,22.05
0,0,22.05,0,0,22.05,0,0,22.05,0,0,22.05
0,0,22.05,0,0,22.05,0,0,22.05,0,0,22.05
0,0,22.05,0,0,22.05,0,0,22.05,0,0,22.05
0,0,22.05,0,0,22.05,0,0,22.05,0,0,22.05
0,0,22.05,0,0,22.05,0,0,22.05,0,0,22.05
0,0,22.05,0,0,22.05,0,0,22.05,0,0,22.05
0,0,22.05,0,0,22.05,0,0,22.05,0,0,22.05
0,0,22.05,0,0,22.05,0,0,22.05,0,0,22.05
0,0,22.05,0,0,22.05,0,0,22.05,0,0,22.05
0,0,22.05,0,0,22.05,0,0,22.05,0,0,22.05
0,0,22.05,0,0,22.05,0,0,22.05,0,0,22.05
0,0,22.05,0,0,22.05,0,0,22.05,0,0,22.05
0,0,22.05,0,0,22.05,0,0,22.05,0,0,22.05
0,0,22.05,0,0,22.05,0,0,22.05,0,0,22.05
0,0,22.05,0,0,22.05,0,0,22.05,0,0,22.05
0,0,22.05,0,0,22.05,0,0,22.05,0,0,22.05
0,0,22.05,0,0,22.05,0,0,22.05,0,0,22.05
0,0,22.05,0,0,22.05,0,0,22.05,0,0,22.05
0,0,22.05,0,0,22.05,0,0,22.05,0,0,22.05
0,0,22.05,0,0,22.05,0,0,22.05,0,0,22.05
0,0,22.05,0,0,22.05,0,0,22.05,0,0,22.05
0,0,22.05,0,0,22.05,0,0,22.05,0,0,22.05
0,0,22.05,0,0,22.05,0,0,22.05,0,0,22.05
0,0,22.05,0,0,22.05,0,0,22.05,0,0,22.05
0,0,22.05,0,0,22.05,0,0,22.05,0,0,22.05
0,0,22.05,0,0,22.05,0,0,22.05,0,0,22.05
0,0,22.05,0,0,22.05,0,0,22.05,0,0,22.05
0,0,22.05,0,0,22.05,0,0,22.05,0,0,22.05
0,0,22.05,0,0,22.05,0,0,22.05,0,0,22.05
0,0,22.05,0,0,22.05,0,0,22.05,0,0,22.05
0,0,22.05,0,0,22.05,0,0,22.05,0,0,22.05
0,0,22.05,0,0,22.05,0,0,22.05,0,0,22.05
0,0,22.05,0,0,22.05,0,0,22.05,0,0,22.05
0,0,22.05,0,0,22.05,0,0,22.05,0,0,22.05
0,0,22.05,0,0,22.05,0,0,22.05,0,0,22.05
0,0,22.05,0,0,22.05,0,0,22.05,0,0,22.05
0,0,22.05,0,0,22.05,0,0,22.05,0,0,22.05
0,0,22.05,0,0,22.05,0,0,22.05,0,0,22.05
0,0,22.05,0,0,22.05,0,0,22.05,0,0,22.05
0,0,22.05,0,0,22.05,0,0,22.05,0,0,22.05
0,0,22.05,0,0,22.05,0,0,22.05,0,0,22.05
0,0,22.05,0,0,22.05,0,0,22.05,0,0,22.05
0,0,22.05,0,0,22.05,0,0,22.05,0,0,22.05
0,0,22.05,0,0,22.05,0,0,22.05,0,0,22.05
0,0,22.05,0,0,22.05,0,0,22.05,0,0,22.05
0,0,22.05,0,0,22.05,0,0,22.05,0,0,22.05
0,0,22.05,0,0,22.05,0,0,22.05,0,0,22.05
0,0,22.05,0,0,22.05,0,0,22.05,0,0,22.05
0,0,22.05,0,0,22.05,0,0,22.05,0,0,22.05
0,0,22.05,0,0,22.05,0,0,22.05,0,0,22.05
0,0,22.05,0,0,22.05,0,0,22.05,0,0,22.05
0,0,22.05,0,0,22.05,0,0,22.05,0,0,22.05
0,0,22.05,0,0,22.05,0,0,22.05,0,0,22.05
0,0,22.05,0,0,22.05,0,0,22.05,0,0,22.05
0,0,22.05,0,0,22.05,0,0,22.05,0,0,22.05
0,0,22.05,0,0,22.05,0,0,22.05,0,0,22.05
0,0,22.05,0,0,22.05,0,0,22.05,0,0,22.05
0,0,22.05,0,0,22.05,0,0,22.05,0,0,22.05
0,0,22.05,0,0,22.05,0,0,22.05,0,0,22.05
0,0,22.05,0,0,22.05,0,0,22.05,0,0,22.05
0,0,22.05,0,0,22.05,0,0,22.05,0,0,22.05
0,0,22.05,0,0,22.05,0,0,22.05,0,0,22.05
0,0,22.05,0,0,22.05,0,0,22.05,0,0,22.05
0,0,22.05,0,0,22.05,0,0,22.05,0,0,22.05
0,0,22.05,0,0,22.05,0,0,22.05,0,0,22.05
0,0,22.05,0,0,22.05,0,0,22.05,0,0,22.05
0,0,22.05,0,0,22.05,0,0,22.05,0,0,22.05
0,0,22.05,0,0,22.05,0,0,22.05,0,0,22.05
0,0,22.05,0,0,22.05,0,0,22.05,0,0,22.05
0,0,22.05,0,0,22.05,0,0,22.05,0,0,22.05
0,0,22.05,0,0,22.05,0,0,22.05,0,0,22.05
0,0,22.05,0,0,22.05,0,0,22.05,0,0,22.05
0,0,22.05,0,0,22.05,0,0,22.05,0,0,22.05
0,0,22.05,0,0,22.05,0,0,22.05,0,0,22.05
0,0,22.05,0,0,22.05,0,0,22.05,0,0,22.05
0,0,22.05,0,0,22.05,0,0,22.05,0,0,22.05
0,0,22.05,0,0,22.05,0,0,22.05,0,0,22.05
0,0,22.05,0,0,22.05,0,0,22.05,0,0,22.05
0,0,22.05,0,0,22.05,0,0,22.05,0,0,22.05
0,0,22.05,0,0,22.05,0,0,22.05,0,0,22.05
0,0,22.05,0,0,22.05,0,0,22.05,0,0,22.05
0,0,22.05,0,0,22.05,0,0,22.05,0,0,22.05
0,0,22.05,0,0,22.05,0,0,22.05,0,0,22.05
0,0,22.05,0,0,22.05,0,0,22.05,0,0,22.05
0,0,22.05,0,0,22.05,0,0,22.05,0,0,22.05
0,0,22.05,0,0,22.05,0,0,22.05,0,0,22.05
0,0,22.05,0,0,22.05,0,0,22.05,0,0,22.05
0,0,22.05,0,0,22.05,0,0,22.05,0,0,22.05
0,0,22.05,0,0,22.05,0,0,22.05,0,0,22.05
0,0,22.05,0,0,22.05,0,0,22.05,0,0,22.05
0,0,22.05,0,0,22.05,0,0,22.05,0,0,22.05
0,0,22.05,0,0,22.05,0,0,22.05,0,0,22.05
0,0,22.05,0,0,22.05,0,0,22.05,0,0,22.05
0,0,22.05,0,0,22.05,0,0,22.05,0,0,22.05
0,0,22.05,0,0,22.05,0,0,22.05,0,0,22.05
0,0,22.05,0,0,22.05,0,0,22.05,0,0,22.05
0,0,22.05,0,0,22.05,0,0,22.05,0,0,22.05
0,0,22.05,0,0,22.05,0,0,22.05,0,0,22.05
0,0,22.05,0,0,22.05,0,0,22.05,0,0,22.05
0,0,22.05,0,0,22.05,0,0,22.05,0,0,22.05
0,0,22.05,0,0,22.05,0,0,22.05,0,0,22.05
0,0,22.05,0,0,22.05,0,0,22.05,0,0,22.05
0,0,22.05,0,0,22.05,0,0,22.05,0,0,22.05
0,0,22.05,0,0,22.05,0,0,22.05,0,0,22.05
0,0,22.05,0,0,22.05,0,0,22.05,0,0,22.05
0,0,22.05,0,0,22.05,0,0,22.05,0,0,22.05
0,0,22.05,0,0,22.05,0,0,22.05,0,0,22.05
0,0,22.05,0,0,22.05,0,0,22.05,0,0,22.05
0,0,22.05,0,0,22.05,0,0,22.05,0,0,22.05
0,0,22.05,0,0,22.05,0,0,22.05,0,0,22.05
0,0,22.05,0,0,22.05,0,0,22.05,0,0,22.05
0,0,22.05,0,0,22.05,0,0,22.05,0,0,22.05
0,0,22.05,0,0,22.05,0,0,22.05,0,0,22.05
0,0,22.05,0,0,22.05,0,0,22.05,0,0,22.05
0,0,22.05,0,0,22.05,0,0,22.05,0,0,22.05
0,0,22.05,0,0,22.05,0,0,22.05,0,0,22.05
0,0,22.05,0,0,22.05,0,0,22.05,0,0,22.05
0,0,22.05,0,0,22.05,0,0,22.05,0,0,22.05
0,0,22.05,0,0,22.05,0,0,22.05,0,0,22.05
0,0,22.05,0,0,22.05,0,0,22.05,0,0,22.05
0,0,22.05,0,0,22.05,0,0,22.05,0,0,22.05
0,0,22.05,0,0,22.05,0,0,22.05,0,0,22.05
0,0,22.05,0,0,22.05,0,0,22.05,0,0,22.05
0,0,22.05,0,0,22.05,0,0,22.05,0,0,22.05
0,0,22.05,0,0,22.05,0,0,22.05,0,0,22.05
0,0,22.05,0,0,22.05,0,0,22.05,0,0,22.05
0,0,22.05,0,0,22.05,0,0,22.05,0,0,22.05
0,0,22.05,0,0,22.05,0,0,22.05,0,0,22.05
0,0,22.05,0,0,22.05,0,0,22.05,0,0,22.05
0,0,22.05,0,0,22.05,0,0,22.05,0,0,22.05
0,0,22.05,0,0,22.05,0,0,22.05,0,0,22.05
0,0,22.05,0,0,22.05,0,0,22.05,0,0,22.05
0,0,22.05,0,0,22.05,0,0,22.05,0,0,22.05
0,0,22.05,0,0,22.05,0,0,22.05,0,0,22.05
0,0,22.05,0,0,22.05,0,0,22.05,0,0,22.05
0,0,22.05,0,0,22.05,0,0,22.05,0,0,22.05
0,0,22.05,0,0,22.05,0,0,22.05,0,0,22.05
0,0,22.05,0,0,22.05,0,0,22.05,0,0,22.05
0,0,22.05,0,0,22.05,0,0,22.05,0,0,22.05
0,0,22.05,0,0,22.05,0,0,22.05,0,0,22.05
0,0,22.05,0,0,22.05,0,0,22.05,0,0,22.05
0,0,22.05,0,0,22.05,0,0,22.05,0,0,22.05
0,0,22.05,0,0,22.05,0,0,22.05,0,0,22.05
0,0,22.05,0,0,22.05,0,0,22.05,0,0,22.05
0,0,22.05,0,0,22.05,0,0,22.05,0,0,22.05
0,0,22.05,0,0,22.05,0,0,22.05,0,0,22.05
0,0,22.05,0,0,22.05,0,0,22.05,0,0,22.05
0,0,22.05,0,0,22.05,0,0,22.05,0,0,22.05
0,0,22.05,0,0,22.05,0,0,22.05,0,0,22.05
0,0,22.05,0,0,22.05,0,0,22.05,0,0,22.05
0,0,22.05,0,0,22.05,0,0,22.05,0,0,22.05
0,0,22.05,0,0,22.05,0,0,22.05,0,0,22.05
0,0,22.05,0,0,22.05,0,0,22.05,0,0,22.05
0,0,22.05,0,0,22.05,0,0,22.05,0,0,22.05
0,0,22.05,0,0,22.05,0,0,22.05,0,0,22.05
0,0,22.05,0,0,22.05,0,0,22.05,0,0,22.05
0,0,22.05,0,0,22.05,0,0,22.05,0,0,22.05
0,0,22.05,0,0,22.05,0,0,22.05,0,0,22.05
0,0,22.05,0,0,22.05,0,0,22.05,0,0,22.05
0,0,22.05,0,0,22.05,0,0,22.05,0,0,22.05
0,0,22.05,0,0,22.05,0,0,22.05,0,0,22.05
0,0,22.05,0,0,22.05,0,0,22.05,0,0,22.05
0,0,22.05,0,0,22.05,0,0,22.05,0,0,22.05
0,0,22.05,0,0,22.05,0,0,22.05,0,0,22.05
0,0,22.05,0,0,22.05,0,0,22.05,0,0,22.05
0,0,22.05,0,0,22.05,0,0,22.05,0,0,22.05
0,0,22.05,0,0,22.05,0,0,22.05,0,0,22.05
0,0,22.05,0,0,22.05,0,0,22.05,0,0,22.05
0,0,22.05,0,0,22.05,0,0,22.05,0,0,22.05
0,0,22.05,0,0,22.05,0,0,22.05,0,0,22.05
0,0,22.05,0,0,22.05,0,0,22.05,0,0,22.05
0,0,22.05,0,0,22.05,0,0,22.05,0,0,22.05
0,0,22.05,0,0,22.05,0,0,22.05,0,0,22.05
0,0,22.05,0,0,22.05,0,0,22.05,0,0,22.05
0,0,22.05,0,0,22.05,0,0,22.05,0,0,22.05
0,0,22.05,0,0,22.05,0,0,22.05,0,0,22.05
0,0,22.05,0,0,22.05,0,0,22.05,0,0,22.05
0,0,22.05,0,0,22.05,0,0,22.05,0,0,22.05
0,0,22.05,0,0,22.05,0,0,22.05,0,0,22.05
0,0,22.05,0,0,22.05,0,0,22.05,0,0,22.05
0,0,22.05,0,0,22.05,0,0,22.05,0,0,22.05
0,0,22.05,0,0,22.05,0,0,22.05,0,0,22.05
0,0,22.05,0,0,22.05,0,0,22.05,0,0,22.05
0,0,22.05,0,0,22.05,0,0,22.05,0,0,22.05
0,0,22.05,0,0,22.05,0,0,22.05,0,0,22.05
0,0,22.05,0,0,22.05,0,0,22.05,0,0,22.05
0,0,22.05,0,0,22.05,0,0,22.05,0,0,22.05
0,0,22.05,0,0,22.05,0,0,22.05,0,0,22.05
0,0,22.05,0,0,22.05,0,0,22.05,0,0,22.05
0,0,22.05,0,0,22.05,0,0,22.05,0,0,22.05
0,0,22.05,0,0,22.05,0,0,22.05,0,0,22.05
0,0,22.05,0,0,22.05,0,0,22.05,0,0,22.05
0,0,22.05,0,0,22.05,0,0,22.05,0,0,22.05
0,0,22.05,0,0,22.05,0,0,22.05,0,0,22.05
0,0,22.05,0,0,22.05,0,0,22.05,0,0,22.05
0,0,22.05,0,0,22.05,0,0,22.05,0,0,22.05
0,0,22.05,0,0,22.05,0,0,22.05,0,0,22.05
0,0,22.05,0,0,22.05,0,0,22.05,0,0,22.05
0,0,22.05,0,0,22.05,0,0,22.05,0,0,22.05
0,0,22.05,0,0,22.05,0,0,22.05,0,0,22.05
0,0,22.05,0,0,22.05,0,0,22.05,0,0,22.05
0,0,22.05,0,0,22.05,0,0,22.05,0,0,22.05
0,0,22.05,0,0,22.05,0,0,22.05,0,0,22.05
0,0,22.05,0,0,22.05,0,0,22.05,0,0,22.05
0,0,22.05,0,0,22.05,0,0,22.05,0,0,22.05
0,0,22.05,0,0,22.05,0,0,22.05,0,0,22.05
0,0,22.05,0,0,22.05,0,0,22.05,0,0,22.05
0,0,22.05,0,0,22.05,0,0,22.05,0,0,22.05
0,0,22.05,0,0,22.05,0,0,22.05,0,0,22.05
0,0,22.05,0,0,22.05,0,0,22.05,0,0,22.05
0,0,22.05,0,0,22.05,0,0,22.05,0,0,22.05
0,0,22.05,0,0,22.05,0,0,22.05,0,0,22.05
0,0,22.05,0,0,22.05,0,0,22.05,0,0,22.05
0,0,22.05,0,0,22.05,0,0,22.05,0,0,22.05
0,0,22.05,0,0,22.05,0,0,22.05,0,0,22.05
0,0,22.05,0,0,22.05,0,0,22.05,0,0,22.05
0,0,22.05,0,0,22.05,0,0,22.05,0,0,22.05
0,0,22.05,0,0,22.05,0,0,22.05,0,0,22.05
0,0,22.05,0,0,22.05,0,0,22.05,0,0,22.05
0,0,22.05,0,0,22.05,0,0,22.05,0,0,22.05
0,0,22.05,0,0,22.05,0,0,22.05,0,0,22.05
0,0,22.05,0,0,22.05,0,0,22.05,0,0,22.05
0,0,22.05,0,0,22.05,0,0,22.05,0,0,22.05
0,0,22.05,0,0,22.05,0,0,22.05,0,0,22.05
0,0,22.05,0,0,22.05,0,0,22.05,0,0,22.05
0,0,22.05,0,0,22.05,0,0,22.05,0,0,22.05
0,0,22.05,0,0,22.05,0,0,22.05,0,0,22.05
0,0,22.05,0,0,22.05,0,0,22.05,0,0,22.05
0,0,22.05,0,0,22.05,0,0,22.05,0,0,22.05
0,0,22.05,0,0,22.05,0,0,22.05,0,0,22.05
0,0,22.05,0,0,22.05,0,0,22.05,0,0,22.05
0,0,22.05,0,0,22.05,0,0,22.05,0,0,22.05
0,0,22.05,0,0,22.05,0,0,22.05,0,0,22.05
0,0,22.05,0,0,22.05,0,0,22.05,0,0,22.05
0,0,22.05,0,0,22.05,0,0,22.05,0,0,22.05
0,0,22.05,0,0,22.05,0,0,22.05,0,0,22.05
0,0,22.05,0,0,22.05,0,0,22.05,0,0,22.05
0,0,22.05,0,0,22.05,0,0,22.05,0,0,22.05
0,0,22.05,0,0,22.05,0,0,22.05,0,0,22.05
0,0,22.05,0,0,22.05,0,0,22.05,0,0,22.05
0,0,22.05,0,0,22.05,0,0,22.05,0,0,22.05
0,0,22.05,0,0,22.05,0,0,22.05,0,0,22.05
0,0,22.05,0,0,22.05,0,0,22.05,0,0,22.05
0,0,22.05,0,0,22.05,0,0,22.05,0,0,22.05
0,0,22.05,0,0,22.05,0,0,22.05,0,0,22.05
0,0,22.05,0,0,22.05,0,0,22.05,0,0,22.05
0,0,22.05,0,0,22.05,0,0,22.05,0,0,22.05
0,0,22.05,0,0,22.05,0,0,22.05,0,0,22.05
0,0,22.05,0,0,22.05,0,0,22.05,0,0,22.05
0,0,22.05,0,0,22.05,0,0,22.05,0,0,22.05
0,0,22.05,0,0,22.05,0,0,22.05,0,0,22.05
0,0,22.05,0,0,22.05,0,0,22.05,0,0,22.05
0,0,22.05,0,0,22.05,0,0,22.05,0,0,22.05
0,0,22.05,0,0,22.05,0,0,22.05,0,0,22.05
0,0,22.05,0,0,22.05,0,0,22.05,0,0,22.05
0,0,22.05,0,0,22.05,0,0,22.05,0,0,22.05
0,0,22.05,0,0,22.05,0,0,22.05,0,0,22.05
0,0,22.05,0,0,22.05,0,0,22.05,0,0,22.05
0,0,22.05,0,0,22.05,0,0,22.05,0,0,22.05
0,0,22.05,0,0,22.05,0,0,22.05,0,0,22.05
0,0,22.05,0,0,22.05,0,0,22.05,0,0,22.05
0,0,22.05,0,0,22.05,0,0,22.05,0,0,22.05
0,0,22.05,0,0,22.05,0,0,22.05,0,0,22.05
0,0,22.05,0,0,22.05,0,0,22.05,0,0,22.05
0,0,22.05,0,0,22.05,0,0,22.05,0,0,22.05
0,0,22.05,0,0,22.05,0,0,22.05,0,0,22.05
0,0,22.05,0,0,22.05,0,0,22.05,0,0,22.05
0,0,22.05,0,0,22.05,0,0,22.05,0,0,22.05
0,0,22.05,0,0,22.05,0,0,22.05,0,0,22.05
0,0,22.05,0,0,22.05,0,0,22.05,0,0,22.05
0,0,22.05,0,0,22.05,0,0,22.05,0,0,22.05
0,0,22.05,0,0,22.05,0,0,22.05,0,0,22.05
0,0,22.05,0,0,22.05,0,0,22.05,0,0,22.05
0,0,22.05,0,0,22.05,0,0,22.05,0,0,22.05
0,0,22.05,0,0,22.05,0,0,22.05,0,0,22.05
0,0,22.05,0,0,22.05,0,0,22.05,0,0,22.05
0,0,22.05,0,0,22.05,0,0,22.05,0,0,22.05
0,0,22.05,0,0,22.05,0,0,22.05,0,0,22.05
0,0,22.05,0,0,22.05,0,0,22.05,0,0,22.05
0,0,22.05,0,0,22.05,0,0,22.05,0,0,22.05
0,0,22.05,0,0,22.05,0,0,22.05,0,0,22.05
0,0,22.05,0,0,22.05,0,0,22.05,0,0,22.05
0,0,22.05,0,0,22.05,0,0,22.05,0,0,22.05
0,0,22.05,0,0,22.05,0,0,22.05,0,0,22.05
0,0,22.05,0,0,22.05,0,0,22.05,0,0,22.05
0,0,22.05,0,0,22.05,0,0,22.05,0,0,22.05
0,0,22.05,0,0,22.05,0,0,22.05,0,0,22.05
0,0,22.05,0,0,22.05,0,0,22.05,0,0,22.05
0,0,22.05,0,0,22.05,0,0,22.05,0,0,22.05
0,0,22.05,0,0,22.05,0,0,22.05,0,0,22.05
0,0,22.05,0,0,22.05,0,0,22.05,0,0,22.05
0,0,22.05,0,0,22.05,0,0,22.05,0,0,22.05
0,0,22.05,0,0,22.05,0,0,22.05,0,0,22.05
0,0,22.05,0,0,22.05,0,0,22.05,0,0,22.05
0,0,22.05,0,0,22.05,0,0,22.05,0,0,22.05
0,0,22.05,0,0,22.05,0,0,22.05,0,0,22.05
0,0,22.05,0,0,22.05,0,0,22.05,0,0,22.05
0,0,22.05,0,0,22.05,0,0,22.05,0,0,22.05
0,0,22.05,0,0,22.05,0,0,22.05,0,0,22.05
0,0,22.05,0,0,22.05,0,0,22.05,0,0,22.05
0,0,22.05,0,0,22.05,0,0,22.05,0,0,22.05
0,0,22.05,0,0,22.05,0,0,22.05,0,0,22.05
0,0,22.05,0,0,22.05,0,0,22.05,0,0,22.05
0,0,22.05,0,0,22.05,0,0,22.05,0,0,22.05
0,0,22.05,0,0,22.05,0,0,22.05,0,0,22.05
0,0,22.05,0,0,22.05,0,0,22.05,0,0,22.05
0,0,22.05,0,0,22.05,0,0,22.05,0,0,22.05
0,0,22.05,0,0,22.05,0,0,22.05,0,0,22.05
0,0,22.05,0,0,22.05,0,0,22.05,0,0,22.05
0,0,22.05,0,0,22.05,0,0,22.05,0,0,22.05
0,0,22.05,0,0,22.05,0,0,22.05,0,0,22.05
0,0,22.05,0,0,22.05,0,0,22.05,0,0,22.05
0,0,22.05,0,0,22.05,0,0,22.05,0,0,22.05
0,0,22.05,0,0,22.05,0,0,22.05,0,0,22.05
0,0,22.05,0,0,22.05,0,0,22.05,0,0,22.05
0,0,22.05,0,0,22.05,0,0,22.05,0,0,22.05
0,0,22.05,0,0,22.05,0,0,22.05,0,0,22.05
0,0,22.05,0,0,22.05,0,0,22.05,0,0,22.05
0,0,22.05,0,0,22.05,0,0,22.05,0,0,22.05
0,0,22.05,0,0,22.05,0,0,22.05,0,0,22.05
0,0,22.05,0,0,22.05,0,0,22.05,0,0,22.05
0,0,22.05,0,0,22.05,0,0,22.05,0,0,22.05
0,0,22.05,0,0,22.05,0,0,22.05,0,0,22.05
0,0,22.05,0,0,22.05,0,0,22.05,0,0,22.05
0,0,22.05,0,0,22.05,0,0,22.05,0,0,22.05
0,0,22.05,0,0,22.05,0,0,22.05,0,0,22.05
0,0,22.05,0,0,22.05,0,0,22.05,0,0,22.05
0,0,22.05,0,0,22.05,0,0,22.05,0,0,22.05
0,0,22.05,0,0,22.05,0,0,22.05,0,0,22.05
0,0,22.05,0,0,22.05,0,0,22.05,0,0,22.05
0,0,22.05,0,0,22.05,0,0,22.05,0,0,22.05
0,0,22.05,0,0,22.05,0,0,22.05,0,0,22.05
0,0,22.05,0,0,22.05,0,0,22.05,0,0,22.05
0,0,22.05,0,0,22.05,0,0,22.05,0,0,22.05
0,0,22.05,0,0,22.05,0,0,22.05,0,0,22.05
0,0,22.05,0,0,22.05,0,0,22.05,0,0,22.05
0,0,22.05,0,0,22.05,0,0,22.05,0,0,22.05
0,0,22.05,0,0,22.05,0,0,22.05,0,0,22.05
0,0,22.05,0,0,22.05,0,0,22.05,0,0,22.05
0,0,22.05,0,0,22.05,0,0,22.05,0,0,22.05
0,0,22.05,0,0,22.05,0,0,22.05,0,0,22.05
0,0,22.05,0,0,22.05,0,0,22.05,0,0,22.05
0,0,22.05,0,0,22.05,0,0,22.05,0,0,22.05
0,0,22.05,0,0,22.05,0,0,22.05,0,0,22.05
0,0,22.05,0,0,22.05,0,0,22.05,0,0,22.05
0,0,22.05,0,0,22.05,0,0,22.05,0,0,22.05
0,0,22.05,0,0,22.05,0,0,22.05,0,0,22.05
0,0,22.05,0,0,22.05,0,0,22.05,0,0,22.05
0,0,22.05,0,0,22.05,0,0,22.05,0,0,22.05
0,0,22.05,0,0,22.05,0,0,22.05,0,0,22.05
0,0,22.05,0,0,22.05,0,0,22.05,0,0,22.05
0,0,22.05,0,0,22.05,0,0,22.05,0,0,22.05
0,0,22.05,0,0,22.05,0,0,22.05,0,0,22.05
0,0,22.05,0,0,22.05,0,0,22.05,0,0,22.05
0,0,22.05,0,0,22.05,0,0,22.05,0,0,22.05
0,0,22.05,0,0,22.05,0,0,22.05,0,0,22.05
0,0,22.05,0,0,22.05,0,0,22.05,0,0,22.05
0,0,22.05,0,0,22.05,0,0,22.05,0,0,22.05
0,0,22.05,0,0,22.05,0,0,22.05,0,0,22.05
0,0,22.05,0,0,22.05,0,0,22.05,0,0,22.05
0,0,22.05,0,0,22.05,0,0,22.05,0,0,22.05
0,0,22.05,0,0,22.05,0,0,22.05,0,0,22.05
0,0,22.05,0,0,22.05,0,0,22.05,0,0,22.05
0,0,22.05,0,0,22.05,0,0,22.05,0,0,22.05
0,0,22.05,0,0,22.05,0,0,22.05,0,0,22.05
0,0,22.05,0,0,22.05,0,0,22.05,0,0,22.05
0,0,22.05,0,0,22.05,0,0,22.05,0,0,22.05
0,0,22.05,0,0,22.05,0,0,22.05,0,0,22.05
0,0,22.05,0,0,22.05,0,0,22.05,0,0,22.05
0,0,22.05,0,0,22.05,0,0,22.05,0,0,22.05
0,0,22.05,0,0,22.05,0,0,22.05,0,0,22.05
0,0,22.05,0,0,22.05,0,0,22.05,0,0,22.05
0,0,22.05,0,0,22.05,0,0,22.05,0,0,22.05
0,0,22.05,0,0,22.05,0,0,22.05,0,0,22.05
0,0,22.05,0,0,22.05,0,0,22.05,0,0,22.05
0,0,22.05,0,0,22.05,0,0,22.05,0,0,22.05
0,0,22.05,0,0,22.05,0,0,22.05,0,0,22.05
0,0,22.05,0,0,22.05,0,0,22.05,0,0,22.05
0,0,22.05,0,0,22.05,0,0,22.05,0,0,22.05
0,0,22.05,0,0,22.05,0,0,22.05,0,0,22.05
0,0,22.05,0,0,22.05,0,0,22.05,0,0,22.05
0,0,22.05,0,0,22.05,0,0,22.05,0,0,22.05
0,0,22.05,0,0,22.05,0,0,22.05,0,0,22.05
0,0,22.05,0,0,22.05,0,0,22.05,0,0,22.05
0,0,22.05,0,0,22.05,0,0,22.05,0,0,22.05
0,0,22.05,0,0,22.05,0,0,22.05,0,0,22.05
0,0,22.05,0,0,22.05,0,0,22.05,0,0,22.05
0,0,22.05,0,0,22.05,0,0,22.05,0,0,22.05
0,0,22.05,0,0,22.05,0,0,22.05,0,0,22.05
0,0,22.05,0,0,22.05,0,0,22.05,0,0,22.05
0,0,22.05,0,0,22.05,0,0,22.05,0,0,22.05
0,0,22.05,0,0,22.05,0,0,22.05,0,0,22.05
0,0,22.05,0,0,22.05,0,0,22.05,0,0,22.05
0,0,22.05,0,0,22.05,0,0,22.05,0,0,22.05
0,0,22.05,0,0,22.05,0,0,22.05,0,0,22.05
0,0,22.05,0,0,22.05,0,0,22.05,0,0,22.05
0,0,22.05,0,0,22.05,0,0,22.05,0,0,22.05
0,0,22.05,0,0,22.05,0,0,22.05,0,0,22.05
0,0,22.05,0,0,22.05,0,0,22.05,0,0,22.05
0,0,22.05,0,0,22.05,0,0,22.05,0,0,22.05
0,0,22.05,0,0,22.05,0,0,22.05,0,0,22.05
0,0,22.05,0,0,22.05,0,0,22.05,0,0,22.05
0,0,22.05,0,0,22.05,0,0,22.05,0,0,22.05
0,0,22.05,0,0,22.05,0,0,22.05,0,0,22.05
0,0,22.05,0,0,22.05,0,0,22.05,0,0,22.05
0,0,22.05,0,0,22.05,0,0,22.05,0,0,22.05
0,0,22.05,0,0,22.05,0,0,22.05,0,0,22.05
0,0,22.05,0,0,22.05,0,0,22.05,0,0,22.05
0,0,22.05,0,0,22.05,0,0,22.05,0,0,22.05
0,0,22.05,0,0,22.05,0,0,22.05,0,0,22.05
0,0,22.05,0,0,22.05,0,0,22.05,0,0,22.05
0,0,22.05,0,0,22.05,0,0,22.05,0,0,22.05
0,0,22.05,0,0,22.05,0,0,22.05,0,0,22.05
0,0,22.05,0,0,22.05,0,0,22.05,0,0,22.05
0,0,22.05,0,0,22.05,0,0,22.05,0,0,22.05
0,0,22.05,0,0,22.05,0,0,22.05,0,0,22.05
0,0,22.05,0,0,22.05,0,0,22.05,0,0,22.05
0,0,22.05,0,0,22.05,0,0,22.05,0,0,22.05
0,0,22.05,0,0,22.05,0,0,22.05,0,0,22.05
0,0,22.05,0,0,22.05,0,0,22.05,0,0,22.05
0,0,22.05,0,0,22.05,0,0,22.05,0,0,22.05
0,0,22.05,0,0,22.05,0,0,22.05,0,0,22.05
0,0,22.05,0,0,22.05,0,0,22.05,0,0,22.05
0,0,22.05,0,0,22.05,0,0,22.05,0,0,22.05
0,0,22.05,0,0,22.05,0,0,22.05,0,0,22.05
0,0,22.05,0,0,22.05,0,0,22.05,0,0,22.05
0,0,22.05,0,0,22.05,0,0,22.05,0,0,22.05
0,0,22.05,0,0,22.05,0,0,22.05,0,0,22.05
0,0,22.05,0,0,22.05,0,0,22.05,0,0,22.05
0,0,22.05,0,0,22.05,0,0,22.05,0,0,22.05
0,0,22.05,0,0,22.05,0,0,22.05,0,0,22.05
0,0,22.05,0,0,22.05,0,0,22.05,0,0,22.05
0,0,22.05,0,0,22.05,0,0,22.05,0,0,22.05
0,0,22.05,0,0,22.05,0,0,22.05,0,0,22.05
0,0,22.05,0,0,22.05,0,0,22.05,0,0,22.05
0,0,22.05,0,0,22.05,0,0,22.05,0,0,22.05
0,0,22.05,0,0,22.05,0,0,22.05,0,0,22.05
0,0,22.05,0,0,22.05,0,0,22.05,0,0,22.05
0,0,22.05,0,0,22.05,0,0,22.05,0,0,22.05
0,0,22.05,0,0,22.05,0,0,22.05,0,0,22.05
0,0,22.05,0,0,22.05,0,0,22.05,0,0,22.05
0,0,22.05,0,0,22.05,0,0,22.05,0,0,22.05
0,0,22.05,0,0,22.05,0,0,22.05,0,0,22.05
0,0,22.05,0,0,22.05,0,0,22.05,0,0,22.05
0,0,22.05,0,0,22.05,0,0,22.05,0,0,22.05
0,0,22.05,0,0,22.05,0,0,22.05,0,0,22.05
0,0,22.05,0,0,22.05,0,0,22.05,0,0,22.05
0,0,22.05,0,0,22.05,0,0,22.05,0,0,22.05
0,0,22.05,0,0,22.05,0,0,22.05,0,0,22.05
0,0,22.05,0,0,22.05,0,0,22.05,0,0,22.05
0,0,22.05,0,0,22.05,0,0,22.05,0,0,22.05
0,0,22.05,0,0,22.05,0,0,22.05,0,0,22.05
0,0,22.05,0,0,22.05,0,0,22.05,0,0,22.05
0,0,22.05,0,0,22.05,0,0,22.05,0,0,22.05
0,0,22.05,0,0,22.05,0,0,22.05,0,0,22.05
0,0,22.05,0,0,22.05,0,0,22.05,0,0,22.05
0,0,22.05,0,0,22.05,0,0,22.05,0,0,22.05
0,0,22.05,0,0,22.05,0,0,22.05,0,0,22.05
0,0,22.05,0,0,22.05,0,0,22.05,0,0,22.05
0,0,22.05,0,0,22.05,0,0,22.05,0,0,22.05
0,0,22.05,0,0,22.05,0,0,22.05,0,0,22.05
0,0,22.05,0,0,22.05,0,0,22.05,0,0,22.05
0,0,22.05,0,0,22.05,0,0,22.05,0,0,22.05
0,0,22.05,0,0,22.05,0,0,22.05,0,0,22.05
0,0,22.05,0,0,22.05,0,0,22.05,0,0,22.05
0,0,22.05,0,0,22.05,0,0,22.05,0,0,22.05
0,0,22.05,0,0,22.05,0,0,22.05,0,0,22.05
0,0,22.05,0,0,22.05,0,0,22.05,0,0,22.05
0,0,22.05,0,0,22.05,0,0,22.05,0,0,22.05
0,0,22.05,0,0,22.05,0,0,22.05,0,0,22.05
0,0,22.05,0,0,22.05,0,0,22.05,0,0,22.05
0,0,22.05,0,0,22.05,0,0,22.05,0,0,22.05
0,0,22.05,0,0,22.05,0,0,22.05,0,0,22.05
0,0,22.05,0,0,22.05,0,0,22.05,0,0,22.05
0,0,22.05,0,0,22.05,0,0,22.05,0,0,22.05
0,0,22.05,0,0,22.05,0,0,22.05,0,0,22.05
0,0,22.05,0,0,22.05,0,0,22.05,0,0,22.05
0,0,22.05,0,0,22.05,0,0,22.05,0,0,22.05
0,0,22.05,0,0,22.05,0,0,22.05,0,0,22.05
0,0,22.05,0,0,22.05,0,0,22.05,0,0,22.05
0,0,22.05,0,0,22.05,0,0,22.05,0,0,22.05
0,0,22.05,0,0,22.05,0,0,22.05,0,0,22.05
0,0,22.05,0,0,22.05,0,0,22.05,0,0,22.05
0,0,22.05,0,0,22.05,0,0,22.05,0,0,22.05
0,0,22.05,0,0,22.05,0,0,22.05,0,0,22.05
0,0,22.05,0,0,22.05,0,0,22.05,0,0,22.05
0,0,22.05,0,0,22.05,0,0,22.05,0,0,22.05
0,0,22.05,0,0,22.05,0,0,22.05,0,0,22.05
0,0,22.05,0,0,22.05,0,0,22.05,0,0,22.05
0,0,22.05,0,0,22.05,0,0,22.05,0,0,22.05
0,0,22.05,0,0,22.05,0,0,22.05,0,0,22.05
0,0,22.05,0,0,22.05,0,0,22.05,0,0,22.05
0,0,22.05,0,0,22.05,0,0,22.05,0,0,22.05
0,0,22.05,0,0,22.05,0,0,22.05,0,0,22.05
0,0,22.05,0,0,22.05,0,0,22.05,0,0,22.05
0,0,22.05,0,0,22.05,0,0,22.05,0,0,22.05
0,0,22.05,0,0,22.05,0,0,22.05,0,0,22.05
0,0,22.05,0,0,22.05,0,0,22.05,0,0,22.05
0,0,22.05,0,0,22.05,0,0,22.05,0,0,22.05
0,0,22.05,0,0,22.05,0,0,22.05,0,0,22.05
0,0,22.05,0,0,22.05,0,0,22.05,0,0,22.05
0,0,22.05,0,0,22.05,0,0,22.05,0,0,22.05
0,0,22.05,0,0,22.05,0,0,22.05,0,0,22.05
0,0,22.05,0,0,22.05,0,0,22.05,0,0,22.05
0,0,22.05,0,0,22.05,0,0,22.05,0,0,22.05
0,0,22.05,0,0,22.05,0,0,22.05,0,0,22.05
0,0,22.05,0,0,22.05,0,0,22.05,0,0,22.05
0,0,22.05,0,0,22.05,0,0,22.05,0,0,22.05
0,0,22.05,0,0,22.05,0,0,22.05,0,0,22.05
0,0,22.05,0,0,22.05,0,0,22.05,0,0,22.05
0,0,22.05,0,0,22.05,0,0,22.05,0,0,22.05
0,0,22.05,0,0,22.05,0,0,22.05,0,0,22.05
0,0,22.05,0,0,22.05,0,0,22.05,0,0,22.05
0,0,22.05,0,0,22.05,0,0,22.05,0,0,22.05
0,0,22.05,0,0,22.05,0,0,22.05,0,0,22.05
0,0,22.05,0,0,22.05,0,0,22.05,0,0,22.05
0,0,22.05,0,0,22.05,0,0,22.05,0,0,22.05
0,0,22.05,0,0,22.05,0,0,22.05,0,0,22.05
0,0,22.05,0,0,22.05,0,0,22.05,0,0,22.05
0,0,22.05,0,0,22.05,0,0,22.05,0,0,22.05
0,0,22.05,0,0,22.05,0,0,22.05,0,0,22.05
0,0,22.05,0,0,22.05,0,0,22.05,0,0,22.05
0,0,22.05,0,0,22.05,0,0,22.05,0,0,22.05
