0,0,0,0,0,0,0.26,0,0,0,0,0,0,0.19,-0.11,-0.26,0.19,0.11,-0.26,-0.19,-0.11,-0.26,-0.19,0.11,-0.26
0,-0,-0,0,0.0002,0,0.2603,0.0038,-0.0026,-0.0053,0.0424,0.0046,0.0534,0.1898,-0.11,-0.2603,0.1898,0.11,-0.2603,-0.1902,-0.11,-0.2603,-0.1902,0.11,-0.2603
0,-0.0001,-0.0001,0.0001,0.0008,0.0001,0.261,0.0068,-0.0047,-0.0095,0.0826,0.0076,0.0979,0.1898,-0.11,-0.2603,0.1898,0.11,-0.2603,-0.1902,-0.11,-0.2603,-0.1902,0.11,-0.2603
1,-0.0001,-0.0001,0.0001,0.0008,0.0001,0.261,0.0068,-0.0047,-0.0095,0.0826,0.0076,0.0979,0.1892,-0.1101,-0.261,-0.079,0.8022,-1.7762,0.0943,0.8644,-1.7878,-0.1908,0.1099,-0.261
1,-0.0002,-0.0001,0.0002,0.0019,0.0002,0.2622,0.0089,-0.0063,-0.0124,0.1205,0.0091,0.1333,0.1881,-0.1102,-0.2622,-0.0836,0.7959,-1.82,0.0952,0.863,-1.8326,-0.1919,0.1098,-0.2622
1,-0.0003,-0.0002,0.0002,0.0032,0.0003,0.2637,0.0102,-0.0075,-0.014,0.1562,0.0092,0.1596,0.1868,-0.1103,-0.2637,-0.0906,0.7818,-1.8785,0.0969,0.8568,-1.8931,-0.1932,0.1097,-0.2637
1,-0.0005,-0.0003,0.0004,0.005,0.0003,0.2654,0.0107,-0.0082,-0.0145,0.1897,0.0077,0.177,0.185,-0.1103,-0.2654,-0.0991,0.7582,-1.9389,0.099,0.8431,-1.9567,-0.195,0.1097,-0.2654
1,-0.0006,-0.0003,0.0005,0.007,0.0004,0.2672,0.0103,-0.0084,-0.0137,0.2209,0.0046,0.1853,0.183,-0.1104,-0.2672,-0.1082,0.7267,-1.9906,0.101,0.8221,-2.0125,-0.197,0.1096,-0.2672
1,-0.0008,-0.0004,0.0006,0.0094,0.0004,0.269,0.009,-0.0081,-0.0117,0.2499,0.0001,0.1847,0.1806,-0.1104,-0.269,-0.1163,0.693,-2.0261,0.1025,0.7981,-2.0523,-0.1994,0.1096,-0.269
1,-0.0009,-0.0005,0.0006,0.012,0.0004,0.2708,0.007,-0.0073,-0.0085,0.2766,-0.0059,0.175,0.178,-0.1104,-0.2708,-0.1214,0.6663,-2.0398,0.1028,0.7779,-2.0694,-0.202,0.1096,-0.2708
1,-0.0009,-0.0006,0.0007,0.0149,0.0003,0.2725,0.004,-0.006,-0.0041,0.3011,-0.0135,0.1562,0.1751,-0.1103,-0.2725,-0.1218,0.6494,-2.0249,0.1012,0.7633,-2.0562,-0.2049,0.1097,-0.2725
1,-0.0009,-0.0006,0.0007,0.018,0.0001,0.2739,0.0003,-0.0043,0.0015,0.3234,-0.0226,0.1285,0.172,-0.1101,-0.2739,-0.1192,0.6117,-1.9706,0.0967,0.727,-2.0051,-0.208,0.1099,-0.2739
1,-0.0009,-0.0006,0.0007,0.0214,-0.0001,0.2751,-0.0035,-0.0023,0.0072,0.3445,-0.032,0.0987,0.1686,-0.1099,-0.2751,-0.1152,0.5568,-1.8867,0.0908,0.6733,-1.926,-0.2114,0.1101,-0.2751
1,-0.0008,-0.0007,0.0006,0.0249,-0.0005,0.2759,-0.0065,-0.0005,0.0116,0.3655,-0.0405,0.0738,0.1651,-0.1095,-0.2759,-0.1107,0.4941,-1.785,0.0851,0.6122,-1.8305,-0.2149,0.1105,-0.2759
1,-0.0007,-0.0007,0.0006,0.0287,-0.0009,0.2766,-0.0086,0.0014,0.0148,0.3865,-0.0481,0.0539,0.1613,-0.1091,-0.2766,-0.1062,0.4322,-1.6786,0.0803,0.5523,-1.7308,-0.2187,0.1109,-0.2766
1,-0.0005,-0.0006,0.0005,0.0327,-0.0015,0.277,-0.0099,0.0031,0.0168,0.4075,-0.0548,0.0388,0.1573,-0.1085,-0.277,-0.102,0.3803,-1.5823,0.077,0.5025,-1.6411,-0.2227,0.1115,-0.277
1,-0.0003,-0.0006,0.0004,0.0368,-0.002,0.2774,-0.0104,0.0048,0.0175,0.4284,-0.0606,0.0287,0.1532,-0.108,-0.2774,-0.0984,0.3485,-1.5144,0.0757,0.4726,-1.5778,-0.2268,0.112,-0.2774
1,-0.0002,-0.0005,0.0003,0.0412,-0.0027,0.2776,-0.0101,0.0064,0.0171,0.4492,-0.0655,0.0235,0.1532,-0.108,-0.2774,-0.0955,0.3485,-1.4946,0.0768,0.4733,-1.559,-0.2268,0.112,-0.2774
2,-0.0002,-0.0005,0.0003,0.0412,-0.0027,0.2776,-0.0101,0.0064,0.0171,0.4492,-0.0655,0.0235,0.1488,-0.1073,-0.2776,0.2844,0.1038,-0.2776,-0.1098,-0.1131,-0.2776,-0.2312,0.1127,-0.2776
2,0,-0.0005,0.0002,0.0458,-0.0033,0.2778,-0.0089,0.0079,0.0154,0.47,-0.0696,0.0232,0.1442,-0.1067,-0.2778,0.2798,0.1044,-0.2778,-0.1144,-0.1125,-0.2778,-0.2358,0.1133,-0.2778
2,0.0001,-0.0004,0.0001,0.0506,-0.0041,0.2781,-0.007,0.0094,0.0125,0.4907,-0.0727,0.0278,0.1394,-0.1059,-0.2781,0.275,0.1052,-0.2781,-0.1192,-0.1117,-0.2781,-0.2406,0.1141,-0.2781
2,0.0002,-0.0003,0,0.0556,-0.0048,0.2784,-0.0042,0.0108,0.0084,0.5114,-0.075,0.0373,0.1344,-0.1052,-0.2784,0.27,0.1059,-0.2784,-0.1242,-0.111,-0.2784,-0.2456,0.1148,-0.2784
2,0.0003,-0.0002,0,0.0609,-0.0056,0.2789,-0.0006,0.0121,0.0031,0.532,-0.0763,0.0517,0.1291,-0.1044,-0.2789,0.2647,0.1067,-0.2789,-0.1295,-0.1102,-0.2789,-0.2509,0.1156,-0.2789
2,0.0003,-0,0,0.0663,-0.0063,0.2795,0.0031,0.013,-0.0023,0.5523,-0.0768,0.0694,0.1237,-0.1037,-0.2795,0.2593,0.1074,-0.2795,-0.1349,-0.1095,-0.2795,-0.2563,0.1163,-0.2795
2,0.0003,0.0001,0.0001,0.0719,-0.0071,0.2803,0.0059,0.0131,-0.0069,0.572,-0.0766,0.0885,0.1181,-0.1029,-0.2803,0.2537,0.1082,-0.2803,-0.1405,-0.1087,-0.2803,-0.2619,0.1171,-0.2803
2,0.0002,0.0002,0.0001,0.0777,-0.0079,0.2812,0.0079,0.0124,-0.0105,0.5912,-0.0755,0.1092,0.1123,-0.1021,-0.2812,0.2479,0.109,-0.2812,-0.1463,-0.1079,-0.2812,-0.2677,0.1179,-0.2812
2,0.0001,0.0003,0.0002,0.0837,-0.0086,0.2824,0.0092,0.0109,-0.0131,0.6098,-0.0737,0.1313,0.1063,-0.1014,-0.2824,0.2419,0.1097,-0.2824,-0.1523,-0.1072,-0.2824,-0.2737,0.1186,-0.2824
2,-0.0001,0.0004,0.0003,0.0899,-0.0093,0.2839,0.0097,0.0086,-0.0149,0.6278,-0.0711,0.155,0.1063,-0.1014,-0.2824,0.2419,0.1097,-0.2824,-0.1523,-0.1072,-0.2824,-0.2737,0.1186,-0.2824
3,-0.0001,0.0004,0.0003,0.0899,-0.0093,0.2839,0.0097,0.0086,-0.0149,0.6278,-0.0711,0.155,0.1196,1.0309,-1.5633,0.2357,0.1104,-0.2839,-0.1585,-0.1065,-0.2839,-0.0377,1.0404,-1.4987
3,-0.0002,0.0005,0.0004,0.0963,-0.01,0.2855,0.0093,0.0055,-0.0157,0.6453,-0.0677,0.1801,0.1221,1.0433,-1.5817,0.2293,0.1111,-0.2855,-0.1649,-0.1058,-0.2855,-0.0371,1.0525,-1.5157
3,-0.0004,0.0005,0.0005,0.1028,-0.0107,0.2875,0.0082,0.0016,-0.0155,0.6621,-0.0636,0.2068,0.1257,1.0569,-1.6611,0.2228,0.1118,-0.2875,-0.1714,-0.1051,-0.2875,-0.0398,1.0712,-1.5988
3,-0.0005,0.0005,0.0006,0.1095,-0.0113,0.2897,0.0063,-0.0031,-0.0145,0.6785,-0.0586,0.235,0.1302,1.0608,-1.7712,0.2161,0.1124,-0.2897,-0.1781,-0.1045,-0.2897,-0.045,1.0844,-1.7161
3,-0.0007,0.0005,0.0006,0.1164,-0.0118,0.2922,0.0035,-0.0086,-0.0125,0.6942,-0.0529,0.2646,0.1351,1.045,-1.8844,0.2092,0.1129,-0.2922,-0.185,-0.104,-0.2922,-0.0523,1.0807,-1.8385
3,-0.0008,0.0004,0.0007,0.1234,-0.0123,0.295,0,-0.0149,-0.0096,0.7094,-0.0464,0.2958,0.1398,1.0068,-1.9788,0.2022,0.1134,-0.295,-0.192,-0.1035,-0.295,-0.0607,1.0558,-1.9432
3,-0.0009,0.0002,0.0006,0.1306,-0.0128,0.2981,-0.0035,-0.0207,-0.0064,0.7235,-0.0399,0.3214,0.1429,0.9546,-2.0402,0.195,0.1139,-0.2981,-0.1992,-0.103,-0.2981,-0.0685,1.0154,-2.0148
3,-0.0009,-0,0.0006,0.1379,-0.0131,0.3014,-0.0063,-0.0246,-0.0036,0.7363,-0.034,0.3344,0.1435,0.9078,-2.0616,0.1877,0.1142,-0.3014,-0.2065,-0.1027,-0.3014,-0.0736,0.9758,-2.0439
3,-0.0009,-0.0003,0.0005,0.1453,-0.0135,0.3047,-0.0085,-0.0267,-0.0011,0.7475,-0.0288,0.3348,0.1397,0.8736,-2.0365,0.1803,0.1146,-0.3047,-0.2139,-0.1023,-0.3047,-0.0745,0.9431,-2.0232
3,-0.0009,-0.0006,0.0004,0.1528,-0.0137,0.308,-0.0098,-0.027,0.0009,0.7573,-0.0242,0.3225,0.1295,0.7906,-1.9546,0.1728,0.1148,-0.308,-0.2214,-0.1021,-0.308,-0.0745,0.8606,-1.95
3,-0.0009,-0.0008,0.0003,0.1604,-0.0139,0.3111,-0.0105,-0.0254,0.0025,0.7657,-0.0203,0.2976,0.1161,0.6711,-1.8255,0.1652,0.115,-0.3111,-0.229,-0.1019,-0.3111,-0.0744,0.7413,-1.8327
3,-0.0009,-0.0011,0.0002,0.1681,-0.0141,0.3139,-0.0105,-0.022,0.0038,0.7726,-0.0171,0.2601,0.103,0.5373,-1.6626,0.1575,0.1152,-0.3139,-0.2367,-0.1017,-0.3139,-0.0744,0.6077,-1.6827
3,-0.0009,-0.0013,0.0001,0.1759,-0.0143,0.3163,-0.0097,-0.0167,0.0046,0.778,-0.0146,0.21,0.0914,0.4059,-1.4827,0.1497,0.1154,-0.3163,-0.2445,-0.1015,-0.3163,-0.0742,0.4772,-1.5158
3,-0.0008,-0.0014,0,0.1837,-0.0144,0.3181,-0.0082,-0.0096,0.0051,0.782,-0.0127,0.1472,0.0827,0.2933,-1.311,0.1419,0.1155,-0.3181,-0.2523,-0.1014,-0.3181,-0.0739,0.3665,-1.3561
3,-0.0008,-0.0015,-0.0001,0.1915,-0.0145,0.3192,-0.006,-0.0007,0.0052,0.7846,-0.0116,0.0719,0.0771,0.2199,-1.1842,0.1341,0.1156,-0.3192,-0.2601,-0.1013,-0.3192,-0.0736,0.2951,-1.2381
3,-0.0007,-0.0014,-0.0001,0.1994,-0.0147,0.3195,-0.003,0.0101,0.0049,0.7857,-0.011,-0.0161,0.0754,0.2129,-1.1505,0.1262,0.1158,-0.3195,-0.268,-0.1011,-0.3195,-0.0733,0.2882,-1.2051
3,-0.0007,-0.0013,-0.0001,0.2072,-0.0148,0.3189,-0,0.0206,0.0044,0.7858,-0.011,-0.1028,0.0758,0.2493,-1.1808,0.1262,0.1158,-0.3195,-0.268,-0.1011,-0.3195,-0.0731,0.3229,-1.2303
4,-0.0007,-0.0013,-0.0001,0.2072,-0.0148,0.3189,-0,0.0206,0.0044,0.7858,-0.011,-0.1028,0.2818,-0.1105,-0.3189,0.1184,0.1159,-0.3189,-0.2758,-0.101,-0.3189,-0.1011,0.1069,-0.3189
4,-0.0006,-0.001,-0.0001,0.2151,-0.0149,0.3175,0.0025,0.0285,0.004,0.7852,-0.0111,-0.1741,0.2818,-0.1105,-0.3189,0.1184,0.1159,-0.3189,-0.2758,-0.101,-0.3189,-0.1011,0.1069,-0.3189
5,-0.0006,-0.001,-0.0001,0.2151,-0.0149,0.3175,0.0025,0.0285,0.004,0.7852,-0.0111,-0.1741,0.2739,-0.1104,-0.3175,-0.0445,0.8376,-1.3094,0.1064,0.9174,-1.2907,-0.109,0.107,-0.3175
5,-0.0006,-0.0007,-0.0001,0.2229,-0.015,0.3154,0.0045,0.034,0.0035,0.784,-0.0115,-0.23,0.2661,-0.1103,-0.3154,-0.0465,0.8703,-1.3604,0.1088,0.9512,-1.3395,-0.1168,0.1071,-0.3154
5,-0.0005,-0.0003,-0,0.2307,-0.0151,0.3129,0.0059,0.0369,0.0032,0.7822,-0.012,-0.2707,0.2583,-0.1102,-0.3129,-0.0497,0.9057,-1.4366,0.1123,0.9903,-1.4157,-0.1246,0.1072,-0.3129
5,-0.0005,0,0.0001,0.2386,-0.0152,0.3101,0.0069,0.0374,0.0028,0.7798,-0.0128,-0.296,0.2504,-0.1101,-0.3101,-0.0542,0.94,-1.5292,0.1167,1.0307,-1.51,-0.1325,0.1073,-0.3101
5,-0.0005,0.0004,0.0001,0.2463,-0.0154,0.3071,0.0073,0.0353,0.0025,0.7767,-0.0138,-0.3059,0.2427,-0.1099,-0.3071,-0.0599,0.9694,-1.6297,0.1221,1.0683,-1.6136,-0.1402,0.1075,-0.3071
5,-0.0005,0.0007,0.0002,0.2541,-0.0155,0.304,0.0071,0.0308,0.0023,0.7731,-0.015,-0.3005,0.2349,-0.1098,-0.304,-0.0667,0.9908,-1.7314,0.1284,1.1001,-1.7199,-0.148,0.1076,-0.304
5,-0.0004,0.001,0.0003,0.2618,-0.0157,0.3011,0.0065,0.0238,0.002,0.7688,-0.0164,-0.2798,0.2272,-0.1096,-0.3011,-0.0745,1.0015,-1.8284,0.1355,1.123,-1.8226,-0.1557,0.1078,-0.3011
5,-0.0004,0.0012,0.0003,0.2695,-0.0158,0.2985,0.0053,0.0142,0.0018,0.7639,-0.018,-0.2438,0.2195,-0.1095,-0.2985,-0.0829,1.0003,-1.9157,0.1431,1.1351,-1.9166,-0.1634,0.1079,-0.2985
5,-0.0004,0.0013,0.0004,0.2771,-0.016,0.2963,0.0036,0.0022,0.0017,0.7583,-0.0198,-0.1924,0.2119,-0.1093,-0.2963,-0.0917,0.9871,-1.9891,0.1507,1.1356,-1.9977,-0.171,0.1081,-0.2963
5,-0.0004,0.0012,0.0004,0.2846,-0.0162,0.2946,0.0018,-0.0098,0.0016,0.7533,-0.0215,-0.1362,0.2044,-0.1091,-0.2946,-0.1001,0.964,-2.0453,0.1577,1.1253,-2.0621,-0.1785,0.1083,-0.2946
5,-0.0004,0.0011,0.0004,0.2921,-0.0165,0.2935,0.0002,-0.0194,0.0014,0.7498,-0.0226,-0.0858,0.1969,-0.1088,-0.2935,-0.1074,0.9352,-2.0827,0.1634,1.1072,-2.1073,-0.186,0.1086,-0.2935
5,-0.0004,0.0009,0.0004,0.2996,-0.0167,0.2929,-0.0011,-0.0264,0.0013,0.748,-0.0232,-0.0412,0.1894,-0.1086,-0.2929,-0.1127,0.9066,-2.1007,0.167,1.0857,-2.1317,-0.1935,0.1088,-0.2929
5,-0.0003,0.0006,0.0004,0.3071,-0.0169,0.2927,-0.0022,-0.0308,0.0011,0.7478,-0.0231,-0.0024,0.1819,-0.1084,-0.2927,-0.1155,0.8795,-2.098,0.1679,1.0618,-2.1338,-0.201,0.109,-0.2927
5,-0.0003,0.0003,0.0004,0.3146,-0.0171,0.2928,-0.003,-0.0328,0.001,0.7492,-0.0226,0.0306,0.1744,-0.1082,-0.2928,-0.117,0.835,-2.0722,0.1659,1.0178,-2.114,-0.2085,0.1092,-0.2928
5,-0.0003,-0.0001,0.0003,0.3221,-0.0174,0.2933,-0.0036,-0.0322,0.0008,0.7521,-0.0215,0.0578,0.1669,-0.1079,-0.2933,-0.1174,0.7751,-2.0255,0.1615,0.9563,-2.0744,-0.216,0.1095,-0.2933
5,-0.0003,-0.0004,0.0003,0.3296,-0.0176,0.294,-0.004,-0.0291,0.0006,0.7567,-0.0198,0.0793,0.1594,-0.1077,-0.294,-0.1171,0.7055,-1.9607,0.1554,0.8837,-2.0173,-0.2235,0.1097,-0.294
5,-0.0003,-0.0006,0.0002,0.3372,-0.0178,0.2949,-0.004,-0.0235,0.0005,0.7629,-0.0176,0.0949,0.1518,-0.1075,-0.2949,-0.1161,0.6313,-1.8813,0.1486,0.8059,-1.9458,-0.2311,0.1099,-0.2949
5,-0.0003,-0.0008,0.0002,0.3449,-0.0179,0.2959,-0.0039,-0.0154,0.0003,0.7708,-0.0148,0.1047,0.1441,-0.1074,-0.2959,-0.1149,0.5565,-1.7912,0.1415,0.7274,-1.8634,-0.2388,0.11,-0.2959
5,-0.0003,-0.0009,0.0002,0.3527,-0.0181,0.2969,-0.0034,-0.0048,0.0001,0.7802,-0.0114,0.1088,0.1363,-0.1072,-0.2969,-0.1137,0.4843,-1.695,0.1348,0.6523,-1.7745,-0.2466,0.1102,-0.2969
5,-0.0003,-0.0009,0.0001,0.3605,-0.0181,0.298,-0.0029,0.0062,-0,0.7893,-0.008,0.1085,0.1285,-0.1072,-0.298,-0.1125,0.4178,-1.5975,0.1288,0.5835,-1.6838,-0.2544,0.1102,-0.298
5,-0.0003,-0.0008,0.0001,0.3684,-0.0182,0.2991,-0.0023,0.0151,-0.0001,0.7963,-0.0049,0.1054,0.1206,-0.1071,-0.2991,-0.1113,0.3599,-1.5045,0.1234,0.524,-1.5966,-0.2623,0.1103,-0.2991
5,-0.0003,-0.0006,0.0001,0.3764,-0.0182,0.3001,-0.0017,0.0221,-0.0002,0.8011,-0.0021,0.0993,0.1126,-0.1071,-0.3001,-0.1104,0.3146,-1.4231,0.1189,0.4774,-1.5191,-0.2703,0.1103,-0.3001
5,-0.0003,-0.0004,0.0001,0.3845,-0.0183,0.3011,-0.001,0.0271,-0.0001,0.8038,0.0003,0.0903,0.1045,-0.107,-0.3011,-0.1096,0.2857,-1.3606,0.1154,0.4474,-1.4582,-0.2784,0.1104,-0.3011
5,-0.0003,-0.0001,0.0001,0.3925,-0.0182,0.3019,-0.0003,0.0302,-0,0.8043,0.0024,0.0785,0.0965,-0.1071,-0.3019,-0.1091,0.2783,-1.3256,0.1131,0.4385,-1.4212,-0.2864,0.1103,-0.3019
5,-0.0003,0.0002,0.0001,0.4005,-0.0182,0.3026,0.0004,0.0313,0.0002,0.8026,0.0042,0.0638,0.0965,-0.1071,-0.3019,-0.1089,0.2971,-1.3252,0.112,0.4551,-1.4145,-0.2864,0.1103,-0.3019
6,-0.0003,0.0002,0.0001,0.4005,-0.0182,0.3026,0.0004,0.0313,0.0002,0.8026,0.0042,0.0638,0.0912,0.9695,-1.4123,-0.1089,0.2971,-1.3252,0.112,0.4551,-1.4145,-0.0664,0.9963,-1.3617
6,-0.0003,0.0005,0.0001,0.4085,-0.0182,0.3032,0.0012,0.0305,0.0004,0.7988,0.0056,0.0461,0.0918,0.9912,-1.442,-0.1089,0.3305,-1.3437,0.1116,0.4858,-1.4242,-0.0685,1.0194,-1.3899
7,-0.0003,0.0005,0.0001,0.4085,-0.0182,0.3032,0.0012,0.0305,0.0004,0.7988,0.0056,0.0461,0.0918,0.9912,-1.442,0.275,0.0973,-0.3032,-0.1279,-0.1008,-0.3032,-0.0685,1.0194,-1.3899
7,-0.0003,0.0008,0.0001,0.4165,-0.0181,0.3035,0.002,0.0276,0.0007,0.7928,0.0067,0.0256,0.093,1.016,-1.4979,0.267,0.0972,-0.3035,-0.1359,-0.1009,-0.3035,-0.0718,1.0486,-1.446
7,-0.0003,0.0011,0.0001,0.4244,-0.018,0.3037,0.0028,0.0228,0.0011,0.7846,0.0075,0.0022,0.0946,1.0412,-1.5729,0.2591,0.0971,-0.3037,-0.1438,-0.101,-0.3037,-0.0764,1.0808,-1.5225
7,-0.0003,0.0013,0.0002,0.4322,-0.0179,0.3036,0.0036,0.0161,0.0015,0.7743,0.0079,-0.0241,0.0967,1.0635,-1.6594,0.2513,0.097,-0.3036,-0.1516,-0.1011,-0.3036,-0.0821,1.1128,-1.612
7,-0.0003,0.0014,0.0002,0.4399,-0.0179,0.3032,0.0044,0.0088,0.0019,0.7634,0.0078,-0.0473,0.0993,1.0798,-1.751,0.2436,0.097,-0.3032,-0.1593,-0.1011,-0.3032,-0.0891,1.1416,-1.7078
7,-0.0002,0.0014,0.0002,0.4475,-0.0178,0.3027,0.0047,0.0023,0.0021,0.7535,0.0071,-0.0613,0.1021,1.0873,-1.8411,0.236,0.0969,-0.3027,-0.1669,-0.1012,-0.3027,-0.097,1.1642,-1.8036
7,-0.0002,0.0014,0.0003,0.4549,-0.0177,0.302,0.0048,-0.0035,0.0022,0.7446,0.0059,-0.0661,0.1051,1.0841,-1.9242,0.2286,0.0968,-0.302,-0.1743,-0.1013,-0.302,-0.1057,1.1784,-1.8939
7,-0.0002,0.0014,0.0003,0.4624,-0.0177,0.3014,0.0045,-0.0084,0.0022,0.7368,0.004,-0.0618,0.108,1.0697,-1.9958,0.2211,0.0968,-0.3014,-0.1818,-0.1013,-0.3014,-0.1147,1.1829,-1.9739
7,-0.0002,0.0013,0.0004,0.4697,-0.0177,0.3008,0.0038,-0.0125,0.002,0.7299,0.0015,-0.0483,0.1104,1.0456,-2.052,0.2138,0.0968,-0.3008,-0.1891,-0.1013,-0.3008,-0.1232,1.1777,-2.0393
7,-0.0002,0.0011,0.0004,0.477,-0.0177,0.3004,0.0029,-0.0158,0.0017,0.7241,-0.0016,-0.0256,0.112,1.0152,-2.0899,0.2065,0.0968,-0.3004,-0.1964,-0.1013,-0.3004,-0.1306,1.1644,-2.0866
7,-0.0001,0.001,0.0004,0.4842,-0.0177,0.3003,0.0016,-0.0183,0.0012,0.7192,-0.0053,0.0063,0.1124,0.9833,-2.1075,0.1993,0.0968,-0.3003,-0.2036,-0.1013,-0.3003,-0.1357,1.1458,-2.1125
7,-0.0001,0.0008,0.0004,0.4913,-0.0178,0.3006,-0.0001,-0.02,0.0007,0.7154,-0.0097,0.0473,0.1112,0.9512,-2.1025,0.1922,0.0969,-0.3006,-0.2107,-0.1012,-0.3006,-0.1379,1.122,-2.1141
7,-0.0001,0.0006,0.0004,0.4985,-0.0179,0.3013,-0.002,-0.0208,-0.0001,0.7126,-0.0146,0.0975,0.108,0.8992,-2.0724,0.185,0.097,-0.3013,-0.2179,-0.1011,-0.3013,-0.1377,1.0763,-2.0928
7,-0.0001,0.0004,0.0004,0.5056,-0.0181,0.3026,-0.0043,-0.0209,-0.001,0.7108,-0.0201,0.1568,0.1034,0.8297,-2.0184,0.1779,0.0972,-0.3026,-0.225,-0.1009,-0.3026,-0.1355,1.0114,-2.0497
7,-0.0002,0.0001,0.0003,0.5127,-0.0183,0.3044,-0.0065,-0.0203,-0.0018,0.7096,-0.0257,0.2129,0.0979,0.749,-1.9425,0.1708,0.0974,-0.3044,-0.2321,-0.1007,-0.3044,-0.1315,0.9336,-1.986
7,-0.0002,-0.0001,0.0003,0.5198,-0.0186,0.3068,-0.008,-0.0191,-0.0025,0.7085,-0.0307,0.2532,0.0922,0.6626,-1.8483,0.1637,0.0977,-0.3068,-0.2392,-0.1004,-0.3068,-0.1267,0.849,-1.9049
7,-0.0002,-0.0002,0.0002,0.5269,-0.0189,0.3094,-0.009,-0.0174,-0.003,0.7075,-0.0351,0.2776,0.087,0.5748,-1.74,0.1566,0.098,-0.3094,-0.2463,-0.1001,-0.3094,-0.1216,0.7627,-1.8102
7,-0.0002,-0.0004,0.0001,0.5339,-0.0193,0.3123,-0.0094,-0.0151,-0.0032,0.7067,-0.039,0.2863,0.0823,0.4887,-1.6222,0.1496,0.0984,-0.3123,-0.2533,-0.0997,-0.3123,-0.1166,0.6784,-1.7064
7,-0.0003,-0.0005,-0,0.541,-0.0197,0.3151,-0.0091,-0.0122,-0.0033,0.706,-0.0424,0.2793,0.0782,0.4069,-1.4999,0.1425,0.0988,-0.3151,-0.2604,-0.0993,-0.3151,-0.1118,0.5994,-1.5984
7,-0.0003,-0.0006,-0.0001,0.5481,-0.0201,0.3178,-0.0083,-0.0088,-0.0032,0.7055,-0.0452,0.2564,0.0751,0.3333,-1.3802,0.1354,0.0992,-0.3178,-0.2675,-0.0989,-0.3178,-0.1074,0.5288,-1.4923
7,-0.0003,-0.0007,-0.0002,0.5551,-0.0206,0.3202,-0.0069,-0.0048,-0.0029,0.7051,-0.0475,0.2177,0.0729,0.2718,-1.2716,0.1284,0.0997,-0.3202,-0.2745,-0.0984,-0.3202,-0.1035,0.4707,-1.3958
7,-0.0004,-0.0007,-0.0002,0.5622,-0.0211,0.3221,-0.0049,-0.0002,-0.0024,0.7048,-0.0492,0.1633,0.0716,0.228,-1.185,0.1213,0.1002,-0.3221,-0.2816,-0.0979,-0.3221,-0.1002,0.4297,-1.3178
7,-0.0004,-0.0007,-0.0003,0.5692,-0.0216,0.3234,-0.0022,0.0049,-0.0017,0.7047,-0.0504,0.0931,0.0714,0.2088,-1.1333,0.1143,0.1007,-0.3234,-0.2886,-0.0974,-0.3234,-0.0975,0.4114,-1.2685
7,-0.0004,-0.0006,-0.0003,0.5763,-0.0221,0.3239,0.001,0.0106,-0.0009,0.7046,-0.051,0.007,0.0723,0.2216,-1.1291,0.1072,0.1012,-0.3239,-0.2957,-0.0969,-0.3239,-0.0956,0.4219,-1.2575
7,-0.0004,-0.0005,-0.0002,0.5833,-0.0226,0.3235,0.0042,0.0159,0,0.7044,-0.0512,-0.079,0.074,0.2537,-1.1549,0.1072,0.1012,-0.3239,-0.2957,-0.0969,-0.3239,-0.0941,0.45,-1.2715
8,-0.0004,-0.0005,-0.0002,0.5833,-0.0226,0.3235,0.0042,0.0159,0,0.7044,-0.0512,-0.079,0.2771,-0.1107,-0.3235,0.1002,0.1017,-0.3235,-0.3027,-0.0964,-0.3235,-0.1361,0.0998,-0.3235
8,-0.0004,-0.0003,-0.0002,0.5903,-0.0231,0.3224,0.0066,0.02,0.0008,0.7036,-0.0513,-0.1493,0.2771,-0.1107,-0.3235,0.1002,0.1017,-0.3235,-0.3027,-0.0964,-0.3235,-0.1361,0.0998,-0.3235
9,-0.0004,-0.0003,-0.0002,0.5903,-0.0231,0.3224,0.0066,0.02,0.0008,0.7036,-0.0513,-0.1493,0.2701,-0.1102,-0.3224,-0.0873,0.8659,-1.2633,0.121,0.9375,-1.1876,-0.1431,0.1003,-0.3224
9,-0.0004,-0.0001,-0.0001,0.5974,-0.0236,0.3206,0.0083,0.0228,0.0014,0.7022,-0.0511,-0.2039,0.263,-0.1097,-0.3206,-0.0887,0.898,-1.3147,0.1252,0.9716,-1.2408,-0.1502,0.1008,-0.3206
9,-0.0004,0.0001,-0,0.6044,-0.0241,0.3184,0.0093,0.0243,0.0018,0.7001,-0.0508,-0.2428,0.256,-0.1092,-0.3184,-0.0917,0.9351,-1.3935,0.1308,1.0138,-1.3253,-0.1572,0.1013,-0.3184
9,-0.0003,0.0004,0.0001,0.6114,-0.0246,0.3158,0.0095,0.0245,0.0021,0.6975,-0.0502,-0.2659,0.249,-0.1087,-0.3158,-0.0961,0.9728,-1.4899,0.1378,1.0589,-1.4294,-0.1642,0.1018,-0.3158
9,-0.0003,0.0006,0.0002,0.6183,-0.0251,0.3131,0.0091,0.0234,0.0023,0.6943,-0.0495,-0.2733,0.2421,-0.1082,-0.3131,-0.1019,1.007,-1.5949,0.146,1.102,-1.5433,-0.1711,0.1023,-0.3131
9,-0.0003,0.0008,0.0003,0.6253,-0.0256,0.3104,0.0079,0.0211,0.0023,0.6906,-0.0486,-0.265,0.2351,-0.1077,-0.3104,-0.1089,1.0341,-1.7015,0.1557,1.1393,-1.6596,-0.1781,0.1028,-0.3104
9,-0.0003,0.001,0.0003,0.6321,-0.0261,0.3078,0.0059,0.0175,0.0021,0.6862,-0.0474,-0.2409,0.2283,-0.1072,-0.3078,-0.117,1.0512,-1.8033,0.1664,1.1674,-1.7714,-0.1849,0.1033,-0.3078
9,-0.0003,0.0012,0.0004,0.639,-0.0266,0.3056,0.0032,0.0126,0.0018,0.6812,-0.0461,-0.2012,0.2214,-0.1067,-0.3056,-0.1257,1.0564,-1.8953,0.1778,1.184,-1.8737,-0.1918,0.1038,-0.3056
9,-0.0002,0.0013,0.0004,0.6458,-0.027,0.3039,-0.0002,0.0064,0.0013,0.6756,-0.0446,-0.1457,0.2146,-0.1063,-0.3039,-0.1346,1.0493,-1.973,0.1892,1.1876,-1.9616,-0.1986,0.1042,-0.3039
9,-0.0002,0.0013,0.0004,0.6525,-0.0274,0.3027,-0.0036,0.0002,0.0008,0.6705,-0.0429,-0.0855,0.2079,-0.1059,-0.3027,-0.1428,1.0311,-2.0327,0.1997,1.1784,-2.0311,-0.2053,0.1046,-0.3027
9,-0.0002,0.0013,0.0003,0.6592,-0.0279,0.3021,-0.0062,-0.0048,0.0004,0.6667,-0.0408,-0.0318,0.2012,-0.1054,-0.3021,-0.1494,1.0053,-2.0724,0.2083,1.1591,-2.0796,-0.212,0.1051,-0.3021
9,-0.0002,0.0012,0.0002,0.6658,-0.0283,0.3021,-0.0082,-0.0086,-0.0001,0.6644,-0.0385,0.0156,0.1946,-0.105,-0.3021,-0.1536,0.9771,-2.0908,0.214,1.1338,-2.1049,-0.2186,0.1055,-0.3021
9,-0.0002,0.0011,0.0002,0.6725,-0.0286,0.3024,-0.0094,-0.0113,-0.0004,0.6635,-0.036,0.0565,0.1879,-0.1047,-0.3024,-0.1548,0.9476,-2.0864,0.2158,1.1037,-2.1057,-0.2253,0.1058,-0.3024
9,-0.0002,0.001,0.0001,0.6791,-0.029,0.3032,-0.0098,-0.0128,-0.0008,0.6641,-0.0331,0.091,0.1813,-0.1043,-0.3032,-0.1539,0.8996,-2.0582,0.2138,1.0519,-2.0835,-0.2319,0.1062,-0.3032
9,-0.0002,0.0009,-0,0.6858,-0.0293,0.3042,-0.0096,-0.013,-0.0011,0.666,-0.03,0.1191,0.1746,-0.104,-0.3042,-0.1515,0.8356,-2.0087,0.2088,0.9818,-2.0405,-0.2386,0.1065,-0.3042
9,-0.0003,0.0007,-0.0001,0.6924,-0.0296,0.3055,-0.0086,-0.0121,-0.0014,0.6694,-0.0266,0.1408,0.168,-0.1037,-0.3055,-0.1481,0.7616,-1.9404,0.2017,0.9001,-1.9787,-0.2452,0.1068,-0.3055
9,-0.0003,0.0006,-0.0002,0.6992,-0.0298,0.307,-0.0069,-0.01,-0.0016,0.6742,-0.023,0.1561,0.1612,-0.1035,-0.307,-0.1443,0.6824,-1.8568,0.1936,0.8129,-1.9008,-0.252,0.107,-0.307
9,-0.0003,0.0005,-0.0003,0.7059,-0.03,0.3086,-0.0044,-0.0068,-0.0017,0.6804,-0.0191,0.165,0.1545,-0.1033,-0.3086,-0.1404,0.6023,-1.7614,0.1852,0.7249,-1.8106,-0.2587,0.1072,-0.3086
9,-0.0003,0.0005,-0.0003,0.7128,-0.0302,0.3103,-0.0012,-0.0023,-0.0019,0.688,-0.0149,0.1674,0.1476,-0.1031,-0.3103,-0.1368,0.5247,-1.659,0.1771,0.6402,-1.7123,-0.2656,0.1074,-0.3103
9,-0.0003,0.0005,-0.0003,0.7197,-0.0303,0.312,0.002,0.0024,-0.002,0.6956,-0.0107,0.1652,0.1407,-0.103,-0.312,-0.1335,0.4519,-1.5537,0.1698,0.5617,-1.6109,-0.2725,0.1075,-0.312
9,-0.0003,0.0005,-0.0003,0.7267,-0.0304,0.3136,0.0046,0.0062,-0.002,0.7015,-0.0069,0.1601,0.1337,-0.1029,-0.3136,-0.1306,0.3875,-1.4516,0.1633,0.4926,-1.5118,-0.2795,0.1076,-0.3136
9,-0.0004,0.0006,-0.0002,0.7337,-0.0305,0.3152,0.0065,0.0093,-0.002,0.7058,-0.0034,0.152,0.1267,-0.1028,-0.3152,-0.1283,0.3349,-1.3597,0.1578,0.4363,-1.4219,-0.2865,0.1077,-0.3152
9,-0.0004,0.0007,-0.0001,0.7408,-0.0305,0.3166,0.0077,0.0115,-0.0018,0.7084,-0.0003,0.1409,0.1196,-0.1028,-0.3166,-0.1265,0.2985,-1.2862,0.1535,0.3971,-1.3491,-0.2936,0.1077,-0.3166
9,-0.0004,0.0008,-0.0001,0.7479,-0.0305,0.318,0.0083,0.0129,-0.0017,0.7095,0.0025,0.1269,0.1125,-0.1028,-0.318,-0.1253,0.2834,-1.2399,0.1504,0.3797,-1.3018,-0.3007,0.1077,-0.318
9,-0.0004,0.001,0,0.755,-0.0304,0.3192,0.0083,0.0135,-0.0015,0.7089,0.0049,0.11,0.1125,-0.1028,-0.318,-0.1248,0.295,-1.2297,0.1489,0.3895,-1.2882,-0.3007,0.1077,-0.318
10,-0.0004,0.001,0,0.755,-0.0304,0.3192,0.0083,0.0135,-0.0015,0.7089,0.0049,0.11,0.1,0.8592,-1.3213,-0.1248,0.295,-1.2297,0.1489,0.3895,-1.2882,-0.071,0.9364,-1.1981
10,-0.0004,0.0011,0.0001,0.762,-0.0304,0.3202,0.0076,0.0133,-0.0012,0.7067,0.007,0.0901,0.1002,0.8817,-1.3554,-0.1247,0.3216,-1.24,0.1481,0.4144,-1.2937,-0.0719,0.9597,-1.2342
11,-0.0004,0.0011,0.0001,0.762,-0.0304,0.3202,0.0076,0.0133,-0.0012,0.7067,0.007,0.0901,0.1002,0.8817,-1.3554,0.2657,0.0905,-0.3202,-0.1225,-0.0874,-0.3202,-0.0719,0.9597,-1.2342
11,-0.0004,0.0012,0.0002,0.7691,-0.0303,0.321,0.0063,0.0122,-0.0008,0.7029,0.0088,0.0673,0.1009,0.9094,-1.4175,0.2586,0.0904,-0.321,-0.1296,-0.0875,-0.321,-0.0733,0.9923,-1.304
11,-0.0004,0.0014,0.0002,0.7761,-0.0302,0.3215,0.0043,0.0104,-0.0004,0.6975,0.0102,0.0415,0.102,0.9386,-1.4991,0.2516,0.0903,-0.3215,-0.1366,-0.0876,-0.3215,-0.0753,1.0293,-1.397
11,-0.0004,0.0014,0.0003,0.783,-0.0301,0.3218,0.0016,0.0077,0.0001,0.6904,0.0112,0.0128,0.1034,0.9658,-1.5921,0.2447,0.0902,-0.3218,-0.1435,-0.0877,-0.3218,-0.0777,1.0661,-1.5032
11,-0.0004,0.0015,0.0003,0.7899,-0.03,0.3218,-0.0011,0.0048,0.0005,0.6831,0.012,-0.0129,0.1052,0.9876,-1.6895,0.2378,0.0901,-0.3218,-0.1504,-0.0878,-0.3218,-0.0805,1.0987,-1.6146
11,-0.0004,0.0015,0.0002,0.7967,-0.0299,0.3215,-0.0033,0.0022,0.0008,0.677,0.0124,-0.0297,0.107,1.0012,-1.7847,0.231,0.09,-0.3215,-0.1572,-0.0879,-0.3215,-0.0836,1.1235,-1.7239
11,-0.0004,0.0016,0.0002,0.8034,-0.0297,0.3212,-0.005,-0,0.001,0.6719,0.0125,-0.0374,0.1089,1.0046,-1.8723,0.2243,0.0898,-0.3212,-0.1639,-0.0881,-0.3212,-0.0869,1.1381,-1.8254
11,-0.0004,0.0015,0.0001,0.8101,-0.0296,0.3208,-0.0062,-0.002,0.001,0.6679,0.0123,-0.0362,0.1104,0.9974,-1.9475,0.2176,0.0897,-0.3208,-0.1706,-0.0882,-0.3208,-0.0902,1.1409,-1.9138
11,-0.0004,0.0015,0.0001,0.8168,-0.0295,0.3205,-0.0068,-0.0036,0.0009,0.6651,0.0118,-0.0261,0.1113,0.9805,-2.0065,0.2109,0.0896,-0.3205,-0.1773,-0.0883,-0.3205,-0.0929,1.132,-1.985
11,-0.0004,0.0015,0,0.8235,-0.0294,0.3203,-0.007,-0.005,0.0007,0.6634,0.011,-0.0069,0.1112,0.957,-2.0463,0.2042,0.0895,-0.3203,-0.184,-0.0884,-0.3203,-0.095,1.1135,-2.0352
11,-0.0004,0.0014,-0.0001,0.8301,-0.0293,0.3204,-0.0066,-0.006,0.0003,0.6627,0.0098,0.0212,0.1097,0.9309,-2.0641,0.1976,0.0894,-0.3204,-0.1906,-0.0885,-0.3204,-0.0957,1.0886,-2.0612
11,-0.0004,0.0014,-0.0001,0.8367,-0.0292,0.3208,-0.0057,-0.0067,-0.0002,0.6632,0.0084,0.0582,0.1065,0.9031,-2.0573,0.191,0.0893,-0.3208,-0.1972,-0.0886,-0.3208,-0.0948,1.058,-2.0603
11,-0.0004,0.0013,-0.0002,0.8434,-0.0291,0.3216,-0.0043,-0.0071,-0.0008,0.6649,0.0066,0.1043,0.1009,0.8563,-2.0226,0.1843,0.0892,-0.3216,-0.2039,-0.0887,-0.3216,-0.0916,1.0047,-2.0326
11,-0.0004,0.0012,-0.0002,0.85,-0.0291,0.3229,-0.0024,-0.0071,-0.0016,0.6676,0.0045,0.1593,0.0937,0.7927,-1.9622,0.1777,0.0892,-0.3229,-0.2105,-0.0887,-0.3229,-0.0869,0.9317,-1.9796
11,-0.0004,0.0011,-0.0002,0.8567,-0.029,0.3248,-0.0003,-0.0069,-0.0024,0.6707,0.0024,0.2111,0.0857,0.718,-1.8788,0.171,0.0891,-0.3248,-0.2172,-0.0888,-0.3248,-0.0813,0.8461,-1.9033
11,-0.0005,0.0011,-0.0002,0.8634,-0.029,0.3271,0.0013,-0.0063,-0.0031,0.6736,0.0005,0.2475,0.0777,0.6367,-1.776,0.1643,0.0891,-0.3271,-0.2239,-0.0888,-0.3271,-0.0754,0.7535,-1.8067
11,-0.0005,0.001,-0.0002,0.8702,-0.029,0.3297,0.0026,-0.0054,-0.0036,0.6762,-0.0012,0.2686,0.0702,0.5524,-1.658,0.1575,0.0891,-0.3297,-0.2307,-0.0888,-0.3297,-0.0697,0.6585,-1.6939
11,-0.0005,0.001,-0.0002,0.8769,-0.029,0.3324,0.0035,-0.0042,-0.004,0.6784,-0.0027,0.2742,0.0635,0.468,-1.5291,0.1508,0.0891,-0.3324,-0.2374,-0.0888,-0.3324,-0.0644,0.5647,-1.5693
11,-0.0006,0.0009,-0.0001,0.8837,-0.0291,0.3351,0.0041,-0.0026,-0.0042,0.6804,-0.004,0.2646,0.0577,0.386,-1.3945,0.144,0.0892,-0.3351,-0.2442,-0.0887,-0.3351,-0.0597,0.4749,-1.4382
11,-0.0006,0.0009,-0.0001,0.8906,-0.0291,0.3376,0.0044,-0.0007,-0.0043,0.6821,-0.0051,0.2395,0.0529,0.3098,-1.2605,0.1371,0.0892,-0.3376,-0.2511,-0.0887,-0.3376,-0.0558,0.3925,-1.3072
11,-0.0007,0.0009,-0,0.8974,-0.0292,0.3398,0.0042,0.0015,-0.0043,0.6835,-0.006,0.1991,0.0492,0.2438,-1.1363,0.1303,0.0893,-0.3398,-0.2579,-0.0886,-0.3398,-0.0526,0.3219,-1.1855
11,-0.0007,0.001,0,0.9042,-0.0292,0.3416,0.0037,0.004,-0.0042,0.6846,-0.0067,0.1432,0.0466,0.1947,-1.0348,0.1235,0.0893,-0.3416,-0.2647,-0.0886,-0.3416,-0.0502,0.2695,-1.0854
11,-0.0007,0.001,0,0.9111,-0.0293,0.3427,0.0029,0.0069,-0.0039,0.6855,-0.0072,0.0721,0.0451,0.1709,-0.9719,0.1166,0.0894,-0.3427,-0.2716,-0.0885,-0.3427,-0.0487,0.2431,-1.022
11,-0.0008,0.0011,0.0001,0.9179,-0.0294,0.343,0.0017,0.01,-0.0035,0.686,-0.0074,-0.0145,0.0447,0.1812,-0.9638,0.1098,0.0895,-0.343,-0.2784,-0.0884,-0.343,-0.0481,0.2514,-1.0107
11,-0.0008,0.0012,0.0001,0.9248,-0.0294,0.3424,0.0004,0.0129,-0.0031,0.6863,-0.0077,-0.1011,0.045,0.2127,-0.9909,0.1098,0.0895,-0.343,-0.2784,-0.0884,-0.343,-0.048,0.2811,-1.033
12,-0.0008,0.0012,0.0001,0.9248,-0.0294,0.3424,0.0004,0.0129,-0.0031,0.6863,-0.0077,-0.1011,0.268,-0.1192,-0.3424,0.1029,0.0895,-0.3424,-0.2853,-0.0884,-0.3424,-0.1149,0.1136,-0.3424
12,-0.0008,0.0013,0.0001,0.9317,-0.0295,0.341,-0.0007,0.0148,-0.0026,0.6864,-0.0082,-0.1723,0.268,-0.1192,-0.3424,0.1029,0.0895,-0.3424,-0.2853,-0.0884,-0.3424,-0.1149,0.1136,-0.3424
13,-0.0008,0.0013,0.0001,0.9317,-0.0295,0.341,-0.0007,0.0148,-0.0026,0.6864,-0.0082,-0.1723,0.2611,-0.1191,-0.341,-0.12,0.776,-1.1261,0.1362,0.8142,-1.0767,-0.1218,0.1137,-0.341
13,-0.0009,0.0015,0.0001,0.9385,-0.0296,0.339,-0.0016,0.0158,-0.0021,0.6863,-0.009,-0.2282,0.2543,-0.119,-0.339,-0.1221,0.8146,-1.1921,0.1387,0.8543,-1.144,-0.1286,0.1138,-0.339
13,-0.0009,0.0017,0,0.9454,-0.0297,0.3365,-0.0023,0.0158,-0.0016,0.6861,-0.01,-0.2687,0.2474,-0.1189,-0.3365,-0.1254,0.8602,-1.2887,0.1425,0.9032,-1.2443,-0.1355,0.1139,-0.3365
13,-0.0009,0.0018,0,0.9522,-0.0298,0.3336,-0.0027,0.0149,-0.0011,0.6857,-0.0112,-0.294,0.2406,-0.1188,-0.3336,-0.1298,0.9068,-1.4034,0.1475,0.9545,-1.3641,-0.1423,0.114,-0.3336
13,-0.0009,0.002,-0,0.9591,-0.0299,0.3306,-0.003,0.013,-0.0006,0.6851,-0.0127,-0.3038,0.2337,-0.1187,-0.3306,-0.1351,0.9495,-1.5259,0.1535,1.0029,-1.4921,-0.1492,0.1141,-0.3306
13,-0.0009,0.0021,-0,0.9659,-0.0301,0.3276,-0.0031,0.0102,-0.0001,0.6843,-0.0144,-0.2984,0.2269,-0.1185,-0.3276,-0.1414,0.9841,-1.6481,0.1606,1.0441,-1.6203,-0.156,0.1143,-0.3276
13,-0.0009,0.0022,-0.0001,0.9728,-0.0302,0.3247,-0.0029,0.0064,0.0005,0.6833,-0.0163,-0.2776,0.22,-0.1184,-0.3247,-0.1482,1.0077,-1.7637,0.1684,1.0746,-1.742,-0.1629,0.1144,-0.3247
13,-0.0009,0.0022,-0.0001,0.9796,-0.0304,0.3221,-0.0026,0.0017,0.001,0.6822,-0.0185,-0.2414,0.2132,-0.1182,-0.3221,-0.1554,1.0182,-1.8676,0.1767,1.0925,-1.8522,-0.1697,0.1146,-0.3221
13,-0.0009,0.0022,-0.0001,0.9864,-0.0306,0.3199,-0.0021,-0.004,0.0016,0.6809,-0.0209,-0.19,0.2064,-0.118,-0.3199,-0.1623,1.0151,-1.9553,0.185,1.0966,-1.9463,-0.1765,0.1148,-0.3199
13,-0.0009,0.0021,-0.0001,0.9932,-0.0308,0.3183,-0.0015,-0.0095,0.0021,0.6801,-0.0231,-0.1337,0.1996,-0.1178,-0.3183,-0.1682,0.9996,-2.0231,0.1925,1.0874,-2.0204,-0.1833,0.115,-0.3183
13,-0.0008,0.002,-0.0002,1,-0.0311,0.3173,-0.0009,-0.0135,0.0024,0.6804,-0.0248,-0.0832,0.1928,-0.1175,-0.3173,-0.1722,0.9755,-2.0687,0.1982,1.068,-2.0719,-0.1901,0.1153,-0.3173
13,-0.0008,0.0018,-0.0002,1.0068,-0.0313,0.3167,-0.0004,-0.0162,0.0026,0.682,-0.0258,-0.0384,0.186,-0.1173,-0.3167,-0.1736,0.9482,-2.0908,0.2013,1.0432,-2.0987,-0.1969,0.1155,-0.3167
13,-0.0008,0.0017,-0.0002,1.0137,-0.0316,0.3165,-0,-0.0175,0.0026,0.6847,-0.0263,0.0005,0.1791,-0.117,-0.3165,-0.1715,0.9194,-2.0877,0.2007,1.0144,-2.0993,-0.2038,0.1158,-0.3165
13,-0.0008,0.0015,-0.0002,1.0205,-0.0318,0.3166,0.0003,-0.0174,0.0025,0.6886,-0.0262,0.0337,0.1723,-0.1168,-0.3166,-0.1661,0.8713,-2.0574,0.1959,0.9643,-2.0733,-0.2106,0.116,-0.3166
13,-0.0007,0.0013,-0.0002,1.0275,-0.0321,0.3171,0.0006,-0.0158,0.0022,0.6937,-0.0255,0.0612,0.1653,-0.1165,-0.3171,-0.1581,0.8066,-2.0029,0.1879,0.896,-2.0232,-0.2176,0.1163,-0.3171
13,-0.0007,0.0012,-0.0002,1.0344,-0.0323,0.3178,0.0009,-0.0129,0.0018,0.7,-0.0242,0.0829,0.1584,-0.1163,-0.3178,-0.1488,0.7316,-1.9275,0.178,0.8164,-1.9524,-0.2245,0.1165,-0.3178
13,-0.0007,0.0011,-0.0001,1.0415,-0.0326,0.3188,0.001,-0.0086,0.0012,0.7074,-0.0223,0.0988,0.1513,-0.116,-0.3188,-0.1392,0.6512,-1.8351,0.1673,0.7313,-1.8641,-0.2316,0.1168,-0.3188
13,-0.0007,0.001,-0.0001,1.0486,-0.0328,0.3198,0.0011,-0.0029,0.0004,0.7161,-0.0199,0.1089,0.1442,-0.1158,-0.3198,-0.1299,0.5695,-1.7299,0.1567,0.645,-1.7625,-0.2387,0.117,-0.3198
13,-0.0007,0.001,-0.0001,1.0558,-0.033,0.3209,0.0012,0.0042,-0.0005,0.7259,-0.0168,0.1133,0.137,-0.1156,-0.3209,-0.1216,0.4895,-1.6164,0.147,0.5611,-1.6523,-0.2459,0.1172,-0.3209
13,-0.0007,0.0011,-0.0001,1.0631,-0.0331,0.3221,0.0012,0.0113,-0.0014,0.7354,-0.0136,0.1133,0.1297,-0.1155,-0.3221,-0.1142,0.414,-1.4997,0.1382,0.4825,-1.5384,-0.2532,0.1173,-0.3221
13,-0.0007,0.0012,-0.0001,1.0705,-0.0332,0.3232,0.0011,0.0168,-0.0021,0.743,-0.0105,0.1102,0.1223,-0.1154,-0.3232,-0.108,0.3464,-1.386,0.1307,0.4123,-1.427,-0.2606,0.1174,-0.3232
13,-0.0007,0.0014,-0.0001,1.0779,-0.0333,0.3243,0.001,0.0209,-0.0027,0.7488,-0.0076,0.1042,0.1149,-0.1153,-0.3243,-0.103,0.2903,-1.283,0.1246,0.3543,-1.3257,-0.268,0.1175,-0.3243
13,-0.0008,0.0017,-0.0001,1.0855,-0.0334,0.3252,0.0009,0.0236,-0.0031,0.7527,-0.0049,0.095,0.1073,-0.1152,-0.3252,-0.0993,0.251,-1.2007,0.12,0.3136,-1.2441,-0.2756,0.1176,-0.3252
13,-0.0008,0.0019,-0.0001,1.093,-0.0334,0.3261,0.0007,0.0247,-0.0034,0.7548,-0.0024,0.0829,0.0998000000000001,-0.1152,-0.3261,-0.097,0.2348,-1.1504,0.117,0.2961,-1.193,-0.2831,0.1176,-0.3261
13,-0.0008,0.0022,-0.0001,1.1005,-0.0334,0.3269,0.0004,0.0244,-0.0035,0.755,-0,0.0677,0.0998000000000001,-0.1152,-0.3261,-0.096,0.248,-1.1426,0.1158,0.3079,-1.1823,-0.2831,0.1176,-0.3261
14,-0.0008,0.0022,-0.0001,1.1005,-0.0334,0.3269,0.0004,0.0244,-0.0035,0.755,-0,0.0677,0.0593,0.8377,-1.2158,-0.096,0.248,-1.1426,0.1158,0.3079,-1.1823,-0.0383,0.857,-1.1581
14,-0.0009,0.0024,-0.0001,1.1081,-0.0334,0.3275,0.0001,0.0226,-0.0035,0.7534,0.0021,0.0495,0.0597,0.8635,-1.2563,-0.0959,0.2778,-1.1589,0.1155,0.3363,-1.1946,-0.0388,0.8835,-1.1993
15,-0.0009,0.0024,-0.0001,1.1081,-0.0334,0.3275,0.0001,0.0226,-0.0035,0.7534,0.0021,0.0495,0.0597,0.8635,-1.2563,0.269,0.0986,-0.3275,-0.1112,-0.0968,-0.3275,-0.0388,0.8835,-1.1993
15,-0.0009,0.0026,-0.0001,1.1156,-0.0334,0.3279,-0.0002,0.0193,-0.0033,0.7499,0.0041,0.0283,0.0603,0.8955,-1.3274,0.2615,0.0986,-0.3279,-0.1187,-0.0968,-0.3279,-0.0396,0.9183,-1.2738
15,-0.0009,0.0028,-0.0001,1.1231,-0.0333,0.328,-0.0006,0.0146,-0.003,0.7445,0.0059,0.004,0.0612,0.9294,-1.4191,0.254,0.0985,-0.328,-0.1262,-0.0969,-0.328,-0.0408,0.9566,-1.3705
15,-0.001,0.0029,-0.0001,1.1305,-0.0333,0.3279,-0.001,0.0083,-0.0025,0.7374,0.0075,-0.0233,0.0623,0.9611,-1.5223,0.2466,0.0985,-0.3279,-0.1336,-0.0969,-0.3279,-0.0423,0.9937,-1.4796
15,-0.001,0.0029,-0.0001,1.1378,-0.0332,0.3276,-0.0014,0.0018,-0.0019,0.7298,0.0089,-0.0476,0.0636,0.9866,-1.6291,0.2393,0.0984,-0.3276,-0.1409,-0.097,-0.3276,-0.0441,1.0255,-1.5927
15,-0.001,0.0029,-0.0001,1.1451,-0.0331,0.327,-0.0017,-0.0037,-0.0015,0.7236,0.01,-0.0629,0.0649,1.003,-1.7326,0.232,0.0983,-0.327,-0.1482,-0.0971,-0.327,-0.046,1.0488,-1.7028
15,-0.001,0.0029,-0.0001,1.1523,-0.033,0.3264,-0.002,-0.0083,-0.0012,0.7185,0.0107,-0.0693,0.0661,1.0083,-1.8273,0.2248,0.0982,-0.3264,-0.1554,-0.0972,-0.3264,-0.0482,1.0612,-1.8042
15,-0.001,0.0028,-0.0001,1.1595,-0.0329,0.3257,-0.0021,-0.0119,-0.001,0.7146,0.0112,-0.0666,0.0672,1.0018,-1.9083,0.2176,0.0981,-0.3257,-0.1626,-0.0973,-0.3257,-0.0504,1.0618,-1.8919
15,-0.001,0.0026,-0.0002,1.1666,-0.0328,0.3251,-0.0021,-0.0146,-0.0009,0.712,0.0114,-0.055,0.0679,0.9848,-1.9721,0.2105,0.098,-0.3251,-0.1697,-0.0974,-0.3251,-0.0525,1.0512,-1.962
15,-0.0011,0.0025,-0.0002,1.1737,-0.0327,0.3246,-0.0021,-0.0163,-0.0009,0.7105,0.0112,-0.0344,0.0679,0.9602,-2.0153,0.2034,0.0979,-0.3246,-0.1768,-0.0975,-0.3246,-0.0541,1.0317,-2.0111
15,-0.0011,0.0023,-0.0002,1.1808,-0.0326,0.3244,-0.0019,-0.0171,-0.001,0.7103,0.0108,-0.0048,0.0671,0.9328,-2.0357,0.1963,0.0978,-0.3244,-0.1839,-0.0976,-0.3244,-0.055,1.0074,-2.0362
15,-0.0011,0.0021,-0.0002,1.1879,-0.0325,0.3245,-0.0016,-0.0169,-0.0013,0.7113,0.01,0.0338,0.0652,0.9033,-2.0307,0.1892,0.0977,-0.3245,-0.191,-0.0977,-0.3245,-0.055,0.9789,-2.0349
15,-0.0011,0.002,-0.0002,1.195,-0.0324,0.3251,-0.0013,-0.0157,-0.0016,0.7135,0.0089,0.0814,0.0618,0.8536,-1.9974,0.1821,0.0976,-0.3251,-0.1981,-0.0978,-0.3251,-0.0536,0.9286,-2.0057
15,-0.0011,0.0018,-0.0002,1.2022,-0.0323,0.3262,-0.0009,-0.0136,-0.002,0.7169,0.0076,0.138,0.0575,0.7861,-1.9377,0.1749,0.0975,-0.3262,-0.2053,-0.0979,-0.3262,-0.0514,0.8594,-1.9505
15,-0.0011,0.0017,-0.0003,1.2094,-0.0322,0.3279,-0.0004,-0.011,-0.0025,0.7207,0.0061,0.1913,0.0528,0.7068,-1.854,0.1677,0.0974,-0.3279,-0.2125,-0.098,-0.3279,-0.0486,0.7775,-1.8713
15,-0.0012,0.0016,-0.0003,1.2166,-0.0322,0.33,-0.0001,-0.0085,-0.0028,0.7242,0.0048,0.2291,0.0481,0.6206,-1.7498,0.1605,0.0974,-0.33,-0.2197,-0.098,-0.33,-0.0455,0.6884,-1.7714
15,-0.0012,0.0015,-0.0003,1.2239,-0.0321,0.3324,0.0002,-0.0059,-0.0031,0.7274,0.0036,0.2513,0.0436,0.5313,-1.6292,0.1532,0.0973,-0.3324,-0.227,-0.0981,-0.3324,-0.0424,0.5964,-1.6549
15,-0.0012,0.0015,-0.0003,1.2311,-0.0321,0.3349,0.0004,-0.0033,-0.0033,0.7302,0.0026,0.258,0.0395,0.4419,-1.4968,0.146,0.0973,-0.3349,-0.2342,-0.0981,-0.3349,-0.0395,0.5047,-1.5263
15,-0.0013,0.0015,-0.0002,1.2385,-0.0321,0.3375,0.0004,-0.0007,-0.0033,0.7326,0.0017,0.2492,0.036,0.3552,-1.3576,0.1386,0.0973,-0.3375,-0.2416,-0.0981,-0.3375,-0.037,0.4164,-1.3908
15,-0.0013,0.0015,-0.0002,1.2458,-0.032,0.3399,0.0004,0.0019,-0.0033,0.7348,0.0009,0.2249,0.0332,0.2746,-1.2185,0.1313,0.0972,-0.3399,-0.2489,-0.0982,-0.3399,-0.0348,0.3348,-1.2554
15,-0.0013,0.0015,-0.0002,1.2532,-0.032,0.3419,0.0003,0.0045,-0.0031,0.7365,0.0003,0.185,0.0309,0.2045,-1.0888,0.1239,0.0972,-0.3419,-0.2563,-0.0982,-0.3419,-0.0331,0.2645,-1.1292
15,-0.0013,0.0016,-0.0002,1.2605,-0.032,0.3435,0.0001,0.0071,-0.0029,0.7379,-0.0002,0.1296,0.0294,0.1525,-0.9828,0.1166,0.0972,-0.3435,-0.2636,-0.0982,-0.3435,-0.0318,0.2123,-1.0257
15,-0.0014,0.0016,-0.0002,1.2679,-0.032,0.3445,-0.0002,0.0097,-0.0026,0.739,-0.0005,0.0587,0.0284,0.1277,-0.9182,0.1092,0.0972,-0.3445,-0.271,-0.0982,-0.3445,-0.0311,0.1871,-0.9616
15,-0.0014,0.0018,-0.0002,1.2753,-0.032,0.3446,-0.0006,0.0123,-0.0022,0.7397,-0.0007,-0.0277,0.0281,0.14,-0.9129,0.1018,0.0972,-0.3446,-0.2784,-0.0982,-0.3446,-0.0308,0.1982,-0.9536
15,-0.0014,0.0019,-0.0002,1.2827,-0.0321,0.3439,-0.0009,0.0145,-0.0017,0.7401,-0.0009,-0.1143,0.0281,0.1751,-0.9451,0.1018,0.0972,-0.3446,-0.2784,-0.0982,-0.3446,-0.0309,0.2317,-0.9816
16,-0.0014,0.0019,-0.0002,1.2827,-0.0321,0.3439,-0.0009,0.0145,-0.0017,0.7401,-0.0009,-0.1143,0.2739,-0.1251,-0.3439,0.0944,0.0973,-0.3439,-0.2858,-0.0981,-0.3439,-0.1057,0.1194,-0.3439
16,-0.0014,0.002,-0.0003,1.2901,-0.0321,0.3424,-0.0012,0.0158,-0.0011,0.7401,-0.0014,-0.1855,0.2739,-0.1251,-0.3439,0.0944,0.0973,-0.3439,-0.2858,-0.0981,-0.3439,-0.1057,0.1194,-0.3439
17,-0.0014,0.002,-0.0003,1.2901,-0.0321,0.3424,-0.0012,0.0158,-0.0011,0.7401,-0.0014,-0.1855,0.2665,-0.1251,-0.3424,-0.096,0.7783,-1.084,0.1058,0.7985,-1.0462,-0.1131,0.1194,-0.3424
17,-0.0014,0.0022,-0.0003,1.2975,-0.0321,0.3403,-0.0013,0.0162,-0.0006,0.7397,-0.002,-0.2414,0.2591,-0.1251,-0.3403,-0.0978,0.8187,-1.1519,0.1077,0.8405,-1.1152,-0.1205,0.1194,-0.3403
17,-0.0014,0.0024,-0.0003,1.3049,-0.0321,0.3376,-0.0012,0.0157,-0,0.7389,-0.0028,-0.282,0.2517,-0.1251,-0.3376,-0.1003,0.8664,-1.2517,0.1104,0.8916,-1.2181,-0.1279,0.1194,-0.3376
17,-0.0014,0.0025,-0.0003,1.3123,-0.0321,0.3347,-0.001,0.0143,0.0006,0.7378,-0.0039,-0.3073,0.2443,-0.1251,-0.3347,-0.1036,0.9151,-1.3701,0.1141,0.9451,-1.3404,-0.1353,0.1194,-0.3347
17,-0.0014,0.0026,-0.0003,1.3197,-0.0322,0.3315,-0.0007,0.012,0.0012,0.7363,-0.0051,-0.3172,0.2369,-0.125,-0.3315,-0.1076,0.9597,-1.4962,0.1186,0.9955,-1.4709,-0.1427,0.1195,-0.3315
17,-0.0014,0.0027,-0.0003,1.327,-0.0322,0.3284,-0.0003,0.0088,0.0019,0.7345,-0.0065,-0.3118,0.2296,-0.125,-0.3284,-0.1122,0.9958,-1.6217,0.1238,1.0384,-1.6012,-0.15,0.1195,-0.3284
17,-0.0014,0.0028,-0.0003,1.3343,-0.0323,0.3254,0.0003,0.0048,0.0026,0.7323,-0.0082,-0.2911,0.2223,-0.1249,-0.3254,-0.1172,1.0203,-1.7401,0.1296,1.0707,-1.7248,-0.1573,0.1196,-0.3254
17,-0.0014,0.0028,-0.0003,1.3417,-0.0324,0.3226,0.0011,-0.0002,0.0033,0.7297,-0.01,-0.2551,0.2149,-0.1248,-0.3226,-0.1224,1.0314,-1.8465,0.1358,1.0902,-1.8367,-0.1647,0.1197,-0.3226
17,-0.0013,0.0028,-0.0003,1.3489,-0.0325,0.3203,0.0019,-0.006,0.004,0.7268,-0.012,-0.2037,0.2077,-0.1247,-0.3203,-0.1274,1.0282,-1.9362,0.142,1.0958,-1.9322,-0.1719,0.1198,-0.3203
17,-0.0013,0.0027,-0.0003,1.3562,-0.0326,0.3186,0.0027,-0.0115,0.0047,0.7244,-0.0139,-0.1475,0.2004,-0.1246,-0.3186,-0.1315,1.0122,-2.0056,0.1475,1.0881,-2.0076,-0.1792,0.1199,-0.3186
17,-0.0012,0.0026,-0.0002,1.3634,-0.0328,0.3173,0.0032,-0.0157,0.0051,0.7235,-0.0152,-0.097,0.1932,-0.1244,-0.3173,-0.1342,0.9872,-2.0525,0.1517,1.0701,-2.0602,-0.1864,0.1201,-0.3173
17,-0.0012,0.0024,-0.0002,1.3707,-0.0329,0.3166,0.0035,-0.0184,0.0052,0.7241,-0.0159,-0.0522,0.1859,-0.1243,-0.3166,-0.135,0.959,-2.0757,0.1538,1.0467,-2.0883,-0.1937,0.1202,-0.3166
17,-0.0011,0.0022,-0.0002,1.3779,-0.0331,0.3163,0.0035,-0.0197,0.0051,0.7261,-0.016,-0.0131,0.1787,-0.1241,-0.3163,-0.1332,0.9291,-2.0737,0.1532,1.0193,-2.0899,-0.2009,0.1204,-0.3163
17,-0.0011,0.002,-0.0001,1.3852,-0.0333,0.3163,0.0032,-0.0195,0.0048,0.7297,-0.0155,0.0203,0.1714,-0.1239,-0.3163,-0.1288,0.879,-2.0448,0.1493,0.97,-2.0652,-0.2082,0.1206,-0.3163
17,-0.001,0.0018,-0.0001,1.3925,-0.0334,0.3167,0.0026,-0.0179,0.0042,0.7348,-0.0145,0.048,0.1641,-0.1238,-0.3167,-0.1224,0.8116,-1.9916,0.1429,0.9021,-2.0166,-0.2155,0.1207,-0.3167
17,-0.001,0.0017,-0.0001,1.3999,-0.0336,0.3173,0.0017,-0.0149,0.0034,0.7413,-0.0129,0.07,0.1567,-0.1236,-0.3173,-0.115,0.7334,-1.9173,0.1351,0.8225,-1.9471,-0.2229,0.1209,-0.3173
17,-0.001,0.0015,-0.0001,1.4073,-0.0337,0.318,0.0006,-0.0105,0.0023,0.7493,-0.0108,0.0863,0.1493,-0.1235,-0.318,-0.1073,0.6498,-1.8256,0.1266,0.7372,-1.8602,-0.2303,0.121,-0.318
17,-0.001,0.0015,-0.0001,1.4149,-0.0338,0.319,-0.0008,-0.0047,0.001,0.7588,-0.008,0.0969,0.1417,-0.1234,-0.319,-0.0999,0.5649,-1.7208,0.1184,0.6507,-1.7599,-0.2379,0.1211,-0.319
17,-0.001,0.0015,-0.0001,1.4225,-0.0338,0.32,-0.0025,0.0026,-0.0006,0.7698,-0.0047,0.1018,0.1341,-0.1234,-0.32,-0.0933,0.4822,-1.6074,0.1107,0.5667,-1.6507,-0.2455,0.1211,-0.32
17,-0.001,0.0015,-0.0001,1.4303,-0.0339,0.321,-0.004,0.0098,-0.0021,0.7806,-0.0012,0.1023,0.1263,-0.1233,-0.321,-0.0874,0.4043,-1.4903,0.1037,0.4879,-1.5377,-0.2533,0.1212,-0.321
17,-0.001,0.0016,-0.0002,1.4381,-0.0339,0.322,-0.0052,0.0153,-0.0032,0.7893,0.0021,0.0998,0.1185,-0.1233,-0.322,-0.0825,0.3349,-1.3766,0.0977,0.418,-1.4273,-0.2611,0.1212,-0.322
17,-0.001,0.0018,-0.0002,1.4461,-0.0338,0.323,-0.0059,0.0192,-0.0039,0.7959,0.0052,0.0942,0.1105,-0.1234,-0.323,-0.0786,0.2779,-1.274,0.0927,0.3607,-1.3273,-0.2691,0.1211,-0.323
17,-0.0011,0.002,-0.0003,1.454,-0.0338,0.3239,-0.0061,0.0214,-0.0042,0.8005,0.0081,0.0857,0.1026,-0.1234,-0.3239,-0.0758,0.2386,-1.1926,0.0889,0.321,-1.247,-0.277,0.1211,-0.3239
17,-0.0011,0.0022,-0.0003,1.4621,-0.0337,0.3247,-0.0059,0.0219,-0.0042,0.8031,0.0108,0.0741,0.0945,-0.1235,-0.3247,-0.0742,0.2234,-1.1439,0.0864,0.3049,-1.1972,-0.2851,0.121,-0.3247
17,-0.0012,0.0025,-0.0004,1.4701,-0.0335,0.3253,-0.0052,0.0208,-0.0038,0.8036,0.0133,0.0594,0.0945,-0.1235,-0.3247,-0.0738,0.2385,-1.1385,0.0851,0.3184,-1.1877,-0.2851,0.121,-0.3247
18,-0.0012,0.0025,-0.0004,1.4701,-0.0335,0.3253,-0.0052,0.0208,-0.0038,0.8036,0.0133,0.0594,0.0335,0.8465,-1.2018,-0.0738,0.2385,-1.1385,0.0851,0.3184,-1.1877,-0.0284,0.8646,-1.1584
18,-0.0012,0.0027,-0.0004,1.4781,-0.0334,0.3258,-0.0041,0.0181,-0.003,0.8021,0.0156,0.0418,0.0334,0.8724,-1.2414,-0.0741,0.2711,-1.1577,0.0845,0.3489,-1.2011,-0.0291,0.8919,-1.1986
19,-0.0012,0.0027,-0.0004,1.4781,-0.0334,0.3258,-0.0041,0.0181,-0.003,0.8021,0.0156,0.0418,0.0334,0.8724,-1.2414,0.271,0.1056,-0.3258,-0.1145,-0.107,-0.3258,-0.0291,0.8919,-1.1986
19,-0.0012,0.0028,-0.0005,1.4861,-0.0332,0.3262,-0.0026,0.0137,-0.0018,0.7986,0.0177,0.0211,0.0333,0.9042,-1.3121,0.263,0.1054,-0.3262,-0.1225,-0.1072,-0.3262,-0.0299,0.9273,-1.272
19,-0.0012,0.0029,-0.0005,1.4941,-0.033,0.3263,-0.0006,0.0076,-0.0003,0.793,0.0196,-0.0026,0.0333,0.9379,-1.4038,0.255,0.1052,-0.3263,-0.1305,-0.1074,-0.3263,-0.0311,0.9662,-1.3678
19,-0.0012,0.003,-0.0005,1.502,-0.0328,0.3261,0.0019,-0.0001,0.0016,0.7854,0.0213,-0.0294,0.0333,0.9689,-1.507,0.2471,0.105,-0.3261,-0.1384,-0.1076,-0.3261,-0.0324,1.0039,-1.476
19,-0.0012,0.0029,-0.0005,1.5098,-0.0326,0.3257,0.0042,-0.0079,0.0036,0.7773,0.0226,-0.0531,0.0332,0.9936,-1.6138,0.2393,0.1048,-0.3257,-0.1462,-0.1078,-0.3257,-0.034,1.0367,-1.5886
19,-0.0011,0.0028,-0.0004,1.5175,-0.0324,0.3251,0.006,-0.0145,0.005,0.7702,0.0235,-0.0676,0.033,1.0087,-1.7172,0.2316,0.1046,-0.3251,-0.1539,-0.108,-0.3251,-0.0358,1.061,-1.6983
19,-0.0011,0.0026,-0.0003,1.5252,-0.0321,0.3244,0.0071,-0.0198,0.0061,0.7642,0.024,-0.073,0.0327,1.0124,-1.8115,0.2239,0.1043,-0.3244,-0.1616,-0.1083,-0.3244,-0.0377,1.0747,-1.7995
19,-0.001,0.0024,-0.0003,1.5328,-0.0319,0.3236,0.0076,-0.0238,0.0068,0.7592,0.0239,-0.0693,0.0322,1.0041,-1.8919,0.2163,0.1041,-0.3236,-0.1692,-0.1085,-0.3236,-0.0396,1.0767,-1.8872
19,-0.001,0.0022,-0.0002,1.5404,-0.0317,0.323,0.0075,-0.0264,0.007,0.7552,0.0234,-0.0563,0.0315,0.9852,-1.9549,0.2087,0.1039,-0.323,-0.1768,-0.1087,-0.323,-0.0415,1.0677,-1.9576
19,-0.0009,0.0019,-0.0001,1.5479,-0.0314,0.3225,0.0068,-0.0278,0.0068,0.7523,0.0224,-0.0343,0.0304,0.9589,-1.9973,0.2012,0.1036,-0.3225,-0.1843,-0.109,-0.3225,-0.043,1.0498,-2.0071
19,-0.0008,0.0016,-0.0001,1.5554,-0.0312,0.3223,0.0054,-0.0279,0.0061,0.7505,0.021,-0.003,0.029,0.93,-2.017,0.1937,0.1034,-0.3223,-0.1918,-0.1092,-0.3223,-0.044,1.027,-2.0328
19,-0.0008,0.0013,-0,1.5629,-0.031,0.3225,0.0035,-0.0266,0.0051,0.7497,0.0191,0.0374,0.0272,0.8994,-2.0117,0.1862,0.1032,-0.3225,-0.1993,-0.1094,-0.3225,-0.0443,0.9998,-2.0322
19,-0.0007,0.0011,0,1.5704,-0.0308,0.3231,0.0009,-0.0241,0.0036,0.75,0.0167,0.0869,0.025,0.8481,-1.9786,0.1787,0.103,-0.3231,-0.2068,-0.1096,-0.3231,-0.0433,0.9503,-2.0045
19,-0.0007,0.0009,0,1.5779,-0.0307,0.3243,-0.0023,-0.0203,0.0017,0.7512,0.0139,0.1456,0.0225,0.7786,-1.9192,0.1712,0.1029,-0.3243,-0.2143,-0.1097,-0.3243,-0.0416,0.8813,-1.951
19,-0.0007,0.0007,-0,1.5855,-0.0306,0.326,-0.0054,-0.0159,-0.0003,0.753,0.011,0.2011,0.0201,0.6969,-1.8357,0.1636,0.1028,-0.326,-0.2219,-0.1098,-0.326,-0.0392,0.7992,-1.8739
19,-0.0007,0.0005,-0.0001,1.593,-0.0305,0.3283,-0.0079,-0.012,-0.002,0.7546,0.0083,0.2407,0.0179,0.6079,-1.7313,0.1561,0.1027,-0.3283,-0.2294,-0.1099,-0.3283,-0.0366,0.7097,-1.7762
19,-0.0007,0.0004,-0.0002,1.6006,-0.0304,0.3308,-0.0097,-0.0083,-0.0035,0.7561,0.006,0.2647,0.0159,0.5158,-1.6101,0.1485,0.1026,-0.3308,-0.237,-0.11,-0.3308,-0.0339,0.6172,-1.6618
19,-0.0008,0.0004,-0.0003,1.6081,-0.0303,0.3335,-0.0108,-0.005,-0.0046,0.7575,0.0039,0.2729,0.0141,0.4235,-1.4762,0.141,0.1025,-0.3335,-0.2445,-0.1101,-0.3335,-0.0312,0.5252,-1.5352
19,-0.0008,0.0003,-0.0004,1.6157,-0.0303,0.3362,-0.0113,-0.0019,-0.0055,0.7587,0.0021,0.2653,0.0128,0.334,-1.335,0.1334,0.1025,-0.3362,-0.2521,-0.1101,-0.3362,-0.0289,0.4366,-1.4018
19,-0.0009,0.0003,-0.0005,1.6233,-0.0303,0.3387,-0.011,0.0007,-0.0061,0.7598,0.0007,0.2421,0.0117,0.2505,-1.193,0.1258,0.1025,-0.3387,-0.2597,-0.1101,-0.3387,-0.0268,0.355,-1.2682
19,-0.0009,0.0004,-0.0006,1.6309,-0.0303,0.341,-0.0101,0.0031,-0.0065,0.7608,-0.0006,0.203,0.0109,0.178,-1.0602,0.1182,0.1025,-0.341,-0.2673,-0.1101,-0.341,-0.0251,0.2851,-1.1439
19,-0.001,0.0004,-0.0007,1.6385,-0.0303,0.3428,-0.0086,0.0051,-0.0065,0.7617,-0.0015,0.1483,0.0105,0.1238,-0.951,0.1106,0.1025,-0.3428,-0.2749,-0.1101,-0.3428,-0.0239,0.2333,-1.0416
19,-0.0011,0.0005,-0.0008,1.6461,-0.0303,0.3439,-0.0063,0.0068,-0.0063,0.7624,-0.0021,0.0778,0.0103,0.0976,-0.8841,0.103,0.1025,-0.3439,-0.2825,-0.1101,-0.3439,-0.0231,0.2084,-0.9776
19,-0.0011,0.0005,-0.0008,1.6538,-0.0304,0.3443,-0.0034,0.0081,-0.0058,0.763,-0.0025,-0.0085,0.0103,0.11,-0.8784,0.0953000000000002,0.1026,-0.3443,-0.2902,-0.11,-0.3443,-0.0228,0.2194,-0.9681
19,-0.0012,0.0006,-0.0009,1.6614,-0.0304,0.3437,-0.0003,0.009,-0.0052,0.7634,-0.0027,-0.095,0.0104,0.146,-0.9113,0.0953000000000002,0.1026,-0.3443,-0.2902,-0.11,-0.3443,-0.0228,0.2526,-0.9935
20,-0.0012,0.0006,-0.0009,1.6614,-0.0304,0.3437,-0.0003,0.009,-0.0052,0.7634,-0.0027,-0.095,0.2795,-0.1313,-0.3437,0.0877000000000001,0.1026,-0.3437,-0.2978,-0.11,-0.3437,-0.1107,0.122,-0.3437
20,-0.0012,0.0007,-0.0008,1.669,-0.0304,0.3424,0.0023,0.0094,-0.0044,0.7635,-0.0031,-0.1662,0.2795,-0.1313,-0.3437,0.0877000000000001,0.1026,-0.3437,-0.2978,-0.11,-0.3437,-0.1107,0.122,-0.3437
21,-0.0012,0.0007,-0.0008,1.669,-0.0304,0.3424,0.0023,0.0094,-0.0044,0.7635,-0.0031,-0.1662,0.2719,-0.1313,-0.3424,-0.0799,0.7846,-1.0571,0.0718,0.8052,-0.9934,-0.1183,0.122,-0.3424
21,-0.0013,0.0008,-0.0008,1.6767,-0.0304,0.3405,0.0045,0.0092,-0.0036,0.7634,-0.0036,-0.2222,0.2642,-0.1313,-0.3405,-0.0819,0.8238,-1.1231,0.0739,0.8466,-1.061,-0.126,0.122,-0.3405
21,-0.0013,0.0009,-0.0008,1.6843,-0.0305,0.338,0.0062,0.0084,-0.0027,0.763,-0.0043,-0.263,0.2566,-0.1312,-0.338,-0.0849,0.8707,-1.2222,0.077,0.8981,-1.1643,-0.1336,0.1221,-0.338
21,-0.0013,0.001,-0.0007,1.6919,-0.0305,0.3352,0.0075,0.007,-0.0017,0.7623,-0.005,-0.2885,0.249,-0.1312,-0.3352,-0.0891,0.9187,-1.3406,0.0813,0.9526,-1.288,-0.1412,0.1221,-0.3352
21,-0.0013,0.001,-0.0006,1.6995,-0.0306,0.3323,0.0083,0.005,-0.0006,0.7614,-0.0059,-0.2988,0.2414,-0.1311,-0.3323,-0.0942,0.9623,-1.4669,0.0867,1.0042,-1.4201,-0.1488,0.1222,-0.3323
21,-0.0013,0.0011,-0.0005,1.7072,-0.0306,0.3293,0.0087,0.0025,0.0005,0.7602,-0.0068,-0.2939,0.2337,-0.1311,-0.3293,-0.1001,0.9974,-1.5926,0.0931,1.0485,-1.552,-0.1565,0.1222,-0.3293
21,-0.0013,0.0011,-0.0004,1.7147,-0.0307,0.3265,0.0086,-0.0005,0.0018,0.7587,-0.0079,-0.2737,0.2262,-0.131,-0.3265,-0.1068,1.0207,-1.7113,0.1004,1.0823,-1.6771,-0.164,0.1223,-0.3265
21,-0.0013,0.0011,-0.0004,1.7223,-0.0308,0.3239,0.0081,-0.0042,0.0031,0.757,-0.0091,-0.2383,0.2186,-0.1309,-0.3239,-0.1139,1.0302,-1.8175,0.1084,1.1034,-1.7902,-0.1716,0.1224,-0.3239
21,-0.0013,0.001,-0.0003,1.7299,-0.0309,0.3218,0.0072,-0.0084,0.0045,0.755,-0.0105,-0.1876,0.211,-0.1308,-0.3218,-0.1211,1.0255,-1.907,0.1167,1.1109,-1.8871,-0.1792,0.1225,-0.3218
21,-0.0012,0.0009,-0.0002,1.7374,-0.031,0.3202,0.006,-0.0124,0.0057,0.7536,-0.0115,-0.1321,0.2035,-0.1307,-0.3202,-0.1277,1.0081,-1.9761,0.1248,1.1053,-1.9638,-0.1867,0.1226,-0.3202
21,-0.0012,0.0007,-0.0002,1.745,-0.0311,0.3191,0.0047,-0.0152,0.0066,0.7536,-0.012,-0.0824,0.1959,-0.1306,-0.3191,-0.133,0.9818,-2.0227,0.1318,1.0893,-2.0179,-0.1943,0.1227,-0.3191
21,-0.0011,0.0006,-0.0001,1.7525,-0.0312,0.3185,0.0034,-0.0169,0.0072,0.7551,-0.0118,-0.0384,0.1884,-0.1305,-0.3185,-0.1363,0.9524,-2.0457,0.1368,1.0674,-2.0473,-0.2018,0.1228,-0.3185
21,-0.001,0.0004,-0.0001,1.7601,-0.0314,0.3183,0.0021,-0.0176,0.0074,0.758,-0.0109,-0.0001,0.1808,-0.1303,-0.3183,-0.1369,0.9216,-2.0437,0.1391,1.0407,-2.0504,-0.2094,0.123,-0.3183
21,-0.0009,0.0002,-0.0001,1.7677,-0.0315,0.3185,0.0006,-0.0171,0.0073,0.7623,-0.0095,0.0325,0.1732,-0.1302,-0.3185,-0.1352,0.8704,-2.0153,0.1389,0.9919,-2.0284,-0.217,0.1231,-0.3185
21,-0.0009,0.0001,-0.0001,1.7753,-0.0316,0.3189,-0.0009,-0.0156,0.0069,0.7681,-0.0074,0.0593,0.1656,-0.1301,-0.3189,-0.1318,0.8015,-1.9628,0.1369,0.924,-1.9837,-0.2246,0.1232,-0.3189
21,-0.0008,-0.0001,-0.0001,1.783,-0.0316,0.3196,-0.0024,-0.0129,0.006,0.7753,-0.0046,0.0805,0.1579,-0.1301,-0.3196,-0.1274,0.7215,-1.8892,0.1336,0.8439,-1.9185,-0.2323,0.1232,-0.3196
21,-0.0007,-0.0002,-0.0001,1.7908,-0.0316,0.3205,-0.004,-0.0091,0.0049,0.7839,-0.0012,0.0959,0.1501,-0.1301,-0.3205,-0.1225,0.6359,-1.798,0.1294,0.7575,-1.836,-0.2401,0.1232,-0.3205
21,-0.0007,-0.0003,-0.0002,1.7987,-0.0316,0.3215,-0.0057,-0.0042,0.0034,0.794,0.0028,0.1056,0.1422,-0.1301,-0.3215,-0.1177,0.5489,-1.6932,0.1251,0.6698,-1.7399,-0.248,0.1232,-0.3215
21,-0.0007,-0.0003,-0.0002,1.8067,-0.0316,0.3226,-0.0074,0.0017,0.0015,0.8055,0.0074,0.1096,0.1342,-0.1301,-0.3226,-0.1133,0.4641,-1.5795,0.1206,0.5844,-1.6346,-0.256,0.1232,-0.3226
21,-0.0007,-0.0002,-0.0003,1.8148,-0.0315,0.3237,-0.0088,0.0076,-0.0003,0.8166,0.0122,0.1093,0.1261,-0.1302,-0.3237,-0.1093,0.3845,-1.4621,0.1163,0.5047,-1.5253,-0.2641,0.1231,-0.3237
21,-0.0007,-0.0001,-0.0004,1.823,-0.0313,0.3248,-0.0096,0.012,-0.0016,0.8254,0.0165,0.1061,0.1179,-0.1304,-0.3248,-0.106,0.3135,-1.3476,0.1124,0.4342,-1.4183,-0.2723,0.1229,-0.3248
21,-0.0007,0,-0.0005,1.8313,-0.0312,0.3258,-0.0098,0.0151,-0.0024,0.8319,0.0205,0.1,0.1096,-0.1305,-0.3258,-0.1034,0.2553,-1.2444,0.109,0.3767,-1.3211,-0.2806,0.1228,-0.3258
21,-0.0007,0.0002,-0.0006,1.8397,-0.0309,0.3268,-0.0094,0.0168,-0.0027,0.8361,0.024,0.0909,0.1012,-0.1308,-0.3268,-0.1017,0.2154,-1.1626,0.1062,0.3373,-1.2431,-0.289,0.1225,-0.3268
21,-0.0008,0.0004,-0.0007,1.848,-0.0307,0.3276,-0.0083,0.0171,-0.0026,0.8381,0.0271,0.079,0.0929,-0.131,-0.3276,-0.1008,0.2002,-1.1142,0.104,0.3216,-1.1946,-0.2973,0.1223,-0.3276
21,-0.0008,0.0005,-0.0008,1.8564,-0.0304,0.3284,-0.0065,0.0161,-0.002,0.8378,0.0298,0.0641,0.0929,-0.131,-0.3276,-0.101,0.2167,-1.1104,0.1026,0.3359,-1.1851,-0.2973,0.1223,-0.3276
22,-0.0008,0.0005,-0.0008,1.8564,-0.0304,0.3284,-0.0065,0.0161,-0.002,0.8378,0.0298,0.0641,0.0098,0.8256,-1.1512,-0.101,0.2167,-1.1104,0.1026,0.3359,-1.1851,-0.0243,0.8688,-1.0976
22,-0.0008,0.0007,-0.0008,1.8648,-0.0301,0.3289,-0.0042,0.0136,-0.0008,0.8352,0.0321,0.0464,0.0087,0.8521,-1.1902,-0.1017,0.2508,-1.1312,0.1014,0.3669,-1.1975,-0.0256,0.8971,-1.1391
23,-0.0008,0.0007,-0.0008,1.8648,-0.0301,0.3289,-0.0042,0.0136,-0.0008,0.8352,0.0321,0.0464,0.0087,0.8521,-1.1902,0.2747,0.0964,-0.3289,-0.1201,-0.1014,-0.3289,-0.0256,0.8971,-1.1391
23,-0.0008,0.0008,-0.0009,1.8731,-0.0298,0.3293,-0.0012,0.0098,0.0007,0.8303,0.034,0.0257,0.0075,0.8856,-1.2613,0.2664,0.0961,-0.3293,-0.1284,-0.1017,-0.3293,-0.0272,0.9351,-1.2165
23,-0.0008,0.0009,-0.0008,1.8814,-0.0294,0.3294,0.0025,0.0046,0.0028,0.8231,0.0354,0.0022,0.006,0.9214,-1.3538,0.2581,0.0957,-0.3294,-0.1367,-0.1021,-0.3294,-0.0292,0.9772,-1.3176
23,-0.0007,0.0009,-0.0008,1.8896,-0.029,0.3293,0.0067,-0.002,0.0054,0.8137,0.0365,-0.0243,0.0042,0.955,-1.458,0.2499,0.0953,-0.3293,-0.1449,-0.1025,-0.3293,-0.0315,1.0186,-1.4316
23,-0.0007,0.0008,-0.0007,1.8977,-0.0287,0.3289,0.0107,-0.0087,0.0079,0.8034,0.037,-0.0478,0.0021,0.9828,-1.5658,0.2418,0.095,-0.3289,-0.153,-0.1028,-0.3289,-0.0343,1.055,-1.5499
23,-0.0006,0.0007,-0.0006,1.9056,-0.0283,0.3284,0.0136,-0.0141,0.0098,0.794,0.0371,-0.0622,-0.0003,1.0016,-1.6702,0.2339,0.0946,-0.3284,-0.1609,-0.1032,-0.3284,-0.0373,1.0827,-1.6651
23,-0.0005,0.0005,-0.0004,1.9135,-0.0279,0.3277,0.0152,-0.0183,0.0112,0.7852,0.0367,-0.0677,-0.0029,1.0094,-1.7655,0.226,0.0942,-0.3277,-0.1688,-0.1036,-0.3277,-0.0406,1.0995,-1.7712
23,-0.0004,0.0003,-0.0003,1.9213,-0.0276,0.3271,0.0157,-0.0213,0.0119,0.7772,0.0357,-0.0642,-0.0058,1.0056,-1.847,0.2182,0.0939,-0.3271,-0.1766,-0.1039,-0.3271,-0.044,1.104,-1.8634
23,-0.0002,0.0001,-0.0001,1.9291,-0.0272,0.3265,0.015,-0.023,0.0121,0.7699,0.0343,-0.0518,-0.0088,0.9914,-1.911,0.2104,0.0935,-0.3265,-0.1844,-0.1043,-0.3265,-0.0474,1.0967,-1.9377
23,-0.0001,-0.0001,0,1.9367,-0.0269,0.3261,0.0131,-0.0235,0.0118,0.7633,0.0323,-0.0303,-0.0117,0.9694,-1.9546,0.2028,0.0932,-0.3261,-0.192,-0.1046,-0.3261,-0.0505,1.0797,-1.9904
23,-0,-0.0003,0.0001,1.9444,-0.0266,0.3259,0.0101,-0.0228,0.0108,0.7575,0.0298,0.0001,-0.0144,0.9439,-1.9754,0.1951,0.0929,-0.3259,-0.1997,-0.1049,-0.3259,-0.0527,1.0565,-2.0184
23,0.0001,-0.0006,0.0002,1.9519,-0.0263,0.3261,0.0059,-0.0208,0.0093,0.7524,0.0269,0.0395,-0.0166,0.9153,-1.9709,0.1876,0.0926,-0.3261,-0.2072,-0.1052,-0.3261,-0.0538,1.0277,-2.0191
23,0.0002,-0.0008,0.0002,1.9594,-0.026,0.3267,0.0005,-0.0176,0.0071,0.748,0.0234,0.0878,-0.0183,0.8656,-1.9392,0.1801,0.0923,-0.3267,-0.2147,-0.1055,-0.3267,-0.0538,0.9756,-1.9928
23,0.0002,-0.0009,0.0002,1.9669,-0.0258,0.3279,-0.0061,-0.0132,0.0044,0.7444,0.0194,0.1452,-0.0195,0.7971,-1.8817,0.1726,0.0921,-0.3279,-0.2222,-0.1057,-0.3279,-0.0526,0.9028,-1.9405
23,0.0003,-0.001,0.0001,1.9743,-0.0257,0.3296,-0.0125,-0.0085,0.0016,0.7413,0.0153,0.1992,-0.0201,0.7157,-1.8002,0.1652,0.092,-0.3296,-0.2296,-0.1058,-0.3296,-0.0506,0.8162,-1.864
23,0.0003,-0.0011,-0,1.9817,-0.0255,0.3318,-0.0174,-0.0044,-0.0008,0.7386,0.0117,0.2376,-0.0204,0.6263,-1.6977,0.1578,0.0918,-0.3318,-0.237,-0.106,-0.3318,-0.0483,0.7218,-1.7663
23,0.0002,-0.0011,-0.0002,1.9891,-0.0254,0.3343,-0.0208,-0.0009,-0.0029,0.7362,0.0084,0.2605,-0.0204,0.5332,-1.5778,0.1504,0.0917,-0.3343,-0.2444,-0.1061,-0.3343,-0.0456,0.6242,-1.651
23,0.0002,-0.0011,-0.0004,1.9964,-0.0254,0.337,-0.0228,0.002,-0.0046,0.7343,0.0056,0.2677,-0.0201,0.4395,-1.4448,0.1431,0.0917,-0.337,-0.2517,-0.1061,-0.337,-0.043,0.5272,-1.5227
23,0.0002,-0.0011,-0.0007,2.0037,-0.0253,0.3396,-0.0232,0.0043,-0.0059,0.7326,0.0032,0.2594,-0.0196,0.3481,-1.3036,0.1358,0.0916,-0.3396,-0.259,-0.1062,-0.3396,-0.0406,0.4338,-1.3868
23,0.0001,-0.001,-0.0009,2.0111,-0.0253,0.3421,-0.0222,0.006,-0.0069,0.7314,0.0011,0.2354,-0.0191,0.2623,-1.1607,0.1284,0.0916,-0.3421,-0.2664,-0.1062,-0.3421,-0.0384,0.3475,-1.2499
23,0,-0.001,-0.0011,2.0184,-0.0253,0.3443,-0.0197,0.007,-0.0076,0.7305,-0.0005,0.1959,-0.0186,0.1872,-1.026,0.1211,0.0916,-0.3443,-0.2737,-0.1062,-0.3443,-0.0366,0.2731,-1.1218
23,-0.0001,-0.0009,-0.0013,2.0257,-0.0253,0.346,-0.0157,0.0075,-0.0078,0.73,-0.0018,0.1407,-0.018,0.1303,-0.9142,0.1138,0.0916,-0.346,-0.281,-0.1062,-0.346,-0.0353,0.2174,-1.0158
23,-0.0001,-0.0008,-0.0014,2.033,-0.0253,0.347,-0.0102,0.0073,-0.0077,0.7298,-0.0026,0.07,-0.0176,0.1017,-0.8448,0.1065,0.0916,-0.347,-0.2883,-0.1062,-0.347,-0.0344,0.1894,-0.9492
23,-0.0002,-0.0007,-0.0015,2.0403,-0.0253,0.3473,-0.0032,0.0066,-0.0073,0.7301,-0.0031,-0.0164,-0.0173,0.1122,-0.8374,0.0992000000000002,0.0916,-0.3473,-0.2956,-0.1062,-0.3473,-0.034,0.199,-0.9394
23,-0.0003,-0.0007,-0.0015,2.0476,-0.0254,0.3467,0.0039,0.0054,-0.0066,0.7306,-0.0035,-0.1029,-0.0173,0.1468,-0.8696,0.0992000000000002,0.0916,-0.3473,-0.2956,-0.1062,-0.3473,-0.034,0.2316,-0.9659
24,-0.0003,-0.0007,-0.0015,2.0476,-0.0254,0.3467,0.0039,0.0054,-0.0066,0.7306,-0.0035,-0.1029,0.2736,-0.1409,-0.3467,0.0918999999999999,0.0917,-0.3467,-0.3029,-0.1061,-0.3467,-0.1073,0.1177,-0.3467
24,-0.0003,-0.0006,-0.0014,2.0549,-0.0254,0.3453,0.0097,0.0042,-0.0058,0.7316,-0.0042,-0.1741,0.2736,-0.1409,-0.3467,0.0918999999999999,0.0917,-0.3467,-0.3029,-0.1061,-0.3467,-0.1073,0.1177,-0.3467
25,-0.0003,-0.0006,-0.0014,2.0549,-0.0254,0.3453,0.0097,0.0042,-0.0058,0.7316,-0.0042,-0.1741,0.2663,-0.1409,-0.3453,-0.1109,0.7703,-1.0538,0.0838,0.7994,-0.9572,-0.1146,0.1177,-0.3453
25,-0.0004,-0.0006,-0.0013,2.0622,-0.0255,0.3433,0.0143,0.0029,-0.0049,0.733,-0.0051,-0.2301,0.259,-0.1408,-0.3433,-0.1128,0.8083,-1.1198,0.0851,0.8404,-1.0279,-0.1219,0.1178,-0.3433
25,-0.0004,-0.0006,-0.0011,2.0696,-0.0255,0.3407,0.0175,0.0015,-0.0038,0.7348,-0.0064,-0.2707,0.2516,-0.1408,-0.3407,-0.1158,0.8531,-1.2177,0.0871,0.8912,-1.1347,-0.1293,0.1178,-0.3407
25,-0.0005,-0.0006,-0.001,2.0769,-0.0256,0.3379,0.0195,0,-0.0027,0.7369,-0.0079,-0.2961,0.2443,-0.1407,-0.3379,-0.1196,0.8983,-1.3339,0.0898,0.944,-1.2614,-0.1366,0.1179,-0.3379
25,-0.0005,-0.0006,-0.0008,2.0843,-0.0257,0.3349,0.0203,-0.0016,-0.0015,0.7394,-0.0098,-0.3061,0.2369,-0.1406,-0.3349,-0.1243,0.9386,-1.4573,0.093,0.9928,-1.3957,-0.144,0.118,-0.3349
25,-0.0005,-0.0006,-0.0005,2.0917,-0.0258,0.3318,0.0197,-0.0032,-0.0001,0.7424,-0.0119,-0.3009,0.2295,-0.1405,-0.3318,-0.1295,0.9699,-1.5797,0.0969,1.0332,-1.5287,-0.1514,0.1181,-0.3318
25,-0.0005,-0.0006,-0.0004,2.0991,-0.0259,0.3289,0.0179,-0.005,0.0014,0.7457,-0.0143,-0.2804,0.2221,-0.1404,-0.3289,-0.1352,0.9894,-1.6947,0.1013,1.0619,-1.6539,-0.1588,0.1182,-0.3289
25,-0.0005,-0.0007,-0.0002,2.1066,-0.0261,0.3263,0.0148,-0.0069,0.0029,0.7494,-0.017,-0.2446,0.2146,-0.1402,-0.3263,-0.1409,0.9953,-1.7971,0.106,1.0769,-1.766,-0.1663,0.1184,-0.3263
25,-0.0004,-0.0008,-0.0001,2.1141,-0.0263,0.3241,0.0104,-0.0088,0.0046,0.7534,-0.02,-0.1936,0.2071,-0.14,-0.3241,-0.1462,0.9874,-1.8825,0.1107,1.0776,-1.8608,-0.1738,0.1186,-0.3241
25,-0.0004,-0.0009,0,2.1217,-0.0265,0.3224,0.0057,-0.0105,0.0062,0.7582,-0.0226,-0.1377,0.1995,-0.1398,-0.3224,-0.1505,0.9676,-1.9478,0.1151,1.065,-1.9348,-0.1814,0.1188,-0.3224
25,-0.0003,-0.001,0,2.1293,-0.0267,0.3213,0.0016,-0.0116,0.0072,0.7639,-0.0243,-0.0875,0.1919,-0.1396,-0.3213,-0.1533,0.9403,-1.9912,0.1188,1.0429,-1.986,-0.189,0.119,-0.3213
25,-0.0002,-0.0011,0,2.137,-0.027,0.3206,-0.002,-0.0122,0.0079,0.7705,-0.0251,-0.0431,0.1842,-0.1393,-0.3206,-0.154,0.9109,-2.0118,0.121,1.0162,-2.0129,-0.1967,0.1193,-0.3206
25,-0.0002,-0.0012,0,2.1447,-0.0272,0.3204,-0.005,-0.0121,0.0081,0.778,-0.0249,-0.0043,0.1765,-0.1391,-0.3204,-0.152,0.8812,-2.0086,0.1214,0.9864,-2.0143,-0.2044,0.1195,-0.3204
25,-0.0001,-0.0013,-0.0001,2.1525,-0.0275,0.3205,-0.0074,-0.0115,0.0078,0.7865,-0.0238,0.0287,0.1687,-0.1388,-0.3205,-0.1473,0.8319,-1.9791,0.1194,0.9351,-1.9903,-0.2122,0.1198,-0.3205
25,-0,-0.0015,-0.0001,2.1604,-0.0277,0.321,-0.0093,-0.0103,0.0072,0.7958,-0.0217,0.056,0.1608,-0.1386,-0.321,-0.1407,0.7655,-1.9258,0.1157,0.865,-1.943,-0.2201,0.12,-0.321
25,0.0001,-0.0015,-0.0002,2.1685,-0.0279,0.3216,-0.0106,-0.0085,0.0061,0.8062,-0.0188,0.0776,0.1527,-0.1384,-0.3216,-0.133,0.6883,-1.8518,0.1108,0.783,-1.875,-0.2282,0.1202,-0.3216
25,0.0001,-0.0016,-0.0003,2.1766,-0.0281,0.3225,-0.0113,-0.0061,0.0045,0.8174,-0.0148,0.0935,0.1446,-0.1382,-0.3225,-0.1251,0.6055,-1.7606,0.1054,0.6949,-1.7893,-0.2363,0.1204,-0.3225
25,0.0002,-0.0017,-0.0005,2.1848,-0.0282,0.3235,-0.0114,-0.0032,0.0025,0.8296,-0.0099,0.1037,0.1364,-0.1381,-0.3235,-0.1175,0.521,-1.656,0.0997,0.6053,-1.6895,-0.2445,0.1205,-0.3235
25,0.0002,-0.0017,-0.0006,2.1932,-0.0282,0.3246,-0.011,0.0003,0.0001,0.8427,-0.0041,0.1082,0.128,-0.1381,-0.3246,-0.1105,0.4383,-1.5427,0.0942,0.518,-1.5802,-0.2529,0.1205,-0.3246
25,0.0002,-0.0017,-0.0007,2.2017,-0.0283,0.3256,-0.0101,0.0037,-0.0023,0.8549,0.0019,0.1085,0.1195,-0.138,-0.3256,-0.1044,0.3607,-1.4261,0.0891,0.4364,-1.4668,-0.2614,0.1206,-0.3256
25,0.0001,-0.0016,-0.0008,2.2103,-0.0282,0.3267,-0.009,0.0062,-0.0041,0.8644,0.0074,0.106,0.1109,-0.1381,-0.3267,-0.0994,0.2915,-1.3124,0.0845,0.364,-1.3557,-0.27,0.1205,-0.3267
25,0.0001,-0.0015,-0.0009,2.2189,-0.0281,0.3278,-0.0076,0.0079,-0.0053,0.8711,0.0123,0.1007,0.1023,-0.1382,-0.3278,-0.0955,0.2348,-1.2097,0.0806,0.3048,-1.2547,-0.2786,0.1204,-0.3278
25,0,-0.0015,-0.0009,2.2277,-0.028,0.3287,-0.0059,0.0086,-0.006,0.8751,0.0167,0.0928,0.0935000000000001,-0.1383,-0.3287,-0.0927,0.1964,-1.1289,0.0774,0.2643,-1.1743,-0.2874,0.1203,-0.3287
25,-0,-0.0014,-0.001,2.2364,-0.0278,0.3296,-0.0039,0.0085,-0.0062,0.8765,0.0205,0.082,0.0848,-0.1385,-0.3296,-0.0912,0.1829,-1.0818,0.0751,0.2489,-1.1256,-0.2961,0.1201,-0.3296
25,-0.0001,-0.0013,-0.001,2.2452,-0.0276,0.3304,-0.0016,0.0075,-0.0057,0.875,0.0238,0.0686,0.0848,-0.1385,-0.3296,-0.0909,0.201,-1.0793,0.0737,0.265,-1.1191,-0.2961,0.1201,-0.3296
26,-0.0001,-0.0013,-0.001,2.2452,-0.0276,0.3304,-0.0016,0.0075,-0.0057,0.875,0.0238,0.0686,-0.0126,0.8186,-1.0919,-0.0909,0.201,-1.0793,0.0737,0.265,-1.1191,-0.0296,0.8626,-1.0888
26,-0.0002,-0.0012,-0.001,2.2539,-0.0273,0.331,0.001,0.0057,-0.0047,0.8709,0.0266,0.0524,-0.0137,0.8458,-1.1306,-0.0915,0.2366,-1.1011,0.0728,0.2986,-1.1357,-0.0305,0.8907,-1.1274
27,-0.0002,-0.0012,-0.001,2.2539,-0.0273,0.331,0.001,0.0057,-0.0047,0.8709,0.0266,0.0524,-0.0137,0.8458,-1.1306,0.276,0.0995,-0.331,-0.1056,-0.1107,-0.331,-0.0305,0.8907,-1.1274
27,-0.0002,-0.0012,-0.001,2.2626,-0.027,0.3314,0.0038,0.0029,-0.0032,0.864,0.0288,0.0334,-0.0151,0.881,-1.2031,0.2673,0.0992,-0.3314,-0.1143,-0.111,-0.3314,-0.0316,0.9283,-1.2014
27,-0.0002,-0.0012,-0.0009,2.2712,-0.0267,0.3316,0.007,-0.0007,-0.0011,0.8544,0.0304,0.0117,-0.0168,0.9191,-1.298,0.2587,0.0989,-0.3316,-0.1229,-0.1113,-0.3316,-0.0329,0.9702,-1.2991
27,-0.0002,-0.0012,-0.0008,2.2797,-0.0264,0.3316,0.0104,-0.0052,0.0016,0.8421,0.0315,-0.0127,-0.0188,0.9555,-1.4049,0.2502,0.0986,-0.3316,-0.1314,-0.1116,-0.3316,-0.0345,1.0115,-1.4097
27,-0.0002,-0.0013,-0.0007,2.288,-0.0261,0.3314,0.0134,-0.0096,0.0043,0.8287,0.0321,-0.034,-0.0212,0.9862,-1.5154,0.2419,0.0983,-0.3314,-0.1397,-0.1119,-0.3314,-0.0362,1.0482,-1.5248
27,-0.0001,-0.0014,-0.0006,2.2962,-0.0258,0.331,0.0152,-0.0131,0.0065,0.8159,0.0321,-0.0461,-0.0239,1.008,-1.6222,0.2337,0.098,-0.331,-0.1479,-0.1122,-0.331,-0.038,1.0767,-1.6369
27,-0.0001,-0.0015,-0.0004,2.3043,-0.0255,0.3305,0.016,-0.0156,0.0081,0.8038,0.0315,-0.0491,-0.0269,1.0189,-1.7197,0.2256,0.0977,-0.3305,-0.156,-0.1125,-0.3305,-0.0399,1.0948,-1.7403
27,0,-0.0017,-0.0003,2.3123,-0.0252,0.33,0.0156,-0.0172,0.0092,0.7922,0.0304,-0.043,-0.0299,1.018,-1.803,0.2176,0.0974,-0.33,-0.164,-0.1128,-0.33,-0.0417,1.101,-1.8299
27,0.0001,-0.0019,-0.0001,2.3202,-0.0249,0.3297,0.014,-0.0179,0.0098,0.7812,0.0288,-0.0278,-0.0329,1.0063,-1.8686,0.2097,0.0971,-0.3297,-0.1719,-0.1131,-0.3297,-0.0434,1.0959,-1.9019
27,0.0002,-0.002,0,2.328,-0.0246,0.3295,0.0113,-0.0175,0.0099,0.7709,0.0266,-0.0034,-0.0356,0.9863,-1.9132,0.2019,0.0968,-0.3295,-0.1797,-0.1134,-0.3295,-0.0446,1.0812,-1.9525
27,0.0003,-0.0022,0.0001,2.3356,-0.0243,0.3296,0.0075,-0.0163,0.0094,0.7612,0.0238,0.0301,-0.0377,0.9616,-1.9344,0.1943,0.0965,-0.3296,-0.1873,-0.1137,-0.3296,-0.0453,1.0599,-1.9787
27,0.0004,-0.0024,0.0002,2.3432,-0.0241,0.3301,0.0026,-0.0141,0.0085,0.7521,0.0205,0.0727,-0.0389,0.9327,-1.9297,0.1867,0.0963,-0.3301,-0.1949,-0.1139,-0.3301,-0.0452,1.0323,-1.9777
27,0.0005,-0.0025,0.0002,2.3507,-0.0239,0.3311,-0.0035,-0.0109,0.007,0.7436,0.0166,0.1245,-0.0392,0.882,-1.898,0.1792,0.0961,-0.3311,-0.2024,-0.1141,-0.3311,-0.0438,0.9813,-1.95
27,0.0005,-0.0026,0.0001,2.3581,-0.0238,0.3326,-0.0107,-0.0068,0.0049,0.7357,0.0122,0.1854,-0.0387,0.8117,-1.8403,0.1718,0.096,-0.3326,-0.2098,-0.1142,-0.3326,-0.0415,0.9096,-1.8968
27,0.0006,-0.0026,-0.0001,2.3654,-0.0237,0.3348,-0.0176,-0.0024,0.0028,0.7285,0.0077,0.2428,-0.0375,0.7276,-1.7581,0.1645,0.0959,-0.3348,-0.2171,-0.1143,-0.3348,-0.0386,0.8237,-1.8194
27,0.0006,-0.0026,-0.0003,2.3726,-0.0236,0.3375,-0.0226,0.0015,0.001,0.722,0.0036,0.2844,-0.0359,0.6348,-1.6538,0.1573,0.0958,-0.3375,-0.2243,-0.1144,-0.3375,-0.0353,0.7291,-1.7204
27,0.0006,-0.0026,-0.0005,2.3798,-0.0236,0.3404,-0.0258,0.0049,-0.0006,0.7164,0,0.31,-0.034,0.5375,-1.5309,0.1501,0.0958,-0.3404,-0.2315,-0.1144,-0.3404,-0.032,0.6306,-1.6032
27,0.0006,-0.0025,-0.0008,2.387,-0.0236,0.3436,-0.0271,0.0078,-0.0018,0.7115,-0.0031,0.3196,-0.0321,0.4388,-1.3929,0.1429,0.0958,-0.3436,-0.2387,-0.1144,-0.3436,-0.0288,0.5317,-1.472
27,0.0006,-0.0024,-0.001,2.394,-0.0237,0.3468,-0.0265,0.0102,-0.0028,0.7075,-0.0058,0.3134,-0.0302,0.3415,-1.2444,0.1359,0.0959,-0.3468,-0.2457,-0.1143,-0.3468,-0.0258,0.4354,-1.3315
27,0.0005,-0.0023,-0.0013,2.4011,-0.0237,0.3498,-0.0241,0.0122,-0.0034,0.7042,-0.0081,0.2912,-0.0285,0.2487,-1.0915,0.1288,0.0959,-0.3498,-0.2528,-0.1143,-0.3498,-0.0233,0.3452,-1.1882
27,0.0005,-0.0022,-0.0015,2.4081,-0.0238,0.3525,-0.0199,0.0136,-0.0037,0.7017,-0.0099,0.253,-0.0269,0.1654,-0.9437,0.1218,0.096,-0.3525,-0.2598,-0.1142,-0.3525,-0.0212,0.2656,-1.0513
27,0.0005,-0.0021,-0.0017,2.4151,-0.0239,0.3548,-0.0138,0.0146,-0.0038,0.7,-0.0113,0.199,-0.0255,0.0995,-0.8166,0.1148,0.0961,-0.3548,-0.2668,-0.1141,-0.3548,-0.0195,0.2037,-0.9342
27,0.0004,-0.0019,-0.0018,2.4221,-0.024,0.3565,-0.0058,0.0151,-0.0035,0.699,-0.0122,0.129,-0.0244,0.0625,-0.7327,0.1078,0.0962,-0.3565,-0.2738,-0.114,-0.3565,-0.0185,0.1691,-0.8557
27,0.0004,-0.0018,-0.0018,2.4291,-0.0242,0.3573,0.004,0.0151,-0.003,0.6989,-0.0127,0.043,-0.0238,0.0672,-0.7155,0.1008,0.0964,-0.3573,-0.2808,-0.1138,-0.3573,-0.0178,0.1728,-0.8359
27,0.0004,-0.0016,-0.0017,2.4361,-0.0243,0.3573,0.0137,0.0144,-0.0024,0.6989,-0.0128,-0.0435,-0.0236,0.0981,-0.742,0.1008,0.0964,-0.3573,-0.2808,-0.1138,-0.3573,-0.0175,0.2007,-0.8548
28,0.0004,-0.0016,-0.0017,2.4361,-0.0243,0.3573,0.0137,0.0144,-0.0024,0.6989,-0.0128,-0.0435,0.2717,-0.1434,-0.3573,0.0937999999999999,0.0965,-0.3573,-0.2878,-0.1137,-0.3573,-0.1132,0.1231,-0.3573
28,0.0003,-0.0015,-0.0015,2.4431,-0.0244,0.3565,0.0212,0.0127,-0.002,0.6984,-0.0127,-0.1153,0.2717,-0.1434,-0.3573,0.0937999999999999,0.0965,-0.3573,-0.2878,-0.1137,-0.3573,-0.1132,0.1231,-0.3573
29,0.0003,-0.0015,-0.0015,2.4431,-0.0244,0.3565,0.0212,0.0127,-0.002,0.6984,-0.0127,-0.1153,0.2647,-0.1433,-0.3565,-0.0931,0.6991,-0.9376,0.0609,0.7094,-0.8755,-0.1202,0.1232,-0.3565
29,0.0003,-0.0014,-0.0013,2.4501,-0.0246,0.3551,0.0264,0.01,-0.0019,0.6975,-0.0123,-0.1724,0.2577,-0.1431,-0.3551,-0.0942,0.7412,-1.0124,0.0625,0.7538,-0.9529,-0.1272,0.1234,-0.3551
29,0.0003,-0.0013,-0.001,2.457,-0.0247,0.3531,0.0295,0.0063,-0.0019,0.696,-0.0116,-0.2147,0.2508,-0.143,-0.3531,-0.0961,0.7931,-1.1236,0.065,0.8102,-1.0691,-0.1341,0.1235,-0.3531
29,0.0003,-0.0012,-0.0007,2.464,-0.0248,0.3508,0.0304,0.0017,-0.0022,0.6941,-0.0106,-0.2423,0.2438,-0.1429,-0.3508,-0.0987,0.8469,-1.2542,0.0683,0.8697,-1.2055,-0.1411,0.1236,-0.3508
29,0.0003,-0.0013,-0.0004,2.4709,-0.0249,0.3483,0.029,-0.004,-0.0026,0.6917,-0.0094,-0.2551,0.2369,-0.1428,-0.3483,-0.1018,0.8962,-1.3915,0.0725,0.9257,-1.3486,-0.148,0.1237,-0.3483
29,0.0002,-0.0013,-0.0001,2.4778,-0.025,0.3458,0.0255,-0.0106,-0.0033,0.6888,-0.0079,-0.2532,0.23,-0.1427,-0.3458,-0.1053,0.9364,-1.5265,0.0775,0.9735,-1.4895,-0.1549,0.1238,-0.3458
29,0.0002,-0.0015,0.0001,2.4847,-0.025,0.3433,0.0198,-0.0182,-0.0042,0.6855,-0.0061,-0.2365,0.2231,-0.1427,-0.3433,-0.1092,0.9645,-1.6527,0.0832,1.0101,-1.6217,-0.1618,0.1238,-0.3433
29,0.0001,-0.0017,0.0003,2.4915,-0.0251,0.3411,0.0119,-0.0268,-0.0053,0.6816,-0.004,-0.2051,0.2163,-0.1426,-0.3411,-0.1131,0.9783,-1.7649,0.0894,1.0332,-1.7401,-0.1686,0.1239,-0.3411
29,0.0001,-0.002,0.0003,2.4983,-0.0251,0.3393,0.0018,-0.0364,-0.0066,0.6773,-0.0017,-0.1589,0.2095,-0.1426,-0.3393,-0.1167,0.9773,-1.8587,0.0958,1.0419,-1.8406,-0.1754,0.1239,-0.3393
29,0,-0.0024,0.0003,2.5051,-0.0251,0.3379,-0.0083,-0.0448,-0.0077,0.6731,0.0012,-0.1084,0.2027,-0.1426,-0.3379,-0.1196,0.9628,-1.9306,0.1018,1.0367,-1.9194,-0.1822,0.1239,-0.3379
29,-0.0001,-0.0029,0.0002,2.5118,-0.0251,0.3371,-0.0163,-0.0498,-0.0083,0.6696,0.0047,-0.0638,0.196,-0.1426,-0.3371,-0.1212,0.9385,-1.9783,0.1067,1.0205,-1.9739,-0.1889,0.1239,-0.3371
29,-0.0001,-0.0034,-0,2.5185,-0.025,0.3366,-0.0221,-0.0514,-0.0085,0.6669,0.0089,-0.0252,0.1893,-0.1427,-0.3366,-0.1214,0.9099,-2.0007,0.1098,0.9977,-2.0024,-0.1956,0.1238,-0.3366
29,-0.0002,-0.0039,-0.0003,2.5251,-0.0249,0.3365,-0.0258,-0.0497,-0.0081,0.6649,0.0138,0.0073,0.1827,-0.1428,-0.3365,-0.1196,0.8784,-1.9961,0.1105,0.9694,-2.0028,-0.2022,0.1237,-0.3365
29,-0.0003,-0.0044,-0.0005,2.5318,-0.0247,0.3368,-0.0274,-0.0447,-0.0071,0.6636,0.0195,0.0339,0.176,-0.143,-0.3368,-0.1154,0.8263,-1.9621,0.1091,0.9192,-1.9752,-0.2089,0.1235,-0.3368
29,-0.0004,-0.0048,-0.0008,2.5384,-0.0245,0.3372,-0.0268,-0.0362,-0.0057,0.663,0.0258,0.0545,0.1694,-0.1432,-0.3372,-0.1097,0.7565,-1.9017,0.1061,0.8502,-1.9221,-0.2155,0.1233,-0.3372
29,-0.0004,-0.0051,-0.0011,2.545,-0.0242,0.3378,-0.024,-0.0245,-0.0037,0.6631,0.0328,0.0692,0.1628,-0.1435,-0.3378,-0.1031,0.6751,-1.8181,0.1018,0.7688,-1.8465,-0.2221,0.123,-0.3378
29,-0.0004,-0.0053,-0.0013,2.5517,-0.0239,0.3386,-0.0191,-0.0093,-0.0012,0.664,0.0405,0.0778,0.1561,-0.1438,-0.3386,-0.0965,0.5871,-1.715,0.0969,0.6804,-1.7516,-0.2288,0.1227,-0.3386
29,-0.0004,-0.0053,-0.0014,2.5583,-0.0234,0.3394,-0.0121,0.0092,0.0019,0.6656,0.0489,0.0805,0.1495,-0.1443,-0.3394,-0.0905,0.4961,-1.5965,0.0917,0.5893,-1.6412,-0.2354,0.1222,-0.3394
29,-0.0004,-0.0051,-0.0015,2.565,-0.0229,0.3402,-0.0029,0.0311,0.0055,0.6679,0.058,0.0771,0.1428,-0.1448,-0.3402,-0.0854,0.4053,-1.4671,0.0864,0.4987,-1.5198,-0.2421,0.1217,-0.3402
29,-0.0003,-0.0047,-0.0015,2.5717,-0.0223,0.3409,0.0064,0.0517,0.0089,0.6698,0.0669,0.0691,0.1361,-0.1454,-0.3409,-0.0814,0.3176,-1.332,0.0813,0.4117,-1.3924,-0.2488,0.1211,-0.3409
29,-0.0002,-0.0041,-0.0014,2.5784,-0.0215,0.3415,0.0137,0.0663,0.0113,0.6698,0.0749,0.0577,0.1294,-0.1462,-0.3415,-0.0787,0.2363,-1.1981,0.0764,0.3317,-1.2657,-0.2555,0.1203,-0.3415
29,-0.0001,-0.0033,-0.0012,2.5851,-0.0208,0.342,0.0191,0.075,0.0128,0.6682,0.0818,0.043,0.1227,-0.1469,-0.342,-0.0772,0.1662,-1.0746,0.0719,0.2631,-1.1484,-0.2622,0.1196,-0.342
29,0,-0.0026,-0.001,2.5917,-0.0199,0.3424,0.0225,0.0778,0.0133,0.6648,0.0876,0.0248,0.1161,-0.1478,-0.3424,-0.077,0.1141,-0.975,0.0678,0.2119,-1.0522,-0.2688,0.1187,-0.3424
29,0.0002,-0.0018,-0.0008,2.5984,-0.019,0.3425,0.0239,0.0746,0.0129,0.6596,0.0925,0.0033,0.1094,-0.1487,-0.3425,-0.0781,0.0889,-0.916,0.0641,0.186,-0.992,-0.2755,0.1178,-0.3425
29,0.0003,-0.0011,-0.0005,2.6049,-0.0181,0.3424,0.0234,0.0655,0.0115,0.6527,0.0964,-0.0216,0.1094,-0.1487,-0.3425,-0.0806,0.0995,-0.9141,0.0609,0.1937,-0.9824,-0.2755,0.1178,-0.3425
30,0.0003,-0.0011,-0.0005,2.6049,-0.0181,0.3424,0.0234,0.0655,0.0115,0.6527,0.0964,-0.0216,-0.0433,0.6935,-1.0032,-0.0806,0.0995,-0.9141,0.0609,0.1937,-0.9824,-0.0375,0.7668,-1.0364
30,0.0004,-0.0005,-0.0003,2.6114,-0.0171,0.3421,0.021,0.0504,0.0093,0.644,0.0992,-0.0498,-0.044,0.7292,-1.0484,-0.0839,0.1307,-0.9449,0.0579,0.2207,-1.0023,-0.0403,0.8001,-1.0788
31,0.0004,-0.0005,-0.0003,2.6114,-0.0171,0.3421,0.021,0.0504,0.0093,0.644,0.0992,-0.0498,-0.044,0.7292,-1.0484,0.2899,0.1015,-0.3421,-0.0983000000000001,-0.1148,-0.3421,-0.0403,0.8001,-1.0788
31,0.0005,-0.0001,-0.0001,2.6178,-0.0161,0.3414,0.0165,0.0294,0.0061,0.6336,0.101,-0.0814,-0.0435,0.7768,-1.1216,0.2835,0.1005,-0.3414,-0.1047,-0.1158,-0.3414,-0.0431,0.8448,-1.1495
31,0.0005,0,0,2.6241,-0.0151,0.3404,0.0102,0.0024,0.0019,0.6215,0.1018,-0.1164,-0.0417,0.8321,-1.2132,0.2772,0.0995,-0.3404,-0.111,-0.1168,-0.3404,-0.0461,0.897,-1.2394
31,0.0005,-0.0001,0.0001,2.6302,-0.0141,0.3391,0.0019,-0.0305,-0.0031,0.6076,0.1016,-0.1548,-0.0386,0.8914,-1.3152,0.2711,0.0985,-0.3391,-0.1171,-0.1178,-0.3391,-0.0491,0.9532,-1.3405
31,0.0004,-0.0006,0,2.6362,-0.013,0.3374,-0.0065,-0.0624,-0.0081,0.5919,0.1007,-0.1916,-0.0344,0.9517,-1.421,0.2651,0.0974,-0.3374,-0.1231,-0.1189,-0.3374,-0.0524,1.0106,-1.4465
31,0.0003,-0.0013,-0.0001,2.6421,-0.012,0.3353,-0.0131,-0.0863,-0.012,0.5742,0.0994,-0.2222,-0.0291,1.0106,-1.5253,0.2592,0.0964,-0.3353,-0.129,-0.1199,-0.3353,-0.0558,1.0664,-1.5518
31,0.0002,-0.0023,-0.0002,2.6477,-0.0111,0.3329,-0.0179,-0.1021,-0.0148,0.5545,0.0979,-0.2465,-0.0228,1.066,-1.6238,0.2536,0.0955,-0.3329,-0.1346,-0.1208,-0.3329,-0.0594,1.1184,-1.6517
31,0,-0.0033,-0.0004,2.6531,-0.0101,0.3304,-0.0209,-0.11,-0.0166,0.5329,0.096,-0.2644,-0.0158,1.116,-1.7129,0.2482,0.0945,-0.3304,-0.14,-0.1218,-0.3304,-0.063,1.1647,-1.7426
31,-0.0001,-0.0044,-0.0006,2.6584,-0.0091,0.3277,-0.0221,-0.1099,-0.0172,0.5093,0.0937,-0.2761,-0.0085,1.159,-1.7894,0.2429,0.0935,-0.3277,-0.1453,-0.1228,-0.3277,-0.0668,1.2038,-1.8209
31,-0.0003,-0.0055,-0.0008,2.6633,-0.0082,0.3249,-0.0215,-0.1017,-0.0168,0.4838,0.0911,-0.2814,-0.0012,1.1935,-1.8499,0.238,0.0926,-0.3249,-0.1502,-0.1237,-0.3249,-0.0705,1.2343,-1.8835
31,-0.0005,-0.0064,-0.0011,2.668,-0.0073,0.3221,-0.0191,-0.0856,-0.0152,0.4563,0.0882,-0.2804,0.0052,1.2176,-1.8913,0.2333,0.0917,-0.3221,-0.1549,-0.1246,-0.3221,-0.0739,1.2546,-1.927
31,-0.0006,-0.0072,-0.0012,2.6724,-0.0065,0.3193,-0.0149,-0.0614,-0.0126,0.4268,0.0849,-0.2731,0.0105,1.2287,-1.9105,0.2289,0.0909,-0.3193,-0.1593,-0.1254,-0.3193,-0.0764,1.2621,-1.9482
31,-0.0007,-0.0076,-0.0013,2.6766,-0.0056,0.3166,-0.0088,-0.0293,-0.0088,0.3953,0.0813,-0.2595,0.0172,1.2221,-1.9117,0.2247,0.09,-0.3166,-0.1635,-0.1263,-0.3166,-0.0772,1.2495,-1.9502
31,-0.0008,-0.0077,-0.0014,2.6803,-0.0048,0.3141,-0.0009,0.0109,-0.004,0.3619,0.0773,-0.2396,0.0251,1.1997,-1.8976,0.221,0.0892,-0.3141,-0.1672,-0.1271,-0.3141,-0.0764,1.2189,-1.9354
31,-0.0008,-0.0074,-0.0014,2.6838,-0.0041,0.3118,0.007,0.0504,0.001,0.3277,0.0729,-0.2171,0.0335,1.1645,-1.8702,0.2175,0.0885,-0.3118,-0.1707,-0.1278,-0.3118,-0.0742,1.1738,-1.9055
31,-0.0008,-0.0068,-0.0013,2.6869,-0.0034,0.3098,0.0132,0.0808,0.005,0.2938,0.068,-0.1956,0.0418,1.12,-1.8314,0.2144,0.0878,-0.3098,-0.1738,-0.1285,-0.3098,-0.0712,1.1187,-1.8628
31,-0.0007,-0.0058,-0.0011,2.6897,-0.0027,0.3079,0.0176,0.102,0.0081,0.2601,0.0626,-0.1751,0.0496,1.0695,-1.7837,0.2116,0.0871,-0.3079,-0.1766,-0.1292,-0.3079,-0.0679,1.0576,-1.81
31,-0.0006,-0.0048,-0.0009,2.6921,-0.0021,0.3063,0.0203,0.1141,0.0102,0.2268,0.0566,-0.1556,0.0566,1.0162,-1.7296,0.2092,0.0865,-0.3063,-0.179,-0.1298,-0.3063,-0.0645,0.9943,-1.75
31,-0.0005,-0.0036,-0.0007,2.6942,-0.0016,0.3048,0.0213,0.1169,0.0114,0.1937,0.05,-0.1372,0.0626,0.9632,-1.6723,0.2071,0.086,-0.3048,-0.1811,-0.1303,-0.3048,-0.0614,0.9322,-1.6864
31,-0.0004,-0.0024,-0.0005,2.696,-0.0011,0.3035,0.0205,0.1106,0.0117,0.1609,0.043,-0.1198,0.0676,0.9134,-1.6156,0.2053,0.0855,-0.3035,-0.1829,-0.1308,-0.3035,-0.0586,0.8745,-1.6234
31,-0.0003,-0.0014,-0.0003,2.6974,-0.0007,0.3024,0.018,0.0951,0.0111,0.1285,0.0354,-0.1034,0.0715,0.87,-1.5638,0.2039,0.0851,-0.3024,-0.1843,-0.1312,-0.3024,-0.0564,0.8246,-1.5658
31,-0.0002,-0.0006,-0.0001,2.6985,-0.0004,0.3014,0.0138,0.0704,0.0095,0.0963,0.0272,-0.0881,0.0743,0.8359,-1.5218,0.2028,0.0848,-0.3014,-0.1854,-0.1315,-0.3014,-0.0549,0.7855,-1.5189
31,-0.0001,-0,-0,2.6993,-0.0002,0.3006,0.0079,0.0365,0.007,0.0644,0.0185,-0.0738,0.0759,0.8144,-1.4945,0.202,0.0846,-0.3006,-0.1862,-0.1317,-0.3006,-0.054,0.7609,-1.4885
31,-0,0.0001,0,2.6998,-0,0.3,0.0002,-0.0066,0.0037,0.0328,0.0093,-0.0605,0.0764,0.8088,-1.4871,0.2015,0.0844,-0.3,-0.1867,-0.1319,-0.3,-0.0539,0.7542,-1.4804
31,-0,0,0,2.7,-0,0.2996,-0,-0,0,0,0,-0,0.0763,0.8108,-1.4896,0.2015,0.0844,-0.3,-0.1867,-0.1319,-0.3,-0.0541,0.7565,-1.4835
