0,0,0,0,0,0,0.28,0,0,0,0,0,0,0.19,-0.11,-0.28,0.19,0.11,-0.28,-0.19,-0.11,-0.28,-0.19,0.11,-0.28
0,0,-0,0,0,0,0.2797,0.0003,-0,0.0001,0,0,-0.048,0.19,-0.11,-0.2797,0.19,0.11,-0.2797,-0.19,-0.11,-0.2797,-0.19,0.11,-0.2797
0,0,-0,0,0,0,0.2791,0.0005,-0.0001,0.0001,0,0,-0.082,0.19,-0.11,-0.2791,0.19,0.11,-0.2791,-0.19,-0.11,-0.2791,-0.19,0.11,-0.2791
0,0,-0,0,0,0,0.2782,0.0008,-0.0001,0.0001,0,0,-0.1019,0.19,-0.11,-0.2782,0.19,0.11,-0.2782,-0.19,-0.11,-0.2782,-0.19,0.11,-0.2782
0,0,-0,0,0,0,0.2771,0.0009,-0.0001,0,0,0,-0.1077,0.19,-0.11,-0.2771,0.19,0.11,-0.2771,-0.19,-0.11,-0.2771,-0.19,0.11,-0.2771
0,0,-0,0,0,0,0.276,0.0011,-0.0001,-0,0,0,-0.0995,0.19,-0.11,-0.276,0.19,0.11,-0.276,-0.19,-0.11,-0.276,-0.19,0.11,-0.276
0,0,-0,0,0,0,0.2752,0.0012,-0.0002,-0.0001,0,0,-0.0772,0.19,-0.11,-0.2752,0.19,0.11,-0.2752,-0.19,-0.11,-0.2752,-0.19,0.11,-0.2752
0,-0,-0,0.0001,0,0,0.2746,0.0013,-0.0002,-0.0003,-0,0,-0.0408,0.19,-0.11,-0.2746,0.19,0.11,-0.2746,-0.19,-0.11,-0.2746,-0.19,0.11,-0.2746
0,-0,-0,0.0001,0,0,0.2744,0.0014,-0.0002,-0.0004,-0,0,0.0096,0.19,-0.11,-0.2744,0.19,0.11,-0.2744,-0.19,-0.11,-0.2744,-0.19,0.11,-0.2744
0,-0,-0,0.0001,0,0,0.2748,0.0014,-0.0002,-0.0006,-0,0,0.0741,0.19,-0.11,-0.2748,0.19,0.11,-0.2748,-0.19,-0.11,-0.2748,-0.19,0.11,-0.2748
0,-0,-0,0.0001,-0,0,0.2759,0.0014,-0.0002,-0.0009,-0,0,0.1527,0.19,-0.11,-0.2759,0.19,0.11,-0.2759,-0.19,-0.11,-0.2759,-0.19,0.11,-0.2759
0,-0,-0,0.0001,-0,0,0.2778,0.0014,-0.0002,-0.0011,-0,0,0.2257,0.19,-0.11,-0.2778,0.19,0.11,-0.2778,-0.19,-0.11,-0.2778,-0.19,0.11,-0.2778
0,-0,-0,0.0001,-0,0,0.2803,0.0013,-0.0002,-0.0013,-0,0,0.2736,0.19,-0.11,-0.2803,0.19,0.11,-0.2803,-0.19,-0.11,-0.2803,-0.19,0.11,-0.2803
0,-0.0001,-0,0.0001,-0,0,0.2832,0.0012,-0.0001,-0.0015,-0,0,0.2963,0.19,-0.11,-0.2832,0.19,0.11,-0.2832,-0.19,-0.11,-0.2832,-0.19,0.11,-0.2832
0,-0.0001,-0,0.0001,-0,0,0.2862,0.0011,-0.0001,-0.0017,-0,0.0001,0.2939,0.19,-0.11,-0.2862,0.19,0.11,-0.2862,-0.19,-0.11,-0.2862,-0.19,0.11,-0.2862
0,-0.0001,-0,0.0002,-0,0,0.289,0.001,-0.0001,-0.0018,-0,0.0001,0.2663,0.19,-0.11,-0.289,0.19,0.11,-0.289,-0.19,-0.11,-0.289,-0.19,0.11,-0.289
0,-0.0001,-0,0.0002,-0,0,0.2914,0.0008,-0,-0.0019,-0,0.0001,0.2135,0.19,-0.11,-0.2914,0.19,0.11,-0.2914,-0.19,-0.11,-0.2914,-0.19,0.11,-0.2914
0,-0.0001,-0,0.0002,-0,0,0.2932,0.0006,0,-0.002,-0,0.0001,0.1356,0.19,-0.11,-0.2932,0.19,0.11,-0.2932,-0.19,-0.11,-0.2932,-0.19,0.11,-0.2932
0,-0.0001,-0,0.0002,-0,0,0.2941,0.0003,0.0001,-0.0021,-0,0.0001,0.0326,0.19,-0.11,-0.2941,0.19,0.11,-0.2941,-0.19,-0.11,-0.2941,-0.19,0.11,-0.2941
0,-0.0002,-0,0.0002,-0,0,0.2938,0.0001,0.0001,-0.0022,-0,0.0001,-0.0957,0.19,-0.11,-0.2938,0.19,0.11,-0.2938,-0.19,-0.11,-0.2938,-0.19,0.11,-0.2938
0,-0.0002,-0,0.0002,-0,0,0.2921,-0.0003,0.0002,-0.0022,-0,0.0001,-0.249,0.19,-0.11,-0.2921,0.19,0.11,-0.2921,-0.19,-0.11,-0.2921,-0.19,0.11,-0.2921
0,-0.0002,-0,0.0002,-0,0,0.2888,-0.0005,0.0003,-0.0022,-0.0001,0.0001,-0.3946,0.19,-0.11,-0.2888,0.19,0.11,-0.2888,-0.19,-0.11,-0.2888,-0.19,0.11,-0.2888
0,-0.0002,-0,0.0002,-0,0,0.2843,-0.0008,0.0003,-0.0022,-0.0001,0.0001,-0.4993,0.19,-0.11,-0.2843,0.19,0.11,-0.2843,-0.19,-0.11,-0.2843,-0.19,0.11,-0.2843
0,-0.0003,-0,0.0002,-0,0,0.279,-0.001,0.0004,-0.0022,-0.0001,0.0001,-0.5632,0.19,-0.11,-0.279,0.19,0.11,-0.279,-0.19,-0.11,-0.279,-0.19,0.11,-0.279
0,-0.0003,-0,0.0002,-0,0,0.2732,-0.0011,0.0004,-0.0022,-0.0001,0.0001,-0.5863,0.19,-0.11,-0.2732,0.19,0.11,-0.2732,-0.19,-0.11,-0.2732,-0.19,0.11,-0.2732
0,-0.0003,0,0.0001,-0,0,0.2674,-0.0012,0.0004,-0.0021,-0.0001,0.0001,-0.5685,0.19,-0.11,-0.2674,0.19,0.11,-0.2674,-0.19,-0.11,-0.2674,-0.19,0.11,-0.2674
0,-0.0003,0,0.0001,-0,0,0.2619,-0.0012,0.0004,-0.0021,-0.0001,0.0001,-0.51,0.19,-0.11,-0.2619,0.19,0.11,-0.2619,-0.19,-0.11,-0.2619,-0.19,0.11,-0.2619
0,-0.0003,0,0.0001,-0,0,0.2573,-0.0012,0.0004,-0.002,-0.0001,0.0001,-0.4106,0.19,-0.11,-0.2573,0.19,0.11,-0.2573,-0.19,-0.11,-0.2573,-0.19,0.11,-0.2573
0,-0.0004,0,0.0001,-0,0,0.2539,-0.0011,0.0004,-0.0019,-0.0001,0.0002,-0.2704,0.19,-0.11,-0.2539,0.19,0.11,-0.2539,-0.19,-0.11,-0.2539,-0.19,0.11,-0.2539
0,-0.0004,0,0.0001,-0,0,0.252,-0.001,0.0003,-0.0017,-0.0001,0.0002,-0.0894,0.19,-0.11,-0.252,0.19,0.11,-0.252,-0.19,-0.11,-0.252,-0.19,0.11,-0.252
0,-0.0004,0,0.0001,-0,0,0.2522,-0.0008,0.0003,-0.0016,-0.0001,0.0002,0.1325,0.19,-0.11,-0.2522,0.19,0.11,-0.2522,-0.19,-0.11,-0.2522,-0.19,0.11,-0.2522
0,-0.0004,0,0.0001,-0,0,0.2547,-0.0006,0.0002,-0.0015,-0.0001,0.0002,0.3577,0.19,-0.11,-0.2547,0.19,0.11,-0.2547,-0.19,-0.11,-0.2547,-0.19,0.11,-0.2547
0,-0.0004,0,0.0001,-0,0,0.2593,-0.0004,0.0001,-0.0013,-0.0001,0.0003,0.5489,0.19,-0.11,-0.2593,0.19,0.11,-0.2593,-0.19,-0.11,-0.2593,-0.19,0.11,-0.2593
0,-0.0004,0,0.0001,-0,0,0.2656,-0.0003,0.0001,-0.0012,-0.0001,0.0003,0.706,0.19,-0.11,-0.2656,0.19,0.11,-0.2656,-0.19,-0.11,-0.2656,-0.19,0.11,-0.2656
0,-0.0004,0,0.0001,-0,0,0.2733,-0.0001,0.0001,-0.0011,-0.0002,0.0003,0.8292,0.19,-0.11,-0.2733,0.19,0.11,-0.2733,-0.19,-0.11,-0.2733,-0.19,0.11,-0.2733
0,-0.0005,0,0.0001,-0,0,0.282,-0,0,-0.0011,-0.0002,0.0003,0.9183,0.19,-0.11,-0.282,0.19,0.11,-0.282,-0.19,-0.11,-0.282,-0.19,0.11,-0.282
0,-0.0005,0,0.0001,-0,0,0.2915,0.0001,-0,-0.001,-0.0002,0.0003,0.9733,0.19,-0.11,-0.2915,0.19,0.11,-0.2915,-0.19,-0.11,-0.2915,-0.19,0.11,-0.2915
0,-0.0005,0,0.0001,-0,0,0.3014,0.0002,-0,-0.0009,-0.0002,0.0003,0.9944,0.19,-0.11,-0.3014,0.19,0.11,-0.3014,-0.19,-0.11,-0.3014,-0.19,0.11,-0.3014
0,-0.0005,0,0.0001,-0,0,0.3113,0.0002,-0,-0.0009,-0.0002,0.0003,0.9814,0.19,-0.11,-0.3113,0.19,0.11,-0.3113,-0.19,-0.11,-0.3113,-0.19,0.11,-0.3113
0,-0.0005,0,0.0001,-0,0,0.3209,0.0002,-0.0001,-0.0009,-0.0002,0.0003,0.9344,0.19,-0.11,-0.3209,0.19,0.11,-0.3209,-0.19,-0.11,-0.3209,-0.19,0.11,-0.3209
0,-0.0005,0,0.0001,-0,0,0.3299,0.0003,-0.0001,-0.0009,-0.0002,0.0003,0.8533,0.19,-0.11,-0.3299,0.19,0.11,-0.3299,-0.19,-0.11,-0.3299,-0.19,0.11,-0.3299
0,-0.0005,0,0.0001,-0,0.0001,0.3379,0.0003,-0.0001,-0.0009,-0.0002,0.0003,0.7553,0.19,-0.11,-0.3299,0.19,0.11,-0.3299,-0.19,-0.11,-0.3299,-0.19,0.11,-0.3299
1,-0.0005,0,0.0001,-0,0.0001,0.3379,0.0003,-0.0001,-0.0009,-0.0002,0.0003,0.7553,0.0736,0.5454,-1.2109,-0.0597,0.5421,-1.2041,0.0737,0.5903,-1.2156,-0.0596,0.5869,-1.2087
1,-0.0005,0,0.0001,-0,0.0001,0.345,0.0003,-0.0001,-0.0009,-0.0002,0.0003,0.6572,0.0742,0.5582,-1.2376,-0.0602,0.5548,-1.2307,0.0744,0.6035,-1.2423,-0.0601,0.6,-1.2353
1,-0.0005,0,0.0001,-0,0.0001,0.3511,0.0003,-0.0001,-0.0009,-0.0002,0.0003,0.5591,0.0762,0.594,-1.3125,-0.0619,0.5905,-1.3056,0.0764,0.6405,-1.3172,-0.0617,0.6369,-1.3101
1,-0.0005,0,0.0001,-0,0.0001,0.3562,0.0003,-0.0001,-0.0009,-0.0002,0.0003,0.4611,0.0795,0.6436,-1.417,-0.0646,0.64,-1.4099,0.0797,0.692,-1.4217,-0.0642,0.6882,-1.4144
1,-0.0005,0,0.0001,-0,0.0001,0.3603,0.0003,-0.0001,-0.0009,-0.0002,0.0003,0.363,0.0836,0.6988,-1.5345,-0.068,0.6951,-1.5273,0.084,0.7497,-1.5391,-0.0676,0.7457,-1.5315
1,-0.0006,0,0.0001,-0,0.0001,0.3634,0.0003,-0.0001,-0.0009,-0.0002,0.0003,0.2649,0.0885,0.7532,-1.652,-0.072,0.7493,-1.6445,0.089,0.8073,-1.6567,-0.0715,0.803,-1.6489
1,-0.0006,0,0.0001,-0,0.0001,0.3656,0.0003,-0.0001,-0.0009,-0.0002,0.0003,0.1669,0.094,0.8026,-1.7599,-0.0765,0.7985,-1.7521,0.0946,0.8601,-1.7649,-0.0758,0.8555,-1.7566
1,-0.0006,0,0.0001,-0,0.0001,0.3667,0.0003,-0.0001,-0.0009,-0.0002,0.0003,0.0688,0.0992,0.8428,-1.8494,-0.0808,0.8385,-1.8412,0.1,0.9037,-1.8546,-0.08,0.8988,-1.8459
1,-0.0006,0,0.0001,-0,0.0001,0.3669,0.0003,-0.0001,-0.0009,-0.0002,0.0003,-0.0293,0.1034,0.8707,-1.9124,-0.0843,0.8662,-1.904,0.1044,0.9343,-1.9177,-0.0833,0.9291,-1.9087
1,-0.0006,0,0.0001,-0,0.0001,0.3662,0.0003,-0.0001,-0.0009,-0.0002,0.0003,-0.1273,0.1054,0.8831,-1.9405,-0.0859,0.8785,-1.9321,0.1064,0.9479,-1.9459,-0.0848,0.9426,-1.9368
1,-0.0006,0,0.0001,-0,0.0001,0.3644,0.0003,-0.0001,-0.0009,-0.0002,0.0003,-0.2254,0.1045,0.8778,-1.9283,-0.0852,0.8732,-1.9199,0.1056,0.9421,-1.9337,-0.084,0.9368,-1.9246
1,-0.0006,0,0.0001,-0,0.0001,0.3617,0.0003,-0.0001,-0.0009,-0.0002,0.0003,-0.3235,0.1012,0.8574,-1.8819,-0.0826,0.8528,-1.8738,0.1024,0.9197,-1.8873,-0.0814,0.9144,-1.8784
1,-0.0006,0,0.0001,-0,0.0001,0.3579,0.0003,-0.0001,-0.0009,-0.0002,0.0003,-0.4215,0.0966,0.8254,-1.8101,-0.0788,0.8208,-1.8022,0.0978,0.8849,-1.8153,-0.0775,0.8797,-1.8066
1,-0.0006,0,0.0001,-0,0.0001,0.3532,0.0003,-0.0001,-0.0009,-0.0002,0.0003,-0.5196,0.0917,0.7854,-1.7215,-0.0748,0.7809,-1.714,0.0929,0.8418,-1.7266,-0.0734,0.8367,-1.7183
1,-0.0006,0,0.0001,-0.0001,0.0001,0.3475,0.0003,-0.0001,-0.0009,-0.0002,0.0003,-0.6177,0.087,0.7413,-1.6254,-0.071,0.7369,-1.6183,0.0883,0.7949,-1.6303,-0.0696,0.7898,-1.6223
1,-0.0006,0,0.0001,-0.0001,0.0001,0.3409,0.0003,-0.0001,-0.0009,-0.0002,0.0003,-0.7157,0.0832,0.6982,-1.5324,-0.0679,0.6939,-1.5256,0.0845,0.7495,-1.5373,-0.0665,0.7445,-1.5294
1,-0.0007,0,0.0001,-0.0001,0.0001,0.3332,0.0003,-0.0001,-0.0009,-0.0002,0.0003,-0.8138,0.0803,0.6616,-1.4543,-0.0655,0.6574,-1.4477,0.0817,0.7112,-1.4593,-0.0641,0.7063,-1.4516
1,-0.0007,0,0.0001,-0.0001,0.0001,0.3246,0.0003,-0.0001,-0.0009,-0.0002,0.0003,-0.9119,0.0787,0.6389,-1.4059,-0.0642,0.6346,-1.3996,0.0801,0.6875,-1.4109,-0.0627,0.6826,-1.4034
1,-0.0007,0,0.0001,-0.0001,0.0001,0.315,0.0003,-0.0001,-0.0009,-0.0002,0.0003,-1.0099,0.0785,0.6371,-1.4021,-0.0641,0.6329,-1.3959,0.08,0.6856,-1.4071,-0.0626,0.6807,-1.3996
1,-0.0007,0,0.0001,-0.0001,0.0001,0.3044,0.0003,-0.0001,-0.0009,-0.0002,0.0003,-1.108,0.0803,0.6621,-1.4552,-0.0655,0.658,-1.4492,0.0818,0.7118,-1.4602,-0.064,0.7069,-1.4529
1,-0.0007,0,0.0001,-0.0001,0.0001,0.2929,0.0003,-0.0001,-0.0009,-0.0002,0.0003,-1.183,0.0834,0.7024,-1.5411,-0.0682,0.6983,-1.5351,0.085,0.7538,-1.5459,-0.0665,0.7489,-1.5387
2,-0.0007,0,0.0001,-0.0001,0.0001,0.2929,0.0003,-0.0001,-0.0009,-0.0002,0.0003,-1.183,0.1899,-0.1102,-0.2929,0.1902,0.11,-0.2929,-0.1902,-0.1098,-0.2929,-0.1898,0.1104,-0.2929
2,-0.0007,0,0.0001,-0.0001,0.0001,0.2809,0.0003,-0.0001,-0.0009,-0.0002,0.0003,-1.2118,0.1899,-0.1102,-0.2809,0.1902,0.11,-0.2809,-0.1902,-0.1098,-0.2809,-0.1898,0.1104,-0.2809
2,-0.0007,0,0.0001,-0.0001,0.0001,0.2688,0.0003,-0.0001,-0.0009,-0.0002,0.0003,-1.1945,0.1899,-0.1102,-0.2688,0.1902,0.11,-0.2688,-0.1902,-0.1098,-0.2688,-0.1898,0.1104,-0.2688
2,-0.0007,0,0.0001,-0.0001,0.0001,0.2572,0.0003,-0.0001,-0.0009,-0.0002,0.0003,-1.131,0.1899,-0.1102,-0.2572,0.1902,0.11,-0.2572,-0.1902,-0.1098,-0.2572,-0.1898,0.1104,-0.2572
2,-0.0007,0,0.0001,-0.0001,0.0001,0.2464,0.0003,-0.0001,-0.0009,-0.0002,0.0003,-1.0213,0.1899,-0.1102,-0.2464,0.1902,0.11,-0.2464,-0.1902,-0.1098,-0.2464,-0.1898,0.1104,-0.2464
2,-0.0007,0,0.0001,-0.0001,0.0001,0.2369,0.0004,-0.0001,-0.0009,-0.0002,0.0003,-0.8655,0.1899,-0.1102,-0.2369,0.1902,0.11,-0.2369,-0.1902,-0.1098,-0.2369,-0.1898,0.1104,-0.2369
2,-0.0007,0,0.0001,-0.0001,0.0001,0.2292,0.0004,-0.0001,-0.0009,-0.0002,0.0002,-0.6635,0.1899,-0.1102,-0.2292,0.1902,0.11,-0.2292,-0.1902,-0.1098,-0.2292,-0.1898,0.1104,-0.2292
2,-0.0008,0,0.0002,-0.0001,0.0001,0.2238,0.0004,-0.0001,-0.0009,-0.0002,0.0002,-0.4154,0.1899,-0.1102,-0.2238,0.1902,0.11,-0.2238,-0.1902,-0.1098,-0.2238,-0.1898,0.1104,-0.2238
2,-0.0008,0,0.0002,-0.0001,0.0001,0.221,0.0005,-0.0001,-0.0009,-0.0002,0.0002,-0.1211,0.1899,-0.1102,-0.221,0.1902,0.11,-0.221,-0.1902,-0.1098,-0.221,-0.1898,0.1104,-0.221
2,-0.0008,0,0.0002,-0.0001,0.0001,0.2215,0.0005,-0.0001,-0.0009,-0.0002,0.0001,0.2194,0.1899,-0.1102,-0.2215,0.1902,0.11,-0.2215,-0.1902,-0.1098,-0.2215,-0.1898,0.1104,-0.2215
2,-0.0008,0,0.0002,-0.0001,0.0001,0.2254,0.0006,-0.0001,-0.0009,-0.0002,0.0001,0.5599,0.1899,-0.1102,-0.2254,0.1902,0.11,-0.2254,-0.1902,-0.1098,-0.2254,-0.1898,0.1104,-0.2254
2,-0.0008,0,0.0002,-0.0001,0.0001,0.2325,0.0006,-0.0001,-0.0009,-0.0002,0.0001,0.8542,0.1899,-0.1102,-0.2325,0.1902,0.11,-0.2325,-0.1902,-0.1098,-0.2325,-0.1898,0.1104,-0.2325
2,-0.0008,0,0.0002,-0.0001,0.0001,0.2424,0.0006,-0.0002,-0.0009,-0.0002,0,1.1023,0.1899,-0.1102,-0.2424,0.1902,0.11,-0.2424,-0.1902,-0.1098,-0.2424,-0.1898,0.1104,-0.2424
2,-0.0008,-0,0.0002,-0.0001,0.0001,0.2544,0.0007,-0.0002,-0.0009,-0.0002,0,1.3043,0.1899,-0.1102,-0.2544,0.1902,0.11,-0.2544,-0.1902,-0.1098,-0.2544,-0.1898,0.1104,-0.2544
2,-0.0008,-0,0.0002,-0.0001,0.0001,0.2683,0.0007,-0.0002,-0.0009,-0.0002,-0,1.4602,0.1899,-0.1102,-0.2683,0.1902,0.11,-0.2683,-0.1902,-0.1098,-0.2683,-0.1898,0.1104,-0.2683
2,-0.0008,-0,0.0002,-0.0001,0.0001,0.2835,0.0007,-0.0002,-0.0009,-0.0002,-0,1.5698,0.1899,-0.1102,-0.2835,0.1902,0.11,-0.2835,-0.1902,-0.1098,-0.2835,-0.1898,0.1104,-0.2835
2,-0.0008,-0,0.0002,-0.0001,0.0001,0.2995,0.0008,-0.0002,-0.0009,-0.0002,-0,1.6333,0.1899,-0.1102,-0.2995,0.1902,0.11,-0.2995,-0.1902,-0.1098,-0.2995,-0.1898,0.1104,-0.2995
2,-0.0008,-0,0.0002,-0.0001,0.0001,0.316,0.0008,-0.0002,-0.0009,-0.0002,-0.0001,1.6507,0.1899,-0.1102,-0.316,0.1902,0.11,-0.316,-0.1902,-0.1098,-0.316,-0.1898,0.1104,-0.316
2,-0.0009,-0,0.0002,-0.0001,0.0001,0.3324,0.0008,-0.0002,-0.0009,-0.0002,-0.0001,1.6218,0.1899,-0.1102,-0.3324,0.1902,0.11,-0.3324,-0.1902,-0.1098,-0.3324,-0.1898,0.1104,-0.3324
2,-0.0009,-0,0.0002,-0.0001,0.0001,0.3483,0.0008,-0.0002,-0.0009,-0.0002,-0.0001,1.5468,0.1899,-0.1102,-0.3483,0.1902,0.11,-0.3483,-0.1902,-0.1098,-0.3483,-0.1898,0.1104,-0.3483
2,-0.0009,-0,0.0002,-0.0001,0.0001,0.3633,0.0008,-0.0002,-0.0009,-0.0002,-0.0001,1.4488,0.1899,-0.1102,-0.3483,0.1902,0.11,-0.3483,-0.1902,-0.1098,-0.3483,-0.1898,0.1104,-0.3483
3,-0.0009,-0,0.0002,-0.0001,0.0001,0.3633,0.0008,-0.0002,-0.0009,-0.0002,-0.0001,1.4488,0.0679,0.4229,-0.9558,-0.0552,0.4183,-0.9488,0.0693,0.4656,-0.962,-0.0537,0.4601,-0.9533
3,-0.0009,-0,0.0002,-0.0001,0.0001,0.3773,0.0008,-0.0002,-0.0009,-0.0002,-0.0001,1.3507,0.067,0.3947,-0.8977,-0.0544,0.3897,-0.89,0.0684,0.4369,-0.9039,-0.053,0.431,-0.8945
3,-0.0009,-0,0.0003,-0.0001,0.0001,0.3903,0.0008,-0.0002,-0.0009,-0.0002,-0.0001,1.2527,0.0671,0.3978,-0.9041,-0.0545,0.3926,-0.8958,0.0685,0.4399,-0.9101,-0.053,0.4338,-0.9001
3,-0.0009,-0,0.0003,-0.0001,0.0001,0.4023,0.0008,-0.0002,-0.0009,-0.0002,-0.0001,1.1546,0.068,0.4273,-0.9648,-0.0553,0.4217,-0.9559,0.0695,0.4698,-0.9703,-0.0537,0.4634,-0.9599
3,-0.0009,-0,0.0003,-0.0001,0.0001,0.4134,0.0008,-0.0002,-0.0009,-0.0002,-0.0001,1.0565,0.0698,0.4749,-1.0632,-0.0568,0.4691,-1.054,0.0713,0.5183,-1.0682,-0.0551,0.5117,-1.0575
3,-0.0009,-0,0.0003,-0.0001,0.0001,0.4234,0.0008,-0.0002,-0.0009,-0.0002,-0.0001,0.9585,0.0724,0.5329,-1.1836,-0.0589,0.5269,-1.174,0.074,0.5776,-1.188,-0.0572,0.5708,-1.1771
3,-0.0009,-0,0.0003,-0.0001,0.0001,0.4325,0.0008,-0.0002,-0.0009,-0.0002,-0.0001,0.8604,0.0757,0.595,-1.3133,-0.0618,0.5887,-1.3034,0.0775,0.6415,-1.3173,-0.0599,0.6344,-1.3062
3,-0.0009,-0,0.0003,-0.0001,0.0001,0.4406,0.0008,-0.0002,-0.0009,-0.0002,-0.0001,0.7623,0.0798,0.657,-1.444,-0.0652,0.6504,-1.4337,0.0817,0.7058,-1.4477,-0.0631,0.6984,-1.4362
3,-0.0009,-0,0.0003,-0.0001,0.0001,0.4478,0.0008,-0.0002,-0.0009,-0.0002,-0.0001,0.6643,0.0843,0.7159,-1.5697,-0.0691,0.7091,-1.5591,0.0864,0.7673,-1.5729,-0.0667,0.7596,-1.5612
3,-0.001,-0,0.0003,-0.0001,0.0001,0.4539,0.0008,-0.0002,-0.0009,-0.0002,-0.0001,0.5662,0.0894,0.7696,-1.6858,-0.0733,0.7623,-1.6747,0.0917,0.8242,-1.6892,-0.0708,0.8161,-1.6768
3,-0.001,-0,0.0003,-0.0001,0.0001,0.4591,0.0008,-0.0002,-0.0009,-0.0002,-0.0001,0.4681,0.0948,0.8165,-1.7889,-0.0778,0.8089,-1.7772,0.0973,0.8745,-1.7922,-0.075,0.8659,-1.7793
3,-0.001,-0,0.0003,-0.0001,0.0001,0.4633,0.0008,-0.0002,-0.0009,-0.0002,-0.0001,0.3701,0.0999,0.8551,-1.8749,-0.0822,0.8471,-1.8628,0.1027,0.9163,-1.8784,-0.0791,0.9073,-1.8649
3,-0.001,-0,0.0003,-0.0001,0.0001,0.4665,0.0008,-0.0002,-0.0009,-0.0002,-0.0001,0.272,0.1044,0.8839,-1.9403,-0.086,0.8757,-1.9278,0.1073,0.948,-1.9438,-0.0826,0.9386,-1.9299
3,-0.001,-0,0.0003,-0.0001,0.0001,0.4687,0.0008,-0.0002,-0.0009,-0.0002,-0.0001,0.1739,0.1075,0.9017,-1.981,-0.0886,0.8932,-1.9683,0.1106,0.9678,-1.9846,-0.0851,0.958,-1.9704
3,-0.001,-0,0.0003,-0.0001,0.0001,0.47,0.0008,-0.0002,-0.0009,-0.0002,-0.0001,0.0759,0.1083,0.9067,-1.9925,-0.0893,0.8981,-1.9797,0.1115,0.9734,-1.9962,-0.0857,0.9634,-1.9818
3,-0.001,-0,0.0004,-0.0001,0.0001,0.4703,0.0008,-0.0002,-0.0009,-0.0002,-0.0001,-0.0222,0.1067,0.8977,-1.9716,-0.088,0.8891,-1.9589,0.1099,0.9634,-1.9752,-0.0844,0.9534,-1.961
3,-0.001,-0,0.0004,-0.0001,0.0001,0.4695,0.0008,-0.0002,-0.0009,-0.0002,-0.0001,-0.1203,0.1029,0.8758,-1.9213,-0.085,0.8673,-1.9089,0.1061,0.9391,-1.9249,-0.0813,0.9293,-1.9109
3,-0.001,-0,0.0004,-0.0001,0.0001,0.4678,0.0008,-0.0002,-0.0009,-0.0002,-0.0001,-0.2183,0.0978,0.8424,-1.8457,-0.0808,0.834,-1.8338,0.101,0.9026,-1.8493,-0.0773,0.893,-1.8357
3,-0.001,-0,0.0004,-0.0001,0.0001,0.4652,0.0008,-0.0002,-0.0009,-0.0002,-0.0001,-0.3164,0.0922,0.7987,-1.7486,-0.0762,0.7906,-1.7371,0.0953,0.8554,-1.7521,-0.0728,0.8461,-1.739
3,-0.001,-0.0001,0.0004,-0.0001,0.0001,0.4615,0.0008,-0.0002,-0.0009,-0.0002,-0.0001,-0.4145,0.0865,0.7458,-1.6332,-0.0715,0.738,-1.6223,0.0895,0.7991,-1.6368,-0.0683,0.7901,-1.6241
3,-0.0011,-0.0001,0.0004,-0.0001,0.0001,0.4569,0.0008,-0.0002,-0.0009,-0.0002,-0.0001,-0.5125,0.0813,0.6852,-1.5028,-0.0672,0.6776,-1.4924,0.0842,0.7353,-1.5066,-0.0641,0.7266,-1.4943
3,-0.0011,-0.0001,0.0004,-0.0001,0.0001,0.4513,0.0008,-0.0002,-0.0009,-0.0002,-0.0001,-0.6106,0.0765,0.6179,-1.3601,-0.0632,0.6105,-1.35,0.0793,0.6653,-1.3642,-0.0602,0.6568,-1.3521
3,-0.0011,-0.0001,0.0004,-0.0001,0.0001,0.4447,0.0008,-0.0002,-0.0009,-0.0002,-0.0001,-0.7087,0.0724,0.5457,-1.2086,-0.0598,0.5384,-1.1988,0.0751,0.5908,-1.2132,-0.0569,0.5823,-1.2012
3,-0.0011,-0.0001,0.0004,-0.0001,0.0001,0.4371,0.0008,-0.0002,-0.0009,-0.0002,-0.0001,-0.8067,0.0689,0.4706,-1.0528,-0.0569,0.4635,-1.0433,0.0716,0.5141,-1.0582,-0.0541,0.5056,-1.046
3,-0.0011,-0.0001,0.0004,-0.0001,0.0001,0.4285,0.0008,-0.0002,-0.0009,-0.0002,-0.0001,-0.9048,0.0663,0.3972,-0.9013,-0.0548,0.3902,-0.8919,0.069,0.4394,-0.9075,-0.052,0.4309,-0.8951
3,-0.0011,-0.0001,0.0004,-0.0001,0.0001,0.419,0.0008,-0.0002,-0.0009,-0.0002,-0.0001,-1.0029,0.0646,0.3322,-0.7677,-0.0534,0.3254,-0.7586,0.0672,0.3738,-0.7749,-0.0507,0.3652,-0.7623
3,-0.0011,-0.0001,0.0004,-0.0001,0.0001,0.4085,0.0008,-0.0002,-0.0009,-0.0002,-0.0001,-1.1009,0.0637,0.2866,-0.6741,-0.0527,0.2801,-0.6657,0.0663,0.3278,-0.6821,-0.05,0.3193,-0.6697
3,-0.0011,-0.0001,0.0004,-0.0001,0.0001,0.397,0.0008,-0.0002,-0.0009,-0.0002,-0.0001,-1.199,0.0634,0.2723,-0.6448,-0.0525,0.2662,-0.6371,0.066,0.3136,-0.6532,-0.0498,0.3053,-0.6414
3,-0.0011,-0.0001,0.0005,-0.0001,0.0001,0.3845,0.0008,-0.0002,-0.0009,-0.0002,-0.0001,-1.2971,0.0639,0.2974,-0.6962,-0.0528,0.2916,-0.6893,0.0665,0.339,-0.7047,-0.0501,0.3311,-0.6936
3,-0.0011,-0.0001,0.0005,-0.0001,0.0001,0.371,0.0008,-0.0002,-0.0009,-0.0002,-0.0001,-1.3951,0.0653,0.3624,-0.8296,-0.054,0.3569,-0.8234,0.068,0.4049,-0.8375,-0.0512,0.3974,-0.8275
3,-0.0011,-0.0001,0.0005,-0.0001,0.0001,0.3566,0.0008,-0.0002,-0.0009,-0.0002,-0.0001,-1.4799,0.0678,0.4416,-0.9925,-0.0561,0.4362,-0.9869,0.0706,0.4852,-0.9997,-0.0531,0.4781,-0.9906
4,-0.0011,-0.0001,0.0005,-0.0001,0.0001,0.3566,0.0008,-0.0002,-0.0009,-0.0002,-0.0001,-1.4799,0.1896,-0.1106,-0.3566,0.1904,0.1098,-0.3566,-0.1905,-0.1097,-0.3566,-0.1897,0.1106,-0.3566
4,-0.0012,-0.0001,0.0005,-0.0002,0.0001,0.3415,0.0007,-0.0001,-0.0009,-0.0002,-0.0001,-1.5379,0.1897,-0.1106,-0.3415,0.1905,0.1098,-0.3415,-0.1904,-0.1097,-0.3415,-0.1896,0.1106,-0.3415
4,-0.0012,-0.0001,0.0005,-0.0002,0.0001,0.326,0.0006,-0.0001,-0.0008,-0.0002,-0.0001,-1.5693,0.1897,-0.1106,-0.326,0.1905,0.1098,-0.326,-0.1904,-0.1097,-0.326,-0.1896,0.1106,-0.326
4,-0.0012,-0.0001,0.0005,-0.0002,0.0001,0.3102,0.0004,0,-0.0006,-0.0002,-0.0001,-1.5739,0.1897,-0.1106,-0.3102,0.1905,0.1098,-0.3102,-0.1904,-0.1097,-0.3102,-0.1896,0.1106,-0.3102
4,-0.0012,-0.0001,0.0005,-0.0002,0.0001,0.2946,0.0002,0.0002,-0.0005,-0.0002,-0.0001,-1.5519,0.1897,-0.1106,-0.2946,0.1905,0.1098,-0.2946,-0.1904,-0.1097,-0.2946,-0.1896,0.1106,-0.2946
4,-0.0012,-0.0001,0.0005,-0.0002,0.0001,0.2793,-0,0.0003,-0.0003,-0.0002,-0.0001,-1.5032,0.1897,-0.1106,-0.2793,0.1905,0.1098,-0.2793,-0.1904,-0.1097,-0.2793,-0.1896,0.1106,-0.2793
4,-0.0012,-0.0001,0.0005,-0.0002,0.0001,0.2646,-0.0003,0.0005,-0,-0.0002,-0.0001,-1.4278,0.1897,-0.1106,-0.2646,0.1905,0.1098,-0.2646,-0.1904,-0.1097,-0.2646,-0.1896,0.1106,-0.2646
4,-0.0012,-0.0001,0.0005,-0.0002,0.0001,0.2508,-0.0006,0.0007,0.0002,-0.0002,-0.0001,-1.3257,0.1897,-0.1106,-0.2508,0.1905,0.1098,-0.2508,-0.1904,-0.1097,-0.2508,-0.1896,0.1106,-0.2508
4,-0.0012,-0.0001,0.0005,-0.0002,0.0001,0.2382,-0.001,0.001,0.0005,-0.0002,-0.0001,-1.197,0.1897,-0.1106,-0.2382,0.1905,0.1098,-0.2382,-0.1904,-0.1097,-0.2382,-0.1896,0.1106,-0.2382
4,-0.0012,-0,0.0005,-0.0002,0.0001,0.227,-0.0014,0.0012,0.0009,-0.0002,-0.0001,-1.0415,0.1897,-0.1106,-0.227,0.1905,0.1098,-0.227,-0.1904,-0.1097,-0.227,-0.1896,0.1106,-0.227
4,-0.0012,-0,0.0005,-0.0002,0.0001,0.2174,-0.0018,0.0015,0.0012,-0.0002,-0.0001,-0.8703,0.1897,-0.1106,-0.2174,0.1905,0.1098,-0.2174,-0.1904,-0.1097,-0.2174,-0.1896,0.1106,-0.2174
4,-0.0011,-0,0.0004,-0.0002,0.0001,0.2096,-0.0021,0.0017,0.0015,-0.0002,-0.0001,-0.6944,0.1897,-0.1106,-0.2096,0.1905,0.1098,-0.2096,-0.1904,-0.1097,-0.2096,-0.1896,0.1106,-0.2096
4,-0.0011,0,0.0004,-0.0002,0.0001,0.2035,-0.0023,0.0018,0.0017,-0.0003,-0.0001,-0.5136,0.1897,-0.1106,-0.2035,0.1905,0.1098,-0.2035,-0.1904,-0.1097,-0.2035,-0.1896,0.1106,-0.2035
4,-0.0011,0,0.0004,-0.0002,0.0001,0.1993,-0.0025,0.0019,0.0019,-0.0003,-0.0001,-0.328,0.1897,-0.1106,-0.1993,0.1905,0.1098,-0.1993,-0.1904,-0.1097,-0.1993,-0.1896,0.1106,-0.1993
4,-0.0011,0,0.0004,-0.0002,0.0001,0.197,-0.0026,0.0019,0.002,-0.0003,-0.0002,-0.1377,0.1897,-0.1106,-0.197,0.1905,0.1098,-0.197,-0.1904,-0.1097,-0.197,-0.1896,0.1106,-0.197
4,-0.0011,0.0001,0.0003,-0.0002,0.0001,0.1966,-0.0026,0.0019,0.0021,-0.0003,-0.0002,0.0574,0.1897,-0.1106,-0.1966,0.1905,0.1098,-0.1966,-0.1904,-0.1097,-0.1966,-0.1896,0.1106,-0.1966
4,-0.0011,0.0001,0.0003,-0.0002,0.0001,0.1982,-0.0025,0.0018,0.0021,-0.0003,-0.0002,0.2574,0.1897,-0.1106,-0.1982,0.1905,0.1098,-0.1982,-0.1904,-0.1097,-0.1982,-0.1896,0.1106,-0.1982
4,-0.001,0.0001,0.0003,-0.0002,0.0001,0.2017,-0.0023,0.0017,0.0021,-0.0003,-0.0002,0.4621,0.1897,-0.1106,-0.2017,0.1905,0.1098,-0.2017,-0.1904,-0.1097,-0.2017,-0.1896,0.1106,-0.2017
4,-0.001,0.0001,0.0003,-0.0002,0.0001,0.2074,-0.0021,0.0015,0.002,-0.0002,-0.0002,0.6716,0.1897,-0.1106,-0.2074,0.1905,0.1098,-0.2074,-0.1904,-0.1097,-0.2074,-0.1896,0.1106,-0.2074
4,-0.001,0.0001,0.0002,-0.0002,0.0001,0.2152,-0.0018,0.0013,0.0019,-0.0002,-0.0002,0.8859,0.1897,-0.1106,-0.2152,0.1905,0.1098,-0.2152,-0.1904,-0.1097,-0.2152,-0.1896,0.1106,-0.2152
4,-0.001,0.0001,0.0002,-0.0002,0.0001,0.2251,-0.0015,0.001,0.0018,-0.0002,-0.0002,1.0868,0.1897,-0.1106,-0.2251,0.1905,0.1098,-0.2251,-0.1904,-0.1097,-0.2251,-0.1896,0.1106,-0.2251
4,-0.001,0.0001,0.0002,-0.0002,0.0001,0.2368,-0.0012,0.0008,0.0016,-0.0002,-0.0002,1.2563,0.1897,-0.1106,-0.2368,0.1905,0.1098,-0.2368,-0.1904,-0.1097,-0.2368,-0.1896,0.1106,-0.2368
4,-0.0009,0.0002,0.0002,-0.0002,0.0001,0.2501,-0.001,0.0005,0.0015,-0.0002,-0.0002,1.3943,0.1897,-0.1106,-0.2501,0.1905,0.1098,-0.2501,-0.1904,-0.1097,-0.2501,-0.1896,0.1106,-0.2501
4,-0.0009,0.0002,0.0002,-0.0002,0.0001,0.2646,-0.0007,0.0004,0.0014,-0.0002,-0.0002,1.5008,0.1897,-0.1106,-0.2646,0.1905,0.1098,-0.2646,-0.1904,-0.1097,-0.2646,-0.1896,0.1106,-0.2646
4,-0.0009,0.0002,0.0002,-0.0002,0.0001,0.28,-0.0005,0.0002,0.0013,-0.0002,-0.0002,1.5759,0.1897,-0.1106,-0.28,0.1905,0.1098,-0.28,-0.1904,-0.1097,-0.28,-0.1896,0.1106,-0.28
4,-0.0009,0.0002,0.0002,-0.0002,0.0001,0.296,-0.0004,0.0001,0.0012,-0.0002,-0.0002,1.6194,0.1897,-0.1106,-0.296,0.1905,0.1098,-0.296,-0.1904,-0.1097,-0.296,-0.1896,0.1106,-0.296
4,-0.0009,0.0002,0.0002,-0.0002,0.0001,0.3123,-0.0003,-0,0.0012,-0.0002,-0.0002,1.6315,0.1897,-0.1106,-0.3123,0.1905,0.1098,-0.3123,-0.1904,-0.1097,-0.3123,-0.1896,0.1106,-0.3123
4,-0.0009,0.0002,0.0002,-0.0002,0.0001,0.3285,-0.0002,-0.0001,0.0011,-0.0002,-0.0002,1.6122,0.1897,-0.1106,-0.3285,0.1905,0.1098,-0.3285,-0.1904,-0.1097,-0.3285,-0.1896,0.1106,-0.3285
4,-0.0009,0.0002,0.0002,-0.0002,0.0001,0.3444,-0.0001,-0.0001,0.0011,-0.0002,-0.0002,1.5613,0.1897,-0.1106,-0.3444,0.1905,0.1098,-0.3444,-0.1904,-0.1097,-0.3444,-0.1896,0.1106,-0.3444
4,-0.0009,0.0002,0.0002,-0.0002,0.0001,0.3597,-0.0001,-0.0001,0.0011,-0.0002,-0.0002,1.479,0.1897,-0.1106,-0.3597,0.1905,0.1098,-0.3597,-0.1904,-0.1097,-0.3597,-0.1896,0.1106,-0.3597
4,-0.0008,0.0002,0.0002,-0.0002,0.0001,0.374,-0.0001,-0.0001,0.0011,-0.0002,-0.0002,1.3809,0.1897,-0.1106,-0.3597,0.1905,0.1098,-0.3597,-0.1904,-0.1097,-0.3597,-0.1896,0.1106,-0.3597
5,-0.0008,0.0002,0.0002,-0.0002,0.0001,0.374,-0.0001,-0.0001,0.0011,-0.0002,-0.0002,1.3809,0.0654,0.3656,-0.8372,-0.0541,0.3598,-0.83,0.0678,0.4074,-0.8438,-0.0516,0.3999,-0.8332
5,-0.0008,0.0002,0.0002,-0.0002,0.0001,0.3873,-0.0001,-0.0001,0.0011,-0.0002,-0.0002,1.2829,0.0648,0.3444,-0.7937,-0.0537,0.338,-0.7854,0.0672,0.3859,-0.8003,-0.0511,0.3777,-0.7884
5,-0.0008,0.0002,0.0002,-0.0002,0.0001,0.3996,-0.0001,-0.0001,0.0011,-0.0002,-0.0002,1.1848,0.0652,0.3613,-0.8284,-0.054,0.3543,-0.8188,0.0676,0.4029,-0.8346,-0.0514,0.394,-0.8214
5,-0.0008,0.0002,0.0002,-0.0002,0.0001,0.411,-0.0001,-0.0001,0.0011,-0.0002,-0.0002,1.0867,0.0665,0.4076,-0.9236,-0.0551,0.4001,-0.9129,0.069,0.4498,-0.9292,-0.0525,0.4404,-0.9149
5,-0.0008,0.0002,0.0002,-0.0002,0.0001,0.4214,-0.0001,-0.0001,0.0011,-0.0002,-0.0002,0.9887,0.0688,0.4718,-1.0561,-0.057,0.4638,-1.0445,0.0714,0.5151,-1.061,-0.0543,0.5052,-1.046
5,-0.0008,0.0002,0.0002,-0.0002,0.0001,0.4307,-0.0001,-0.0001,0.0011,-0.0002,-0.0002,0.8906,0.0721,0.5444,-1.2068,-0.0598,0.536,-1.1945,0.0748,0.5894,-1.2112,-0.0569,0.5792,-1.1954
5,-0.0008,0.0002,0.0002,-0.0002,0.0001,0.4392,-0.0001,-0.0001,0.0011,-0.0002,-0.0002,0.7925,0.0763,0.6186,-1.3624,-0.0633,0.6098,-1.3494,0.0791,0.6661,-1.3664,-0.0603,0.6553,-1.3499
5,-0.0008,0.0002,0.0002,-0.0002,0.0001,0.4466,-0.0001,-0.0001,0.0011,-0.0002,-0.0002,0.6945,0.0814,0.6907,-1.5155,-0.0676,0.6815,-1.5016,0.0843,0.7412,-1.5191,-0.0643,0.7299,-1.5017
5,-0.0008,0.0002,0.0002,-0.0002,0.0001,0.4531,-0.0001,-0.0001,0.0011,-0.0002,-0.0002,0.5964,0.0873,0.758,-1.6605,-0.0725,0.7483,-1.6458,0.0904,0.8123,-1.6641,-0.069,0.8003,-1.6457
5,-0.0007,0.0001,0.0002,-0.0002,0.0001,0.4585,-0.0001,-0.0001,0.0011,-0.0002,-0.0002,0.4983,0.0941,0.8189,-1.7941,-0.0782,0.8086,-1.7784,0.0975,0.8775,-1.7977,-0.0743,0.8649,-1.7783
5,-0.0007,0.0001,0.0002,-0.0002,0.0001,0.463,-0.0001,-0.0001,0.0011,-0.0002,-0.0002,0.4003,0.1014,0.8716,-1.9123,-0.0843,0.8609,-1.8957,0.1051,0.9349,-1.9161,-0.0802,0.9216,-1.8955
5,-0.0007,0.0001,0.0002,-0.0002,0.0001,0.4665,-0.0001,-0.0001,0.0011,-0.0002,-0.0002,0.3022,0.1089,0.9146,-2.0115,-0.0905,0.9035,-1.9941,0.1128,0.9829,-2.0155,-0.086,0.9689,-1.9939
5,-0.0007,0.0001,0.0002,-0.0002,0.0001,0.4691,-0.0001,-0.0001,0.0011,-0.0002,-0.0002,0.2041,0.1156,0.9468,-2.0878,-0.0961,0.9354,-2.0696,0.1197,1.0195,-2.092,-0.0913,1.005,-2.0694
5,-0.0007,0.0001,0.0002,-0.0002,0.0001,0.4706,-0.0001,-0.0001,0.0011,-0.0002,-0.0002,0.1061,0.1203,0.967,-2.1369,-0.1,0.9554,-2.1182,0.1246,1.0429,-2.1412,-0.095,1.0281,-2.1181
5,-0.0007,0.0001,0.0002,-0.0002,0.0001,0.4712,-0.0001,-0.0001,0.0011,-0.0002,-0.0002,0.008,0.122,0.9739,-2.1541,-0.1014,0.9623,-2.1352,0.1264,1.0511,-2.1584,-0.0963,1.0361,-2.1351
5,-0.0007,0.0001,0.0002,-0.0002,0.0001,0.4708,-0.0001,-0.0001,0.0011,-0.0002,-0.0002,-0.0901,0.1201,0.9665,-2.1359,-0.0999,0.9551,-2.1173,0.1244,1.0425,-2.1402,-0.0949,1.0277,-2.1171
5,-0.0007,0.0001,0.0002,-0.0002,0.0001,0.4694,-0.0001,-0.0001,0.0011,-0.0002,-0.0002,-0.1881,0.1152,0.9459,-2.0859,-0.0959,0.9347,-2.0677,0.1194,1.0186,-2.09,-0.0911,1.0043,-2.0675
5,-0.0007,0.0001,0.0002,-0.0002,0.0001,0.467,-0.0001,-0.0001,0.0011,-0.0002,-0.0002,-0.2862,0.1084,0.9132,-2.0085,-0.0903,0.9023,-1.9911,0.1123,0.9815,-2.0125,-0.0858,0.9678,-1.9909
5,-0.0006,0.0001,0.0002,-0.0002,0,0.4637,-0.0001,-0.0001,0.0011,-0.0002,-0.0002,-0.3843,0.1008,0.8696,-1.9082,-0.084,0.8592,-1.8916,0.1045,0.9331,-1.912,-0.0799,0.9201,-1.8915
5,-0.0006,0.0001,0.0002,-0.0003,0,0.4593,-0.0001,-0.0001,0.0011,-0.0002,-0.0002,-0.4823,0.0933,0.8163,-1.7888,-0.0779,0.8064,-1.7731,0.0967,0.875,-1.7925,-0.0741,0.8628,-1.773
5,-0.0006,0.0001,0.0002,-0.0003,0,0.454,-0.0001,-0.0001,0.0011,-0.0002,-0.0002,-0.5804,0.0865,0.7547,-1.6538,-0.0722,0.7453,-1.639,0.0896,0.8091,-1.6574,-0.0687,0.7976,-1.639
5,-0.0006,0.0001,0.0001,-0.0003,0,0.4477,-0.0001,-0.0001,0.0011,-0.0002,-0.0002,-0.6785,0.0805,0.6865,-1.507,-0.0673,0.6777,-1.4932,0.0834,0.7373,-1.5108,-0.0641,0.7264,-1.4934
5,-0.0006,0.0001,0.0001,-0.0003,0,0.4404,-0.0001,-0.0001,0.0011,-0.0002,-0.0002,-0.7765,0.0754,0.6134,-1.352,-0.063,0.605,-1.3389,0.0781,0.6612,-1.356,-0.06,0.6508,-1.3395
5,-0.0006,0.0001,0.0001,-0.0003,0,0.4322,-0.0001,-0.0001,0.0011,-0.0002,-0.0002,-0.8746,0.0711,0.5377,-1.1936,-0.0594,0.5297,-1.1812,0.0738,0.5832,-1.1981,-0.0567,0.5733,-1.1823
5,-0.0006,0.0001,0.0001,-0.0003,0,0.423,-0.0001,-0.0001,0.0011,-0.0002,-0.0002,-0.9727,0.0678,0.4636,-1.0397,-0.0567,0.456,-1.0281,0.0703,0.5073,-1.0449,-0.0541,0.4979,-1.0297
5,-0.0006,0.0001,0.0001,-0.0003,0,0.4127,-0.0001,-0.0001,0.0011,-0.0002,-0.0002,-1.0707,0.0655,0.3975,-0.9035,-0.0548,0.3904,-0.8927,0.0679,0.4402,-0.9093,-0.0523,0.4311,-0.8948
5,-0.0005,0.0001,0.0001,-0.0003,0,0.4015,-0.0001,-0.0001,0.0011,-0.0002,-0.0002,-1.1688,0.0642,0.3493,-0.8044,-0.0537,0.3428,-0.7947,0.0665,0.3914,-0.811,-0.0513,0.3829,-0.7975
5,-0.0005,0.0001,0.0001,-0.0003,0,0.3894,-0.0001,-0.0001,0.0011,-0.0002,-0.0002,-1.2669,0.0637,0.331,-0.7669,-0.0534,0.3251,-0.7584,0.0661,0.373,-0.7739,-0.051,0.3652,-0.7616
5,-0.0005,0.0001,0.0001,-0.0003,0,0.3762,-0.0001,-0.0001,0.0011,-0.0002,-0.0002,-1.3649,0.0642,0.3517,-0.8094,-0.0538,0.3464,-0.802,0.0666,0.3941,-0.8164,-0.0514,0.3869,-0.8055
5,-0.0005,0.0001,0.0001,-0.0003,0,0.3621,-0.0001,-0.0001,0.0011,-0.0002,-0.0002,-1.463,0.0659,0.4124,-0.9343,-0.0553,0.4075,-0.9278,0.0684,0.4558,-0.9408,-0.0528,0.4492,-0.9311
5,-0.0005,0.0001,0.0001,-0.0003,0,0.347,-0.0001,-0.0001,0.0011,-0.0002,-0.0002,-1.5465,0.0687,0.4882,-1.0908,-0.0577,0.4834,-1.0848,0.0713,0.533,-1.0968,-0.055,0.5267,-1.0879
6,-0.0005,0.0001,0.0001,-0.0003,0,0.347,-0.0001,-0.0001,0.0011,-0.0002,-0.0002,-1.5465,0.1899,-0.1107,-0.347,0.1905,0.1099,-0.347,-0.1905,-0.1099,-0.347,-0.1899,0.1108,-0.347
6,-0.0005,0.0001,0.0001,-0.0003,0,0.3312,-0.0002,-0.0001,0.001,-0.0002,-0.0002,-1.6008,0.1899,-0.1107,-0.3312,0.1905,0.1099,-0.3312,-0.1905,-0.1099,-0.3312,-0.1899,0.1108,-0.3312
6,-0.0005,0.0001,0.0001,-0.0003,0,0.3151,-0.0003,-0.0001,0.0008,-0.0002,-0.0002,-1.6259,0.1899,-0.1107,-0.3151,0.1905,0.1099,-0.3151,-0.1905,-0.1099,-0.3151,-0.1899,0.1108,-0.3151
6,-0.0005,0.0001,0.0001,-0.0003,0,0.2988,-0.0004,-0.0001,0.0006,-0.0002,-0.0002,-1.6219,0.1899,-0.1107,-0.2988,0.1905,0.1099,-0.2988,-0.1905,-0.1099,-0.2988,-0.1899,0.1108,-0.2988
6,-0.0005,0.0001,0.0001,-0.0003,0,0.2827,-0.0005,-0,0.0003,-0.0002,-0.0002,-1.5887,0.1899,-0.1107,-0.2827,0.1905,0.1099,-0.2827,-0.1905,-0.1099,-0.2827,-0.1899,0.1108,-0.2827
6,-0.0005,0.0001,0.0001,-0.0003,0,0.2671,-0.0007,0,-0,-0.0002,-0.0002,-1.5263,0.1899,-0.1107,-0.2671,0.1905,0.1099,-0.2671,-0.1905,-0.1099,-0.2671,-0.1899,0.1108,-0.2671
6,-0.0005,0.0001,0.0001,-0.0003,0,0.2523,-0.001,0.0001,-0.0004,-0.0002,-0.0002,-1.4347,0.1899,-0.1107,-0.2523,0.1905,0.1099,-0.2523,-0.1905,-0.1099,-0.2523,-0.1899,0.1108,-0.2523
6,-0.0005,0.0001,0.0001,-0.0003,0,0.2385,-0.0012,0.0002,-0.0009,-0.0002,-0.0002,-1.314,0.1899,-0.1107,-0.2385,0.1905,0.1099,-0.2385,-0.1905,-0.1099,-0.2385,-0.1899,0.1108,-0.2385
6,-0.0005,0.0001,0.0001,-0.0003,0,0.2261,-0.0015,0.0002,-0.0014,-0.0002,-0.0002,-1.164,0.1899,-0.1107,-0.2261,0.1905,0.1099,-0.2261,-0.1905,-0.1099,-0.2261,-0.1899,0.1108,-0.2261
6,-0.0005,0.0001,0.0001,-0.0003,0,0.2153,-0.0018,0.0003,-0.002,-0.0002,-0.0001,-0.9849,0.1899,-0.1107,-0.2153,0.1905,0.1099,-0.2153,-0.1905,-0.1099,-0.2153,-0.1899,0.1108,-0.2153
6,-0.0005,0.0001,0.0001,-0.0003,0,0.2065,-0.0021,0.0004,-0.0026,-0.0002,-0.0001,-0.791,0.1899,-0.1107,-0.2065,0.1905,0.1099,-0.2065,-0.1905,-0.1099,-0.2065,-0.1899,0.1108,-0.2065
6,-0.0006,0.0001,0,-0.0003,0,0.1995,-0.0023,0.0004,-0.003,-0.0002,-0.0001,-0.5966,0.1899,-0.1107,-0.1995,0.1905,0.1099,-0.1995,-0.1905,-0.1099,-0.1995,-0.1899,0.1108,-0.1995
6,-0.0006,0.0001,0,-0.0003,0,0.1945,-0.0025,0.0005,-0.0033,-0.0001,-0.0001,-0.4017,0.1899,-0.1107,-0.1945,0.1905,0.1099,-0.1945,-0.1905,-0.1099,-0.1945,-0.1899,0.1108,-0.1945
6,-0.0006,0.0001,-0,-0.0003,0,0.1915,-0.0026,0.0005,-0.0034,-0.0001,-0.0001,-0.2063,0.1899,-0.1107,-0.1915,0.1905,0.1099,-0.1915,-0.1905,-0.1099,-0.1915,-0.1899,0.1108,-0.1915
6,-0.0007,0.0001,-0,-0.0003,0,0.1904,-0.0026,0.0005,-0.0034,-0.0001,-0.0001,-0.0105,0.1899,-0.1107,-0.1904,0.1905,0.1099,-0.1904,-0.1905,-0.1099,-0.1904,-0.1899,0.1108,-0.1904
6,-0.0007,0.0002,-0.0001,-0.0003,0,0.1913,-0.0025,0.0005,-0.0033,-0.0001,-0.0001,0.1858,0.1899,-0.1107,-0.1913,0.1905,0.1099,-0.1913,-0.1905,-0.1099,-0.1913,-0.1899,0.1108,-0.1913
6,-0.0007,0.0002,-0.0001,-0.0003,0,0.1941,-0.0023,0.0005,-0.003,-0.0001,-0.0001,0.3826,0.1899,-0.1107,-0.1941,0.1905,0.1099,-0.1941,-0.1905,-0.1099,-0.1941,-0.1899,0.1108,-0.1941
6,-0.0008,0.0002,-0.0001,-0.0003,0,0.1989,-0.0021,0.0004,-0.0026,-0.0001,-0.0001,0.5799,0.1899,-0.1107,-0.1989,0.1905,0.1099,-0.1989,-0.1905,-0.1099,-0.1989,-0.1899,0.1108,-0.1989
6,-0.0008,0.0002,-0.0001,-0.0003,0,0.2057,-0.0018,0.0003,-0.002,-0.0001,-0.0001,0.7776,0.1899,-0.1107,-0.2057,0.1905,0.1099,-0.2057,-0.1905,-0.1099,-0.2057,-0.1899,0.1108,-0.2057
6,-0.0008,0.0002,-0.0002,-0.0003,-0,0.2145,-0.0014,0.0002,-0.0013,-0.0001,-0.0001,0.9759,0.1899,-0.1107,-0.2145,0.1905,0.1099,-0.2145,-0.1905,-0.1099,-0.2145,-0.1899,0.1108,-0.2145
6,-0.0008,0.0002,-0.0002,-0.0003,-0,0.2252,-0.001,0.0001,-0.0006,-0.0001,-0.0001,1.1595,0.1899,-0.1107,-0.2252,0.1905,0.1099,-0.2252,-0.1905,-0.1099,-0.2252,-0.1899,0.1108,-0.2252
6,-0.0008,0.0002,-0.0002,-0.0003,-0,0.2376,-0.0007,0,0,-0.0001,-0.0001,1.3135,0.1899,-0.1107,-0.2376,0.1905,0.1099,-0.2376,-0.1905,-0.1099,-0.2376,-0.1899,0.1108,-0.2376
6,-0.0008,0.0002,-0.0002,-0.0003,-0,0.2514,-0.0003,-0,0.0006,-0.0001,-0.0001,1.4378,0.1899,-0.1107,-0.2514,0.1905,0.1099,-0.2514,-0.1905,-0.1099,-0.2514,-0.1899,0.1108,-0.2514
6,-0.0008,0.0002,-0.0002,-0.0003,-0,0.2662,-0.0001,-0.0001,0.0011,-0.0001,-0.0002,1.5325,0.1899,-0.1107,-0.2662,0.1905,0.1099,-0.2662,-0.1905,-0.1099,-0.2662,-0.1899,0.1108,-0.2662
6,-0.0008,0.0002,-0.0002,-0.0003,-0,0.2819,0.0002,-0.0002,0.0015,-0.0001,-0.0002,1.5976,0.1899,-0.1107,-0.2819,0.1905,0.1099,-0.2819,-0.1905,-0.1099,-0.2819,-0.1899,0.1108,-0.2819
6,-0.0008,0.0002,-0.0002,-0.0003,-0,0.2981,0.0004,-0.0002,0.0019,-0.0001,-0.0002,1.6329,0.1899,-0.1107,-0.2981,0.1905,0.1099,-0.2981,-0.1905,-0.1099,-0.2981,-0.1899,0.1108,-0.2981
6,-0.0007,0.0002,-0.0002,-0.0003,-0,0.3145,0.0005,-0.0003,0.0021,-0,-0.0002,1.6387,0.1899,-0.1107,-0.3145,0.1905,0.1099,-0.3145,-0.1905,-0.1099,-0.3145,-0.1899,0.1108,-0.3145
6,-0.0007,0.0002,-0.0002,-0.0003,-0,0.3308,0.0006,-0.0003,0.0023,-0,-0.0002,1.6147,0.1899,-0.1107,-0.3308,0.1905,0.1099,-0.3308,-0.1905,-0.1099,-0.3308,-0.1899,0.1108,-0.3308
6,-0.0007,0.0002,-0.0002,-0.0003,-0,0.3467,0.0007,-0.0003,0.0024,-0,-0.0002,1.5612,0.1899,-0.1107,-0.3467,0.1905,0.1099,-0.3467,-0.1905,-0.1099,-0.3467,-0.1899,0.1108,-0.3467
6,-0.0007,0.0002,-0.0002,-0.0003,-0,0.3619,0.0007,-0.0003,0.0025,-0,-0.0002,1.4779,0.1899,-0.1107,-0.3619,0.1905,0.1099,-0.3619,-0.1905,-0.1099,-0.3619,-0.1899,0.1108,-0.3619
6,-0.0006,0.0002,-0.0001,-0.0003,-0,0.3762,0.0007,-0.0003,0.0025,-0,-0.0002,1.3799,0.1899,-0.1107,-0.3619,0.1905,0.1099,-0.3619,-0.1905,-0.1099,-0.3619,-0.1899,0.1108,-0.3619
7,-0.0006,0.0002,-0.0001,-0.0003,-0,0.3762,0.0007,-0.0003,0.0025,-0,-0.0002,1.3799,0.0645,0.3495,-0.8054,-0.0534,0.3444,-0.798,0.0666,0.3917,-0.8121,-0.0512,0.385,-0.8017
7,-0.0006,0.0001,-0.0001,-0.0003,-0,0.3895,0.0007,-0.0003,0.0025,-0,-0.0002,1.2818,0.0639,0.3216,-0.748,-0.0529,0.3163,-0.7404,0.0659,0.3634,-0.755,-0.0508,0.3566,-0.7442
7,-0.0006,0.0001,-0.0001,-0.0003,-0,0.4018,0.0007,-0.0003,0.0025,-0,-0.0002,1.1837,0.064,0.3298,-0.7649,-0.053,0.3245,-0.7572,0.066,0.3718,-0.7717,-0.0509,0.365,-0.7611
7,-0.0006,0.0001,-0.0001,-0.0003,-0,0.4132,0.0007,-0.0003,0.0025,-0,-0.0002,1.0857,0.065,0.3674,-0.8423,-0.0538,0.3624,-0.835,0.067,0.4099,-0.8488,-0.0517,0.4034,-0.8387
7,-0.0005,0.0001,-0.0001,-0.0003,-0,0.4235,0.0007,-0.0003,0.0025,-0,-0.0002,0.9876,0.0667,0.4243,-0.9594,-0.0552,0.4195,-0.9525,0.0687,0.4677,-0.9655,-0.0531,0.4616,-0.9561
7,-0.0005,0.0001,-0.0001,-0.0003,-0,0.4329,0.0007,-0.0003,0.0025,-0,-0.0002,0.8895,0.0692,0.4907,-1.0969,-0.0573,0.4862,-1.0905,0.0712,0.5356,-1.1026,-0.0552,0.5298,-1.0938
7,-0.0005,0.0001,-0.0001,-0.0003,-0,0.4413,0.0007,-0.0003,0.0025,-0,-0.0002,0.7915,0.0725,0.56,-1.2411,-0.0601,0.5556,-1.235,0.0746,0.6068,-1.2465,-0.058,0.6013,-1.2382
7,-0.0005,0.0001,-0.0001,-0.0003,-0,0.4487,0.0007,-0.0003,0.0025,-0,-0.0002,0.6934,0.0765,0.6277,-1.3836,-0.0634,0.6234,-1.3776,0.0786,0.677,-1.3887,-0.0613,0.6716,-1.3808
7,-0.0004,0.0001,-0.0001,-0.0003,-0,0.4552,0.0007,-0.0003,0.0025,-0,-0.0002,0.5953,0.0812,0.6914,-1.5191,-0.0673,0.6872,-1.5132,0.0832,0.7434,-1.5239,-0.0651,0.7383,-1.5162
7,-0.0004,0.0001,-0.0001,-0.0003,-0,0.4607,0.0007,-0.0003,0.0025,-0,-0.0002,0.4973,0.0862,0.7488,-1.6431,-0.0714,0.7446,-1.637,0.0882,0.8042,-1.648,-0.0692,0.799,-1.6402
7,-0.0004,0.0001,-0.0001,-0.0003,-0,0.4651,0.0007,-0.0003,0.0025,-0,-0.0002,0.3992,0.0916,0.7989,-1.7529,-0.0758,0.7948,-1.7467,0.0937,0.8578,-1.7579,-0.0736,0.8527,-1.75
7,-0.0004,0.0001,-0.0001,-0.0003,-0,0.4686,0.0007,-0.0003,0.0025,-0,-0.0002,0.3011,0.0969,0.8401,-1.8448,-0.0802,0.836,-1.8384,0.0989,0.9026,-1.85,-0.0779,0.8974,-1.8419
7,-0.0003,0.0001,-0.0001,-0.0003,-0,0.4712,0.0007,-0.0003,0.0025,-0,-0.0002,0.2031,0.1015,0.8713,-1.9154,-0.084,0.8672,-1.9089,0.1036,0.9368,-1.9207,-0.0818,0.9316,-1.9125
7,-0.0003,0.0001,-0.0001,-0.0003,-0,0.4727,0.0007,-0.0003,0.0025,-0,-0.0002,0.105,0.1048,0.891,-1.9609,-0.0867,0.887,-1.9541,0.1068,0.9587,-1.9662,-0.0845,0.9536,-1.9579
7,-0.0003,0.0001,-0.0001,-0.0003,-0,0.4733,0.0007,-0.0003,0.0025,-0,-0.0002,0.0069,0.106,0.8978,-1.9768,-0.0876,0.8938,-1.97,0.1079,0.9664,-1.9822,-0.0856,0.9613,-1.9739
7,-0.0003,0.0001,-0,-0.0003,-0,0.4728,0.0007,-0.0003,0.0025,-0,-0.0002,-0.0911,0.1048,0.8905,-1.9601,-0.0866,0.8866,-1.9532,0.1066,0.9583,-1.9654,-0.0846,0.9534,-1.9571
7,-0.0003,0.0001,-0,-0.0003,-0,0.4714,0.0007,-0.0003,0.0025,-0,-0.0002,-0.1892,0.1014,0.8702,-1.9137,-0.0837,0.8665,-1.907,0.103,0.9358,-1.9189,-0.082,0.9312,-1.9109
7,-0.0002,0.0001,-0,-0.0003,-0,0.4691,0.0007,-0.0003,0.0025,-0,-0.0002,-0.2873,0.0967,0.8385,-1.8422,-0.0798,0.835,-1.8356,0.0981,0.9011,-1.8472,-0.0782,0.8967,-1.8394
7,-0.0002,0.0001,-0,-0.0003,-0,0.4657,0.0007,-0.0003,0.0025,-0,-0.0002,-0.3853,0.0914,0.7967,-1.7493,-0.0754,0.7933,-1.7428,0.0926,0.8558,-1.7541,-0.074,0.8517,-1.7465
7,-0.0002,0.0001,-0,-0.0003,-0,0.4613,0.0007,-0.0003,0.0025,-0,-0.0002,-0.4834,0.086,0.7459,-1.6384,-0.0709,0.7426,-1.6319,0.087,0.8015,-1.643,-0.0697,0.7976,-1.6356
7,-0.0002,0.0001,-0,-0.0003,-0,0.456,0.0007,-0.0003,0.0025,-0,-0.0002,-0.5815,0.081,0.6878,-1.5131,-0.0667,0.6846,-1.5067,0.0818,0.7401,-1.5176,-0.0657,0.7364,-1.5103
7,-0.0001,0.0001,-0,-0.0003,-0.0001,0.4497,0.0007,-0.0003,0.0025,-0,-0.0002,-0.6795,0.0763,0.6232,-1.3761,-0.0628,0.62,-1.3694,0.077,0.6728,-1.3808,-0.062,0.6691,-1.3734
7,-0.0001,0.0001,0,-0.0003,-0.0001,0.4424,0.0007,-0.0003,0.0025,-0,-0.0002,-0.7776,0.0723,0.5544,-1.2316,-0.0594,0.5511,-1.2247,0.0729,0.6016,-1.2365,-0.0588,0.5979,-1.2289
7,-0.0001,0.0001,0,-0.0003,-0.0001,0.4342,0.0007,-0.0003,0.0025,-0,-0.0002,-0.8757,0.0689,0.4838,-1.0848,-0.0566,0.4804,-1.0774,0.0694,0.5291,-1.09,-0.0561,0.5252,-1.082
7,-0.0001,0.0001,0,-0.0003,-0.0001,0.4249,0.0007,-0.0003,0.0025,-0,-0.0002,-0.9737,0.0663,0.4159,-0.9445,-0.0546,0.4122,-0.9365,0.0668,0.4598,-0.9501,-0.0541,0.4557,-0.9414
7,-0,0.0001,0,-0.0003,-0.0001,0.4147,0.0007,-0.0003,0.0025,-0,-0.0002,-1.0718,0.0646,0.3574,-0.8241,-0.0531,0.3534,-0.8154,0.0649,0.4003,-0.83,-0.0527,0.3959,-0.8207
7,-0,0.0001,0,-0.0003,-0.0001,0.4035,0.0007,-0.0003,0.0025,-0,-0.0002,-1.1699,0.0636,0.3182,-0.7436,-0.0524,0.314,-0.7343,0.0639,0.3605,-0.7498,-0.0521,0.356,-0.74
7,0,0.0001,0,-0.0003,-0.0001,0.3913,0.0007,-0.0003,0.0025,-0,-0.0002,-1.2679,0.0634,0.3089,-0.7246,-0.0523,0.3046,-0.7152,0.0637,0.3511,-0.7308,-0.052,0.3466,-0.7209
7,0,0.0001,0,-0.0003,-0.0001,0.3781,0.0007,-0.0003,0.0025,-0,-0.0002,-1.366,0.064,0.3365,-0.7813,-0.0527,0.3324,-0.7722,0.0643,0.3791,-0.7874,-0.0524,0.3748,-0.7778
7,0.0001,0.0001,0.0001,-0.0003,-0.0001,0.364,0.0007,-0.0003,0.0025,-0,-0.0002,-1.4641,0.0658,0.4007,-0.9133,-0.0542,0.397,-0.9049,0.066,0.4443,-0.9189,-0.0539,0.4403,-0.9101
7,0.0001,0.0001,0.0001,-0.0003,-0.0001,0.3489,0.0007,-0.0003,0.0024,-0,-0.0002,-1.5476,0.0685,0.4776,-1.0723,-0.0565,0.4743,-1.0646,0.0688,0.5228,-1.0775,-0.0561,0.5192,-1.0695
8,0.0001,0.0001,0.0001,-0.0003,-0.0001,0.3489,0.0007,-0.0003,0.0024,-0,-0.0002,-1.5476,0.1904,-0.1105,-0.3489,0.1902,0.1104,-0.3489,-0.1903,-0.1104,-0.3489,-0.1904,0.1105,-0.3489
8,0.0001,0.0001,0.0001,-0.0003,-0.0001,0.3331,0.0007,-0.0003,0.0024,-0,-0.0002,-1.6021,0.1904,-0.1105,-0.3331,0.1902,0.1104,-0.3331,-0.1903,-0.1104,-0.3331,-0.1904,0.1105,-0.3331
8,0.0001,0.0001,0.0001,-0.0003,-0.0001,0.3169,0.0006,-0.0003,0.0022,-0,-0.0002,-1.6275,0.1904,-0.1105,-0.3169,0.1902,0.1104,-0.3169,-0.1903,-0.1104,-0.3169,-0.1904,0.1105,-0.3169
8,0.0002,0.0001,0.0001,-0.0003,-0.0001,0.3007,0.0006,-0.0003,0.002,-0,-0.0002,-1.6239,0.1904,-0.1105,-0.3007,0.1902,0.1104,-0.3007,-0.1903,-0.1104,-0.3007,-0.1904,0.1105,-0.3007
8,0.0002,0.0001,0.0001,-0.0003,-0.0001,0.2846,0.0005,-0.0003,0.0018,-0,-0.0001,-1.5912,0.1904,-0.1105,-0.2846,0.1902,0.1104,-0.2846,-0.1903,-0.1104,-0.2846,-0.1904,0.1105,-0.2846
8,0.0002,0,0.0001,-0.0003,-0.0001,0.2689,0.0004,-0.0003,0.0015,-0,-0.0001,-1.5295,0.1904,-0.1105,-0.2689,0.1902,0.1104,-0.2689,-0.1903,-0.1104,-0.2689,-0.1904,0.1105,-0.2689
8,0.0002,0,0.0001,-0.0003,-0.0001,0.2541,0.0003,-0.0003,0.0012,-0,-0.0001,-1.4387,0.1904,-0.1105,-0.2541,0.1902,0.1104,-0.2541,-0.1903,-0.1104,-0.2541,-0.1904,0.1105,-0.2541
8,0.0002,0,0.0001,-0.0003,-0.0001,0.2403,0.0002,-0.0003,0.0008,-0,-0.0001,-1.3189,0.1904,-0.1105,-0.2403,0.1902,0.1104,-0.2403,-0.1903,-0.1104,-0.2403,-0.1904,0.1105,-0.2403
8,0.0002,0,0.0001,-0.0003,-0.0001,0.2278,0.0001,-0.0002,0.0003,-0,-0.0001,-1.17,0.1904,-0.1105,-0.2278,0.1902,0.1104,-0.2278,-0.1903,-0.1104,-0.2278,-0.1904,0.1105,-0.2278
8,0.0002,0,0.0001,-0.0003,-0.0001,0.217,-0,-0.0002,-0.0002,-0,-0.0001,-0.992,0.1904,-0.1105,-0.217,0.1902,0.1104,-0.217,-0.1903,-0.1104,-0.217,-0.1904,0.1105,-0.217
8,0.0002,0,0.0001,-0.0003,-0.0001,0.208,-0.0001,-0.0002,-0.0006,-0,-0.0001,-0.7992,0.1904,-0.1105,-0.208,0.1902,0.1104,-0.208,-0.1903,-0.1104,-0.208,-0.1904,0.1105,-0.208
8,0.0002,0,0.0001,-0.0003,-0.0001,0.201,-0.0002,-0.0002,-0.001,-0,-0.0001,-0.6058,0.1904,-0.1105,-0.201,0.1902,0.1104,-0.201,-0.1903,-0.1104,-0.201,-0.1904,0.1105,-0.201
8,0.0002,0,0.0001,-0.0003,-0.0001,0.1959,-0.0003,-0.0002,-0.0013,0,-0.0001,-0.4118,0.1904,-0.1105,-0.1959,0.1902,0.1104,-0.1959,-0.1903,-0.1104,-0.1959,-0.1904,0.1105,-0.1959
8,0.0002,0,0.0001,-0.0003,-0.0001,0.1927,-0.0004,-0.0002,-0.0016,0,-0.0001,-0.2171,0.1904,-0.1105,-0.1927,0.1902,0.1104,-0.1927,-0.1903,-0.1104,-0.1927,-0.1904,0.1105,-0.1927
8,0.0002,0,0.0001,-0.0003,-0.0001,0.1915,-0.0004,-0.0002,-0.0017,0,-0.0001,-0.0218,0.1904,-0.1105,-0.1915,0.1902,0.1104,-0.1915,-0.1903,-0.1104,-0.1915,-0.1904,0.1105,-0.1915
8,0.0002,0,0.0001,-0.0003,-0.0001,0.1923,-0.0004,-0.0002,-0.0017,0,-0.0001,0.1742,0.1904,-0.1105,-0.1923,0.1902,0.1104,-0.1923,-0.1903,-0.1104,-0.1923,-0.1904,0.1105,-0.1923
8,0.0001,0,0.0001,-0.0003,-0.0001,0.195,-0.0004,-0.0002,-0.0017,0,-0.0001,0.3707,0.1904,-0.1105,-0.195,0.1902,0.1104,-0.195,-0.1903,-0.1104,-0.195,-0.1904,0.1105,-0.195
8,0.0001,0,0.0001,-0.0003,-0.0001,0.1997,-0.0004,-0.0002,-0.0015,0,-0.0001,0.5679,0.1904,-0.1105,-0.1997,0.1902,0.1104,-0.1997,-0.1903,-0.1104,-0.1997,-0.1904,0.1105,-0.1997
8,0.0001,0,0.0001,-0.0003,-0.0001,0.2064,-0.0003,-0.0002,-0.0013,0,-0.0001,0.7658,0.1904,-0.1105,-0.2064,0.1902,0.1104,-0.2064,-0.1903,-0.1104,-0.2064,-0.1904,0.1105,-0.2064
8,0.0001,0,0.0001,-0.0003,-0.0001,0.215,-0.0002,-0.0002,-0.001,0.0001,-0,0.9642,0.1904,-0.1105,-0.215,0.1902,0.1104,-0.215,-0.1903,-0.1104,-0.215,-0.1904,0.1105,-0.215
8,0.0001,0,0.0001,-0.0003,-0.0001,0.2256,-0.0001,-0.0002,-0.0007,0.0001,-0,1.1481,0.1904,-0.1105,-0.2256,0.1902,0.1104,-0.2256,-0.1903,-0.1104,-0.2256,-0.1904,0.1105,-0.2256
8,0.0001,0,0.0001,-0.0003,-0.0001,0.2379,-0.0001,-0.0002,-0.0004,0.0001,-0,1.3024,0.1904,-0.1105,-0.2379,0.1902,0.1104,-0.2379,-0.1903,-0.1104,-0.2379,-0.1904,0.1105,-0.2379
8,0.0001,0,0.0001,-0.0003,-0.0001,0.2516,0,-0.0002,-0.0001,0.0001,-0,1.4269,0.1904,-0.1105,-0.2516,0.1902,0.1104,-0.2516,-0.1903,-0.1104,-0.2516,-0.1904,0.1105,-0.2516
8,0.0001,0,0.0001,-0.0003,-0.0001,0.2663,0.0001,-0.0002,0.0001,0.0001,-0,1.5218,0.1904,-0.1105,-0.2663,0.1902,0.1104,-0.2663,-0.1903,-0.1104,-0.2663,-0.1904,0.1105,-0.2663
8,0.0001,0,0.0001,-0.0003,-0.0001,0.2819,0.0001,-0.0002,0.0003,0.0001,-0,1.587,0.1904,-0.1105,-0.2819,0.1902,0.1104,-0.2819,-0.1903,-0.1104,-0.2819,-0.1904,0.1105,-0.2819
8,0.0001,0,0.0001,-0.0003,-0.0001,0.298,0.0002,-0.0002,0.0005,0.0001,-0,1.6225,0.1904,-0.1105,-0.298,0.1902,0.1104,-0.298,-0.1903,-0.1104,-0.298,-0.1904,0.1105,-0.298
8,0.0001,0,0.0001,-0.0003,-0.0001,0.3143,0.0002,-0.0002,0.0006,0.0001,-0,1.6284,0.1904,-0.1105,-0.3143,0.1902,0.1104,-0.3143,-0.1903,-0.1104,-0.3143,-0.1904,0.1105,-0.3143
8,0.0001,0,0.0001,-0.0003,-0.0001,0.3305,0.0002,-0.0002,0.0007,0.0001,-0,1.6045,0.1904,-0.1105,-0.3305,0.1902,0.1104,-0.3305,-0.1903,-0.1104,-0.3305,-0.1904,0.1105,-0.3305
8,0.0001,0,0.0001,-0.0003,-0.0001,0.3463,0.0002,-0.0002,0.0008,0.0001,-0,1.551,0.1904,-0.1105,-0.3463,0.1902,0.1104,-0.3463,-0.1903,-0.1104,-0.3463,-0.1904,0.1105,-0.3463
8,0.0001,-0,0.0001,-0.0003,-0.0001,0.3614,0.0002,-0.0002,0.0008,0.0001,-0,1.4678,0.1904,-0.1105,-0.3614,0.1902,0.1104,-0.3614,-0.1903,-0.1104,-0.3614,-0.1904,0.1105,-0.3614
8,0.0001,-0,0.0001,-0.0003,-0.0001,0.3756,0.0002,-0.0002,0.0008,0.0001,-0,1.3697,0.1904,-0.1105,-0.3614,0.1902,0.1104,-0.3614,-0.1903,-0.1104,-0.3614,-0.1904,0.1105,-0.3614
9,0.0001,-0,0.0001,-0.0003,-0.0001,0.3756,0.0002,-0.0002,0.0008,0.0001,-0,1.3697,0.0644,0.354,-0.817,-0.0531,0.35,-0.8081,0.0647,0.3971,-0.8233,-0.0528,0.3927,-0.8139
9,0.0001,-0,0.0001,-0.0003,-0.0001,0.3888,0.0002,-0.0002,0.0008,0.0001,-0,1.2716,0.0639,0.3324,-0.7725,-0.0527,0.3283,-0.7635,0.0642,0.3751,-0.779,-0.0524,0.3708,-0.7697
9,0.0001,-0,0.0001,-0.0003,-0.0001,0.401,0.0002,-0.0002,0.0008,0.0001,-0,1.1736,0.0643,0.349,-0.8068,-0.053,0.3453,-0.7983,0.0646,0.392,-0.8132,-0.0527,0.388,-0.8045
9,0.0001,-0,0.0001,-0.0003,-0.0001,0.4122,0.0002,-0.0002,0.0008,0.0001,-0,1.0755,0.0656,0.3954,-0.9021,-0.0541,0.3921,-0.8946,0.0659,0.439,-0.9082,-0.0538,0.4356,-0.9006
9,0.0002,-0,0.0001,-0.0003,-0.0001,0.4225,0.0002,-0.0002,0.0008,0.0001,-0,0.9774,0.0679,0.4598,-1.0349,-0.056,0.457,-1.0284,0.0682,0.5045,-1.0406,-0.0556,0.5018,-1.0342
9,0.0002,-0,0.0001,-0.0003,-0.0001,0.4318,0.0002,-0.0002,0.0008,0.0001,-0,0.8794,0.0711,0.5325,-1.1858,-0.0586,0.5302,-1.1802,0.0714,0.579,-1.1911,-0.0583,0.5767,-1.1857
9,0.0002,-0,0.0001,-0.0003,-0.0001,0.4401,0.0002,-0.0002,0.0008,0.0001,-0,0.7813,0.0753,0.6069,-1.3417,-0.0621,0.605,-1.3367,0.0756,0.6557,-1.3467,-0.0617,0.6539,-1.342
9,0.0002,-0,0.0001,-0.0003,-0.0001,0.4474,0.0002,-0.0002,0.0008,0.0001,-0,0.6832,0.0803,0.6791,-1.4946,-0.0662,0.6775,-1.49,0.0806,0.7308,-1.4995,-0.0658,0.7293,-1.4952
9,0.0002,-0,0.0001,-0.0003,-0.0001,0.4538,0.0002,-0.0002,0.0008,0.0001,-0,0.5852,0.0861,0.7463,-1.6394,-0.071,0.7449,-1.6351,0.0865,0.8016,-1.6443,-0.0706,0.8003,-1.6404
9,0.0002,-0,0.0001,-0.0003,-0.0001,0.4591,0.0002,-0.0002,0.0008,0.0001,-0,0.4871,0.0928,0.8071,-1.7726,-0.0765,0.8059,-1.7683,0.0932,0.8665,-1.7777,-0.0761,0.8654,-1.7739
9,0.0002,-0,0.0001,-0.0003,-0.0001,0.4635,0.0002,-0.0002,0.0008,0.0001,-0,0.389,0.1001,0.8598,-1.8905,-0.0825,0.8587,-1.8862,0.1005,0.9236,-1.8958,-0.0821,0.9226,-1.892
9,0.0002,-0,0.0001,-0.0003,-0.0001,0.4669,0.0002,-0.0002,0.0008,0.0001,-0,0.291,0.1074,0.9028,-1.9895,-0.0885,0.9019,-1.985,0.1078,0.9712,-1.9949,-0.088,0.9703,-1.991
9,0.0002,-0,0.0001,-0.0003,-0.0001,0.4693,0.0002,-0.0002,0.0008,0.0001,-0,0.1929,0.114,0.9352,-2.0658,-0.094,0.9344,-2.0612,0.1145,1.0077,-2.0714,-0.0935,1.0068,-2.0674
9,0.0002,-0,0.0001,-0.0003,-0.0001,0.4708,0.0002,-0.0002,0.0008,0.0001,-0,0.0948,0.1187,0.9557,-2.1151,-0.0978,0.9549,-2.1103,0.1192,1.031,-2.1208,-0.0973,1.0302,-2.1167
9,0.0002,-0,0.0001,-0.0003,-0.0001,0.4712,0.0002,-0.0002,0.0008,0.0001,-0,-0.0032,0.1205,0.9629,-2.1328,-0.0993,0.9622,-2.128,0.121,1.0393,-2.1386,-0.0988,1.0385,-2.1344
9,0.0002,-0,0.0001,-0.0003,-0.0001,0.4707,0.0002,-0.0002,0.0008,0.0001,-0,-0.1013,0.1188,0.956,-2.1155,-0.098,0.9552,-2.1108,0.1193,1.031,-2.1213,-0.0975,1.0303,-2.1171
9,0.0003,-0,0.0001,-0.0003,-0.0001,0.4692,0.0002,-0.0002,0.0008,0.0001,-0,-0.1994,0.1142,0.9359,-2.0667,-0.0942,0.9351,-2.0621,0.1147,1.0077,-2.0723,-0.0938,1.007,-2.0682
9,0.0003,-0,0.0001,-0.0003,-0.0001,0.4667,0.0002,-0.0002,0.0008,0.0001,-0,-0.2974,0.1077,0.9038,-1.9908,-0.0889,0.903,-1.9864,0.1081,0.9712,-1.9962,-0.0884,0.9706,-1.9923
9,0.0003,-0,0.0001,-0.0003,-0.0001,0.4632,0.0002,-0.0002,0.0008,0.0001,-0,-0.3955,0.1005,0.861,-1.8924,-0.083,0.8602,-1.8881,0.1009,0.9237,-1.8976,-0.0826,0.923,-1.8938
9,0.0003,-0,0.0001,-0.0003,-0.0001,0.4588,0.0002,-0.0002,0.0008,0.0001,-0,-0.4936,0.0932,0.8087,-1.7751,-0.0771,0.8078,-1.7708,0.0936,0.8667,-1.78,-0.0767,0.8659,-1.7762
9,0.0003,-0,0.0001,-0.0003,-0.0001,0.4534,0.0002,-0.0002,0.0008,0.0001,-0,-0.5916,0.0866,0.7483,-1.6425,-0.0716,0.7473,-1.6381,0.0869,0.802,-1.6473,-0.0712,0.8011,-1.6433
9,0.0003,-0,0.0001,-0.0003,-0.0001,0.447,0.0002,-0.0002,0.0008,0.0001,-0,-0.6897,0.0808,0.6815,-1.4984,-0.0669,0.6803,-1.4938,0.0811,0.7314,-1.5032,-0.0665,0.7303,-1.4989
9,0.0003,-0,0.0001,-0.0003,-0.0001,0.4396,0.0002,-0.0002,0.0008,0.0001,-0,-0.7878,0.0758,0.6098,-1.3464,-0.0628,0.6084,-1.3414,0.0761,0.6567,-1.3513,-0.0625,0.6554,-1.3466
9,0.0003,-0,0.0001,-0.0003,-0.0001,0.4312,0.0002,-0.0002,0.0008,0.0001,-0,-0.8858,0.0716,0.536,-1.1916,-0.0594,0.5342,-1.186,0.0719,0.5805,-1.1968,-0.0591,0.5787,-1.1913
9,0.0003,-0.0001,0.0001,-0.0003,-0.0001,0.4219,0.0002,-0.0002,0.0008,0.0001,-0,-0.9839,0.0684,0.464,-1.0421,-0.0568,0.4618,-1.0356,0.0687,0.5067,-1.0477,-0.0565,0.5044,-1.0412
9,0.0003,-0.0001,0.0001,-0.0003,-0.0001,0.4115,0.0002,-0.0002,0.0008,0.0001,-0,-1.082,0.0661,0.4005,-0.9109,-0.0549,0.3977,-0.9034,0.0664,0.4419,-0.9168,-0.0547,0.439,-0.9092
9,0.0003,-0.0001,0.0001,-0.0003,-0.0001,0.4002,0.0002,-0.0002,0.0008,0.0001,-0,-1.18,0.0648,0.3549,-0.8171,-0.0539,0.3517,-0.8087,0.0651,0.3956,-0.8234,-0.0536,0.3921,-0.8146
9,0.0003,-0.0001,0.0001,-0.0003,-0.0001,0.3879,0.0002,-0.0002,0.0008,0.0001,-0,-1.2781,0.0644,0.3389,-0.784,-0.0536,0.3354,-0.775,0.0647,0.3792,-0.7904,-0.0533,0.3754,-0.781
9,0.0003,-0.0001,0.0001,-0.0003,-0.0001,0.3747,0.0002,-0.0002,0.0008,0.0001,-0,-1.3762,0.065,0.3607,-0.8289,-0.0541,0.3572,-0.8199,0.0652,0.4013,-0.8351,-0.0538,0.3975,-0.8256
9,0.0004,-0.0001,0.0002,-0.0003,-0.0001,0.3604,0.0002,-0.0002,0.0008,0.0001,-0,-1.4742,0.0668,0.4212,-0.9535,-0.0555,0.4181,-0.9451,0.0671,0.4628,-0.9592,-0.0552,0.4593,-0.9504
9,0.0004,-0.0001,0.0002,-0.0003,-0.0001,0.3452,0.0003,-0.0002,0.0008,0.0001,-0,-1.5575,0.0697,0.4963,-1.1087,-0.058,0.4936,-1.1011,0.07,0.5393,-1.114,-0.0576,0.5363,-1.1059
10,0.0004,-0.0001,0.0002,-0.0003,-0.0001,0.3452,0.0003,-0.0002,0.0008,0.0001,-0,-1.5575,0.1901,-0.1102,-0.3452,0.1897,0.1102,-0.3452,-0.1897,-0.1102,-0.3452,-0.19,0.1102,-0.3452
10,0.0004,-0.0001,0.0002,-0.0003,-0.0001,0.3294,0.0003,-0.0002,0.0008,0.0001,-0,-1.6111,0.1901,-0.1102,-0.3294,0.1897,0.1102,-0.3294,-0.1897,-0.1102,-0.3294,-0.19,0.1102,-0.3294
10,0.0004,-0.0001,0.0002,-0.0003,-0.0001,0.3131,0.0003,-0.0002,0.0007,0.0001,-0,-1.6351,0.1901,-0.1102,-0.3131,0.1897,0.1102,-0.3131,-0.1897,-0.1102,-0.3131,-0.19,0.1102,-0.3131
10,0.0004,-0.0001,0.0002,-0.0003,-0.0001,0.2967,0.0004,-0.0002,0.0007,0.0001,-0,-1.6295,0.1901,-0.1102,-0.2967,0.1897,0.1102,-0.2967,-0.1897,-0.1102,-0.2967,-0.19,0.1102,-0.2967
10,0.0004,-0.0001,0.0002,-0.0003,-0.0001,0.2806,0.0005,-0.0002,0.0006,0.0001,-0,-1.5942,0.1901,-0.1102,-0.2806,0.1897,0.1102,-0.2806,-0.1897,-0.1102,-0.2806,-0.19,0.1102,-0.2806
10,0.0004,-0.0001,0.0002,-0.0003,-0.0001,0.265,0.0006,-0.0002,0.0005,0.0001,-0,-1.5293,0.1901,-0.1102,-0.265,0.1897,0.1102,-0.265,-0.1897,-0.1102,-0.265,-0.19,0.1102,-0.265
10,0.0004,-0.0001,0.0002,-0.0003,-0.0001,0.2501,0.0007,-0.0002,0.0004,0.0001,-0,-1.4348,0.1901,-0.1102,-0.2501,0.1897,0.1102,-0.2501,-0.1897,-0.1102,-0.2501,-0.19,0.1102,-0.2501
10,0.0004,-0.0001,0.0002,-0.0003,-0.0001,0.2364,0.0009,-0.0003,0.0002,0.0001,-0,-1.3106,0.1901,-0.1102,-0.2364,0.1897,0.1102,-0.2364,-0.1897,-0.1102,-0.2364,-0.19,0.1102,-0.2364
10,0.0004,-0.0001,0.0002,-0.0003,-0.0001,0.224,0.001,-0.0003,0.0001,0.0001,-0,-1.1568,0.1901,-0.1102,-0.224,0.1897,0.1102,-0.224,-0.1897,-0.1102,-0.224,-0.19,0.1102,-0.224
10,0.0004,-0.0001,0.0002,-0.0003,-0.0001,0.2133,0.0012,-0.0003,-0.0001,0.0001,-0,-0.9734,0.1901,-0.1102,-0.2133,0.1897,0.1102,-0.2133,-0.1897,-0.1102,-0.2133,-0.19,0.1102,-0.2133
10,0.0004,-0.0001,0.0002,-0.0003,-0.0001,0.2046,0.0014,-0.0003,-0.0002,0.0001,0,-0.7754,0.1901,-0.1102,-0.2046,0.1897,0.1102,-0.2046,-0.1897,-0.1102,-0.2046,-0.19,0.1102,-0.2046
10,0.0004,-0.0001,0.0002,-0.0003,-0.0001,0.1978,0.0015,-0.0003,-0.0003,0.0001,0,-0.5777,0.1901,-0.1102,-0.1978,0.1897,0.1102,-0.1978,-0.1897,-0.1102,-0.1978,-0.19,0.1102,-0.1978
10,0.0004,-0.0001,0.0003,-0.0003,-0.0001,0.193,0.0016,-0.0003,-0.0004,0.0001,0,-0.3804,0.1901,-0.1102,-0.193,0.1897,0.1102,-0.193,-0.1897,-0.1102,-0.193,-0.19,0.1102,-0.193
10,0.0004,-0.0001,0.0003,-0.0003,-0.0001,0.1902,0.0016,-0.0003,-0.0004,0.0001,0,-0.1835,0.1901,-0.1102,-0.1902,0.1897,0.1102,-0.1902,-0.1897,-0.1102,-0.1902,-0.19,0.1102,-0.1902
10,0.0004,-0.0001,0.0003,-0.0003,-0.0001,0.1894,0.0016,-0.0003,-0.0004,0.0001,0,0.0131,0.1901,-0.1102,-0.1894,0.1897,0.1102,-0.1894,-0.1897,-0.1102,-0.1894,-0.19,0.1102,-0.1894
10,0.0004,-0.0001,0.0003,-0.0003,-0.0001,0.1905,0.0016,-0.0002,-0.0003,0.0001,0,0.2093,0.1901,-0.1102,-0.1905,0.1897,0.1102,-0.1905,-0.1897,-0.1102,-0.1905,-0.19,0.1102,-0.1905
10,0.0004,-0.0001,0.0003,-0.0003,-0.0001,0.1935,0.0015,-0.0002,-0.0002,0.0001,0,0.405,0.1901,-0.1102,-0.1935,0.1897,0.1102,-0.1935,-0.1897,-0.1102,-0.1935,-0.19,0.1102,-0.1935
10,0.0004,-0.0001,0.0003,-0.0003,-0.0001,0.1986,0.0013,-0.0001,-0.0001,0.0002,0,0.6005,0.1901,-0.1102,-0.1986,0.1897,0.1102,-0.1986,-0.1897,-0.1102,-0.1986,-0.19,0.1102,-0.1986
10,0.0004,-0.0001,0.0003,-0.0003,-0.0001,0.2056,0.0011,-0,0.0001,0.0002,0,0.7955,0.1901,-0.1102,-0.2056,0.1897,0.1102,-0.2056,-0.1897,-0.1102,-0.2056,-0.19,0.1102,-0.2056
10,0.0004,-0.0001,0.0004,-0.0003,-0.0001,0.2145,0.0008,0.0001,0.0004,0.0002,0,0.9901,0.1901,-0.1102,-0.2145,0.1897,0.1102,-0.2145,-0.1897,-0.1102,-0.2145,-0.19,0.1102,-0.2145
10,0.0004,-0.0001,0.0004,-0.0003,-0.0001,0.2253,0.0006,0.0002,0.0006,0.0002,0,1.17,0.1901,-0.1102,-0.2253,0.1897,0.1102,-0.2253,-0.1897,-0.1102,-0.2253,-0.19,0.1102,-0.2253
10,0.0004,-0.0001,0.0004,-0.0003,-0.0001,0.2378,0.0003,0.0002,0.0008,0.0002,0,1.3206,0.1901,-0.1102,-0.2378,0.1897,0.1102,-0.2378,-0.1897,-0.1102,-0.2378,-0.19,0.1102,-0.2378
10,0.0004,-0.0001,0.0004,-0.0003,-0.0001,0.2516,0.0001,0.0003,0.001,0.0002,0,1.4419,0.1901,-0.1102,-0.2516,0.1897,0.1102,-0.2516,-0.1897,-0.1102,-0.2516,-0.19,0.1102,-0.2516
10,0.0004,-0.0001,0.0004,-0.0003,-0.0001,0.2665,-0,0.0004,0.0012,0.0002,0,1.534,0.1901,-0.1102,-0.2665,0.1897,0.1102,-0.2665,-0.1897,-0.1102,-0.2665,-0.19,0.1102,-0.2665
10,0.0004,-0.0001,0.0004,-0.0002,-0.0001,0.2822,-0.0002,0.0004,0.0013,0.0002,0,1.5968,0.19,-0.1102,-0.2822,0.1896,0.1102,-0.2822,-0.1898,-0.1102,-0.2822,-0.1901,0.1102,-0.2822
10,0.0004,-0.0001,0.0004,-0.0002,-0.0001,0.2984,-0.0003,0.0005,0.0015,0.0002,0,1.6304,0.19,-0.1102,-0.2984,0.1896,0.1102,-0.2984,-0.1898,-0.1102,-0.2984,-0.1901,0.1102,-0.2984
10,0.0005,-0.0001,0.0004,-0.0002,-0.0001,0.3147,-0.0004,0.0005,0.0015,0.0002,0,1.6347,0.19,-0.1102,-0.3147,0.1896,0.1102,-0.3147,-0.1898,-0.1102,-0.3147,-0.1901,0.1102,-0.3147
10,0.0005,-0.0001,0.0004,-0.0002,-0.0001,0.331,-0.0005,0.0005,0.0016,0.0002,0,1.6098,0.19,-0.1102,-0.331,0.1896,0.1102,-0.331,-0.1898,-0.1102,-0.331,-0.1901,0.1102,-0.331
10,0.0005,-0.0001,0.0003,-0.0002,-0.0001,0.3468,-0.0005,0.0006,0.0016,0.0002,0,1.5556,0.19,-0.1102,-0.3468,0.1896,0.1102,-0.3468,-0.1898,-0.1102,-0.3468,-0.1901,0.1102,-0.3468
10,0.0005,-0.0001,0.0003,-0.0002,-0.0001,0.362,-0.0005,0.0006,0.0017,0.0002,0,1.4722,0.19,-0.1102,-0.362,0.1896,0.1102,-0.362,-0.1898,-0.1102,-0.362,-0.1901,0.1102,-0.362
10,0.0005,-0.0001,0.0003,-0.0002,-0.0001,0.3762,-0.0005,0.0006,0.0017,0.0002,0,1.3741,0.19,-0.1102,-0.362,0.1896,0.1102,-0.362,-0.1898,-0.1102,-0.362,-0.1901,0.1102,-0.362
11,0.0005,-0.0001,0.0003,-0.0002,-0.0001,0.3762,-0.0005,0.0006,0.0017,0.0002,0,1.3741,0.0644,0.3497,-0.806,-0.0541,0.346,-0.7967,0.0649,0.3903,-0.8124,-0.0536,0.3861,-0.8023
11,0.0005,-0.0001,0.0003,-0.0002,-0.0001,0.3895,-0.0005,0.0006,0.0017,0.0002,0,1.2761,0.0637,0.322,-0.7491,-0.0536,0.3181,-0.7394,0.0642,0.3622,-0.7558,-0.0532,0.3578,-0.7453
11,0.0006,-0,0.0003,-0.0002,-0.0001,0.4017,-0.0005,0.0006,0.0017,0.0002,0,1.178,0.0639,0.3303,-0.7662,-0.0537,0.3264,-0.7565,0.0643,0.3707,-0.7728,-0.0533,0.3664,-0.7625
11,0.0006,-0,0.0003,-0.0002,-0.0001,0.413,-0.0005,0.0006,0.0017,0.0002,0,1.0799,0.0649,0.3679,-0.8436,-0.0545,0.3644,-0.8344,0.0652,0.4089,-0.85,-0.0541,0.4049,-0.8402
11,0.0006,-0,0.0003,-0.0002,-0.0001,0.4233,-0.0005,0.0006,0.0017,0.0002,0,0.9819,0.0667,0.4247,-0.9606,-0.0559,0.4215,-0.952,0.067,0.4666,-0.9667,-0.0556,0.4631,-0.9576
11,0.0006,-0,0.0003,-0.0002,-0.0001,0.4327,-0.0005,0.0006,0.0017,0.0002,0,0.8838,0.0693,0.491,-1.0979,-0.058,0.4882,-1.0899,0.0695,0.5344,-1.1036,-0.0578,0.5313,-1.0953
11,0.0006,-0,0.0003,-0.0002,-0.0001,0.441,-0.0005,0.0006,0.0017,0.0002,0,0.7857,0.0727,0.5601,-1.2419,-0.0607,0.5577,-1.2343,0.0728,0.6054,-1.2474,-0.0606,0.6027,-1.2396
11,0.0006,-0,0.0003,-0.0002,-0.0001,0.4484,-0.0005,0.0006,0.0017,0.0002,0,0.6877,0.0769,0.6278,-1.3843,-0.064,0.6256,-1.3769,0.0768,0.6754,-1.3896,-0.064,0.673,-1.3821
11,0.0007,-0,0.0003,-0.0002,-0.0001,0.4548,-0.0005,0.0006,0.0017,0.0002,0,0.5896,0.0816,0.6914,-1.5196,-0.0678,0.6895,-1.5124,0.0814,0.7417,-1.5247,-0.0679,0.7396,-1.5175
11,0.0007,-0,0.0003,-0.0002,-0.0001,0.4602,-0.0005,0.0006,0.0017,0.0002,0,0.4915,0.0868,0.7488,-1.6436,-0.0718,0.747,-1.6363,0.0865,0.8022,-1.6488,-0.0721,0.8004,-1.6416
11,0.0007,-0,0.0003,-0.0002,-0.0001,0.4646,-0.0005,0.0006,0.0017,0.0002,0,0.3935,0.0924,0.7988,-1.7534,-0.0762,0.7972,-1.7459,0.0919,0.8558,-1.7587,-0.0767,0.854,-1.7515
11,0.0007,0,0.0003,-0.0002,-0.0001,0.468,-0.0005,0.0006,0.0017,0.0002,0,0.2954,0.0978,0.8401,-1.8454,-0.0805,0.8386,-1.8378,0.0972,0.9004,-1.8508,-0.0812,0.8988,-1.8435
11,0.0007,0,0.0003,-0.0002,-0.0001,0.4705,-0.0005,0.0006,0.0017,0.0002,0,0.1973,0.1026,0.8712,-1.9162,-0.0843,0.8699,-1.9083,0.1018,0.9345,-1.9217,-0.0852,0.9331,-1.9143
11,0.0007,0,0.0003,-0.0002,-0.0001,0.472,-0.0005,0.0006,0.0017,0.0002,0,0.0993,0.1061,0.891,-1.9619,-0.087,0.8899,-1.9538,0.1051,0.9565,-1.9674,-0.088,0.9552,-1.96
11,0.0008,0,0.0003,-0.0002,-0.0001,0.4725,-0.0005,0.0006,0.0017,0.0002,0,0.0012,0.1074,0.898,-1.9781,-0.0879,0.8969,-1.9699,0.1062,0.9642,-1.9836,-0.0891,0.9631,-1.9762
11,0.0008,0,0.0003,-0.0002,-0.0001,0.472,-0.0005,0.0006,0.0017,0.0002,0,-0.0969,0.1062,0.8908,-1.9618,-0.0868,0.8898,-1.9536,0.1049,0.9563,-1.9672,-0.0882,0.9553,-1.9599
11,0.0008,0,0.0003,-0.0002,-0.0001,0.4705,-0.0005,0.0006,0.0017,0.0002,0,-0.1949,0.1029,0.8708,-1.916,-0.084,0.8697,-1.9079,0.1014,0.9342,-1.9213,-0.0855,0.9333,-1.9141
11,0.0008,0,0.0002,-0.0002,-0.0001,0.4681,-0.0005,0.0006,0.0017,0.0002,0,-0.293,0.0981,0.8394,-1.8452,-0.0802,0.8383,-1.8372,0.0966,0.9,-1.8503,-0.0817,0.899,-1.8432
11,0.0008,0,0.0002,-0.0002,-0.0001,0.4647,-0.0005,0.0006,0.0017,0.0002,0,-0.3911,0.0928,0.798,-1.7531,-0.0758,0.7968,-1.7451,0.0912,0.8552,-1.7579,-0.0774,0.8543,-1.7511
11,0.0008,0,0.0002,-0.0002,-0.0001,0.4603,-0.0005,0.0006,0.0017,0.0002,0,-0.4891,0.0873,0.7477,-1.6431,-0.0713,0.7464,-1.6352,0.0857,0.8015,-1.6477,-0.0729,0.8006,-1.641
11,0.0009,0.0001,0.0002,-0.0002,-0.0001,0.4549,-0.0005,0.0006,0.0017,0.0002,0,-0.5872,0.0822,0.6902,-1.5191,-0.0672,0.6887,-1.5111,0.0805,0.7408,-1.5234,-0.0688,0.7398,-1.5168
11,0.0009,0.0001,0.0002,-0.0002,-0.0001,0.4485,-0.0005,0.0006,0.0017,0.0002,0,-0.6853,0.0775,0.6264,-1.3835,-0.0633,0.6247,-1.3753,0.0758,0.6743,-1.3879,-0.065,0.6731,-1.3812
11,0.0009,0.0001,0.0002,-0.0002,-0.0001,0.4412,-0.0005,0.0006,0.0017,0.0002,0,-0.7833,0.0734,0.5585,-1.2409,-0.06,0.5565,-1.2323,0.0717,0.604,-1.2454,-0.0617,0.6027,-1.2384
11,0.0009,0.0001,0.0002,-0.0002,-0.0001,0.4329,-0.0005,0.0006,0.0017,0.0002,0,-0.8814,0.07,0.4892,-1.0966,-0.0573,0.4868,-1.0873,0.0683,0.5328,-1.1011,-0.059,0.5312,-1.0937
11,0.0009,0.0001,0.0002,-0.0002,-0.0001,0.4236,-0.0005,0.0006,0.0017,0.0002,0,-0.9795,0.0674,0.4226,-0.9589,-0.0552,0.4197,-0.9488,0.0656,0.4647,-0.9635,-0.0569,0.4628,-0.9555
11,0.0009,0.0001,0.0002,-0.0002,-0.0001,0.4133,-0.0005,0.0006,0.0017,0.0002,0,-1.0775,0.0656,0.3656,-0.8415,-0.0538,0.3622,-0.8305,0.0638,0.4066,-0.8462,-0.0555,0.4044,-0.8376
11,0.001,0.0001,0.0002,-0.0002,-0.0001,0.402,-0.0005,0.0006,0.0017,0.0002,0,-1.1756,0.0647,0.3277,-0.7637,-0.053,0.324,-0.752,0.0628,0.3681,-0.7684,-0.0548,0.3656,-0.7593
11,0.001,0.0001,0.0002,-0.0002,-0.0001,0.3898,-0.0005,0.0006,0.0017,0.0002,0,-1.2737,0.0645,0.3192,-0.7463,-0.0529,0.3154,-0.7344,0.0626,0.3594,-0.7508,-0.0547,0.3569,-0.7417
11,0.001,0.0001,0.0002,-0.0002,-0.0001,0.3765,-0.0005,0.0006,0.0017,0.0002,0,-1.3717,0.0652,0.3468,-0.8031,-0.0534,0.3433,-0.7916,0.0632,0.3873,-0.8073,-0.0552,0.3851,-0.7985
11,0.001,0.0001,0.0002,-0.0002,-0.0001,0.3623,-0.0005,0.0006,0.0017,0.0002,0,-1.4698,0.067,0.4101,-0.9334,-0.0548,0.4072,-0.9229,0.065,0.4517,-0.9373,-0.0568,0.4499,-0.9293
11,0.001,0.0001,0.0002,-0.0002,-0.0001,0.3472,-0.0005,0.0005,0.0017,0.0002,0,-1.5533,0.0699,0.486,-1.0905,-0.0571,0.4837,-1.081,0.0678,0.5293,-1.0941,-0.0592,0.5279,-1.0868
12,0.001,0.0001,0.0002,-0.0002,-0.0001,0.3472,-0.0005,0.0005,0.0017,0.0002,0,-1.5533,0.1905,-0.1098,-0.3472,0.1897,0.1106,-0.3472,-0.1896,-0.1106,-0.3472,-0.1904,0.1098,-0.3472
12,0.001,0.0001,0.0002,-0.0002,-0.0001,0.3314,-0.0005,0.0005,0.0017,0.0002,0,-1.6075,0.1905,-0.1098,-0.3314,0.1897,0.1106,-0.3314,-0.1896,-0.1106,-0.3314,-0.1904,0.1098,-0.3314
12,0.0011,0.0001,0.0002,-0.0002,-0.0001,0.3151,-0.0004,0.0005,0.0017,0.0002,0,-1.6325,0.1905,-0.1098,-0.3151,0.1897,0.1106,-0.3151,-0.1896,-0.1106,-0.3151,-0.1904,0.1098,-0.3151
12,0.0011,0.0001,0.0002,-0.0002,-0.0001,0.2988,-0.0002,0.0005,0.0018,0.0002,0,-1.6283,0.1905,-0.1098,-0.2988,0.1897,0.1106,-0.2988,-0.1896,-0.1106,-0.2988,-0.1904,0.1098,-0.2988
12,0.0011,0.0001,0.0002,-0.0002,-0.0001,0.2827,-0,0.0004,0.0019,0.0002,0,-1.5949,0.1905,-0.1098,-0.2827,0.1897,0.1106,-0.2827,-0.1896,-0.1106,-0.2827,-0.1904,0.1098,-0.2827
12,0.0011,0.0001,0.0002,-0.0002,-0.0001,0.267,0.0002,0.0003,0.002,0.0002,0,-1.5323,0.1905,-0.1098,-0.267,0.1897,0.1106,-0.267,-0.1896,-0.1106,-0.267,-0.1904,0.1098,-0.267
12,0.0011,0.0001,0.0002,-0.0002,-0.0001,0.2521,0.0004,0.0002,0.0021,0.0002,0,-1.4404,0.1905,-0.1098,-0.2521,0.1897,0.1106,-0.2521,-0.1896,-0.1106,-0.2521,-0.1904,0.1098,-0.2521
12,0.0012,0.0001,0.0002,-0.0002,-0.0001,0.2383,0.0007,0.0001,0.0023,0.0002,0,-1.3193,0.1905,-0.1098,-0.2383,0.1897,0.1106,-0.2383,-0.1896,-0.1106,-0.2383,-0.1904,0.1098,-0.2383
12,0.0012,0.0001,0.0002,-0.0002,-0.0001,0.2258,0.0011,0,0.0024,0.0002,0,-1.169,0.1905,-0.1098,-0.2258,0.1897,0.1106,-0.2258,-0.1896,-0.1106,-0.2258,-0.1904,0.1098,-0.2258
12,0.0012,0.0001,0.0002,-0.0002,-0.0001,0.215,0.0015,-0.0001,0.0026,0.0002,0.0001,-0.9895,0.1905,-0.1098,-0.215,0.1897,0.1106,-0.215,-0.1896,-0.1106,-0.215,-0.1904,0.1098,-0.215
12,0.0012,0.0001,0.0002,-0.0002,-0.0001,0.2061,0.0018,-0.0002,0.0028,0.0002,0.0001,-0.7952,0.1905,-0.1098,-0.2061,0.1897,0.1106,-0.2061,-0.1896,-0.1106,-0.2061,-0.1904,0.1098,-0.2061
12,0.0013,0.0001,0.0002,-0.0002,-0.0001,0.1991,0.0021,-0.0003,0.0029,0.0002,0.0001,-0.6005,0.1905,-0.1098,-0.1991,0.1897,0.1106,-0.1991,-0.1896,-0.1106,-0.1991,-0.1904,0.1098,-0.1991
12,0.0013,0.0001,0.0003,-0.0002,-0.0001,0.1941,0.0023,-0.0004,0.0029,0.0002,0.0001,-0.4056,0.1905,-0.1098,-0.1941,0.1897,0.1106,-0.1941,-0.1896,-0.1106,-0.1941,-0.1904,0.1098,-0.1941
12,0.0013,0.0001,0.0003,-0.0002,-0.0001,0.191,0.0024,-0.0005,0.0029,0.0002,0.0001,-0.2103,0.1905,-0.1098,-0.191,0.1897,0.1106,-0.191,-0.1896,-0.1106,-0.191,-0.1904,0.1098,-0.191
12,0.0013,0.0001,0.0003,-0.0001,-0.0001,0.1899,0.0024,-0.0005,0.0029,0.0002,0.0001,-0.0146,0.1904,-0.1098,-0.1899,0.1896,0.1106,-0.1899,-0.1897,-0.1106,-0.1899,-0.1905,0.1098,-0.1899
12,0.0014,0.0001,0.0003,-0.0001,-0.0001,0.1907,0.0023,-0.0005,0.0028,0.0002,0.0001,0.1813,0.1904,-0.1098,-0.1907,0.1896,0.1106,-0.1907,-0.1897,-0.1106,-0.1907,-0.1905,0.1098,-0.1907
12,0.0014,0.0001,0.0003,-0.0001,-0.0001,0.1935,0.0022,-0.0005,0.0026,0.0002,0.0001,0.3776,0.1904,-0.1098,-0.1935,0.1896,0.1106,-0.1935,-0.1897,-0.1106,-0.1935,-0.1905,0.1098,-0.1935
12,0.0014,0.0001,0.0004,-0.0001,-0.0001,0.1983,0.0019,-0.0005,0.0024,0.0002,0.0001,0.5742,0.1904,-0.1098,-0.1983,0.1896,0.1106,-0.1983,-0.1897,-0.1106,-0.1983,-0.1905,0.1098,-0.1983
12,0.0014,0.0001,0.0004,-0.0001,-0.0001,0.205,0.0016,-0.0004,0.0021,0.0002,0.0001,0.7711,0.1904,-0.1098,-0.205,0.1896,0.1106,-0.205,-0.1897,-0.1106,-0.205,-0.1905,0.1098,-0.205
12,0.0015,0.0001,0.0004,-0.0001,-0.0001,0.2137,0.0012,-0.0004,0.0017,0.0002,0.0001,0.9684,0.1904,-0.1098,-0.2137,0.1896,0.1106,-0.2137,-0.1897,-0.1106,-0.2137,-0.1905,0.1098,-0.2137
12,0.0015,0.0001,0.0004,-0.0001,-0.0001,0.2243,0.0008,-0.0003,0.0014,0.0002,0.0001,1.1511,0.1904,-0.1098,-0.2243,0.1896,0.1106,-0.2243,-0.1897,-0.1106,-0.2243,-0.1905,0.1098,-0.2243
12,0.0015,0.0001,0.0004,-0.0001,-0.0001,0.2366,0.0004,-0.0002,0.0011,0.0002,0.0001,1.3042,0.1904,-0.1098,-0.2366,0.1896,0.1106,-0.2366,-0.1897,-0.1106,-0.2366,-0.1905,0.1098,-0.2366
12,0.0015,0.0001,0.0004,-0.0001,-0.0001,0.2503,0.0001,-0.0002,0.0008,0.0002,0.0001,1.4277,0.1904,-0.1098,-0.2503,0.1896,0.1106,-0.2503,-0.1897,-0.1106,-0.2503,-0.1905,0.1098,-0.2503
12,0.0015,0.0001,0.0004,-0.0001,-0.0001,0.2651,-0.0002,-0.0001,0.0005,0.0002,0.0001,1.5218,0.1904,-0.1098,-0.2651,0.1896,0.1106,-0.2651,-0.1897,-0.1106,-0.2651,-0.1905,0.1098,-0.2651
12,0.0015,0.0001,0.0004,-0.0001,-0.0001,0.2806,-0.0005,-0.0001,0.0003,0.0002,0.0001,1.5862,0.1904,-0.1098,-0.2806,0.1896,0.1106,-0.2806,-0.1897,-0.1106,-0.2806,-0.1905,0.1098,-0.2806
12,0.0015,0.0001,0.0004,-0.0001,-0.0001,0.2967,-0.0007,-0,0.0002,0.0002,0.0001,1.6211,0.1904,-0.1098,-0.2967,0.1896,0.1106,-0.2967,-0.1897,-0.1106,-0.2967,-0.1905,0.1098,-0.2967
12,0.0015,0.0001,0.0004,-0.0001,-0.0001,0.313,-0.0008,-0,0,0.0002,0.0001,1.6265,0.1904,-0.1098,-0.313,0.1896,0.1106,-0.313,-0.1897,-0.1106,-0.313,-0.1905,0.1098,-0.313
12,0.0015,0.0001,0.0004,-0.0001,-0.0001,0.3291,-0.0009,0,-0.0001,0.0002,0.0001,1.6023,0.1904,-0.1098,-0.3291,0.1896,0.1106,-0.3291,-0.1897,-0.1106,-0.3291,-0.1905,0.1098,-0.3291
12,0.0015,0.0001,0.0004,-0.0001,-0.0001,0.3449,-0.001,0,-0.0001,0.0002,0.0001,1.5486,0.1904,-0.1098,-0.3449,0.1896,0.1106,-0.3449,-0.1897,-0.1106,-0.3449,-0.1905,0.1098,-0.3449
12,0.0015,0.0001,0.0004,-0.0001,-0.0001,0.36,-0.001,0,-0.0001,0.0002,0.0001,1.4653,0.1904,-0.1098,-0.36,0.1896,0.1106,-0.36,-0.1897,-0.1106,-0.36,-0.1905,0.1098,-0.36
12,0.0015,0.0001,0.0004,-0.0001,-0.0001,0.3742,-0.001,0,-0.0001,0.0002,0.0001,1.3672,0.1904,-0.1098,-0.36,0.1896,0.1106,-0.36,-0.1897,-0.1106,-0.36,-0.1905,0.1098,-0.36
13,0.0015,0.0001,0.0004,-0.0001,-0.0001,0.3742,-0.001,0,-0.0001,0.0002,0.0001,1.3672,0.0649,0.3629,-0.8357,-0.0543,0.3593,-0.8242,0.0631,0.4038,-0.84,-0.056,0.4012,-0.8308
13,0.0015,0.0001,0.0004,-0.0001,-0.0001,0.3873,-0.001,0,-0.0001,0.0002,0.0001,1.2692,0.0643,0.3409,-0.7905,-0.0539,0.3371,-0.7787,0.0626,0.3815,-0.795,-0.0556,0.3788,-0.7856
13,0.0015,0.0001,0.0003,-0.0001,-0.0001,0.3995,-0.001,0,-0.0001,0.0002,0.0001,1.1711,0.0648,0.3562,-0.8219,-0.0542,0.3527,-0.8106,0.063,0.397,-0.8263,-0.0559,0.3945,-0.8174
13,0.0015,0.0001,0.0003,-0.0001,-0.0001,0.4108,-0.001,0,-0.0001,0.0002,0.0001,1.073,0.0661,0.4006,-0.9132,-0.0552,0.3975,-0.9029,0.0643,0.4421,-0.9175,-0.057,0.4401,-0.9094
13,0.0015,0.0001,0.0003,-0.0001,-0.0001,0.421,-0.001,0,-0.0001,0.0002,0.0001,0.975,0.0684,0.4629,-1.0419,-0.057,0.4604,-1.0326,0.0665,0.5057,-1.046,-0.0588,0.5042,-1.0388
13,0.0015,0.0001,0.0003,-0.0001,-0.0001,0.4303,-0.001,0,-0.0001,0.0002,0.0001,0.8769,0.0716,0.5338,-1.1891,-0.0596,0.5318,-1.1807,0.0697,0.5783,-1.1929,-0.0615,0.5773,-1.1866
13,0.0015,0.0001,0.0003,-0.0001,-0.0001,0.4385,-0.001,0,-0.0001,0.0002,0.0001,0.7788,0.0758,0.6067,-1.3418,-0.0629,0.6052,-1.3341,0.0738,0.6536,-1.3455,-0.0649,0.6529,-1.3398
13,0.0015,0.0001,0.0003,-0.0001,-0.0001,0.4458,-0.001,0,-0.0001,0.0002,0.0001,0.6808,0.0809,0.6776,-1.4921,-0.067,0.6765,-1.4849,0.0787,0.7273,-1.4957,-0.0691,0.727,-1.4903
13,0.0015,0.0001,0.0003,-0.0001,-0.0001,0.4522,-0.001,0,-0.0001,0.0002,0.0001,0.5827,0.0867,0.7437,-1.6346,-0.0716,0.7429,-1.6276,0.0843,0.797,-1.6382,-0.0738,0.7969,-1.6331
13,0.0015,0.0001,0.0003,-0.0001,-0.0001,0.4575,-0.001,0,-0.0001,0.0002,0.0001,0.4847,0.0934,0.8037,-1.766,-0.0769,0.8031,-1.759,0.0909,0.8611,-1.7699,-0.0793,0.8611,-1.7647
13,0.0015,0.0001,0.0003,-0.0001,-0.0001,0.4619,-0.001,0,-0.0001,0.0002,0.0001,0.3866,0.1006,0.8557,-1.8823,-0.0826,0.8552,-1.8752,0.098,0.9174,-1.8863,-0.0852,0.9176,-1.8811
13,0.0015,0.0001,0.0002,-0.0001,-0.0001,0.4652,-0.001,0,-0.0001,0.0002,0.0001,0.2885,0.1079,0.8983,-1.9801,-0.0884,0.898,-1.9728,0.1051,0.9645,-1.9842,-0.0911,0.9648,-1.979
13,0.0015,0.0001,0.0002,-0.0001,-0.0001,0.4676,-0.001,0,-0.0001,0.0002,0.0001,0.1905,0.1145,0.9304,-2.0555,-0.0936,0.9302,-2.048,0.1115,1.0005,-2.0598,-0.0965,1.0009,-2.0544
13,0.0015,0.0001,0.0002,-0.0001,-0.0001,0.469,-0.001,0,-0.0001,0.0002,0.0001,0.0924,0.1191,0.9507,-2.1042,-0.0973,0.9506,-2.0966,0.1161,1.0237,-2.1087,-0.1003,1.0241,-2.1032
13,0.0015,0.0001,0.0002,-0.0001,-0.0001,0.4695,-0.001,0,-0.0001,0.0002,0.0001,-0.0057,0.1209,0.9579,-2.1218,-0.0988,0.9578,-2.1141,0.1179,1.032,-2.1264,-0.1017,1.0323,-2.1208
13,0.0015,0.0001,0.0002,-0.0001,-0.0001,0.4689,-0.001,0,-0.0001,0.0002,0.0001,-0.1037,0.1193,0.9511,-2.105,-0.0975,0.9508,-2.0973,0.1162,1.024,-2.1094,-0.1004,1.0243,-2.1039
13,0.0015,0.0001,0.0002,-0.0001,-0.0001,0.4674,-0.001,0,-0.0001,0.0002,0.0001,-0.2018,0.1147,0.9312,-2.0569,-0.0939,0.9308,-2.0494,0.1118,1.0012,-2.0613,-0.0967,1.0013,-2.0558
13,0.0015,0.0001,0.0002,-0.0001,-0.0001,0.4649,-0.001,0,-0.0001,0.0002,0.0001,-0.2999,0.1082,0.8996,-1.9823,-0.0887,0.8989,-1.975,0.1055,0.9655,-1.9865,-0.0914,0.9654,-1.9812
13,0.0015,0.0001,0.0002,-0.0001,-0.0001,0.4614,-0.001,0,-0.0001,0.0002,0.0001,-0.3979,0.101,0.8574,-1.8854,-0.083,0.8565,-1.8783,0.0985,0.9188,-1.8894,-0.0854,0.9185,-1.8841
13,0.0015,0.0001,0.0002,-0.0001,-0,0.4569,-0.001,0,-0.0001,0.0002,0.0001,-0.496,0.0938,0.8059,-1.77,-0.0774,0.8048,-1.763,0.0916,0.8629,-1.7739,-0.0796,0.8624,-1.7686
13,0.0015,0.0001,0.0002,-0.0001,-0,0.4515,-0.001,0,-0.0001,0.0002,0.0001,-0.5941,0.0872,0.7465,-1.6397,-0.0721,0.7451,-1.6327,0.0851,0.7994,-1.6434,-0.0741,0.7987,-1.6381
13,0.0015,0.0001,0.0001,-0.0001,-0,0.445,-0.001,0,-0.0001,0.0002,0.0001,-0.6922,0.0814,0.681,-1.4984,-0.0675,0.6793,-1.4911,0.0794,0.7303,-1.502,-0.0694,0.7293,-1.4964
13,0.0015,0.0001,0.0001,-0.0001,-0,0.4376,-0.001,0,-0.0001,0.0002,0.0001,-0.7902,0.0763,0.6109,-1.3496,-0.0635,0.6088,-1.3419,0.0745,0.6572,-1.3533,-0.0653,0.6559,-1.3474
13,0.0015,0.0001,0.0001,-0.0001,-0,0.4292,-0.001,0,-0.0001,0.0002,0.0001,-0.8883,0.0722,0.539,-1.1989,-0.0602,0.5364,-1.1905,0.0705,0.583,-1.2027,-0.0619,0.5812,-1.1962
13,0.0015,0.0001,0.0001,-0.0001,-0,0.4199,-0.001,0,-0.0001,0.0002,0.0001,-0.9864,0.0689,0.4692,-1.0538,-0.0576,0.4661,-1.0446,0.0673,0.5114,-1.0578,-0.0592,0.5091,-1.0505
13,0.0015,0.0001,0.0001,-0.0001,-0,0.4095,-0.001,0,-0.0001,0.0002,0.0001,-1.0844,0.0667,0.4082,-0.9278,-0.0559,0.4045,-0.9175,0.0651,0.4491,-0.932,-0.0574,0.4463,-0.9238
13,0.0015,0.0001,0.0001,-0.0001,-0,0.3982,-0.001,0,-0.0001,0.0002,0.0001,-1.1825,0.0654,0.3651,-0.8391,-0.0548,0.3609,-0.8279,0.0638,0.4053,-0.8434,-0.0563,0.402,-0.8344
13,0.0015,0.0001,0.0001,-0.0001,-0,0.3859,-0.001,0,-0.0001,0.0002,0.0001,-1.2806,0.065,0.3508,-0.8096,-0.0546,0.3463,-0.7979,0.0635,0.3907,-0.814,-0.056,0.3871,-0.8044
13,0.0015,0.0001,0.0001,-0.0001,-0,0.3726,-0.001,0,-0.0001,0.0002,0.0001,-1.3786,0.0656,0.3731,-0.8553,-0.055,0.3687,-0.8439,0.0641,0.4132,-0.8596,-0.0565,0.4098,-0.8502
13,0.0015,0.0001,0.0001,-0.0001,-0,0.3583,-0.001,0,-0.0001,0.0002,0.0001,-1.4767,0.0676,0.4326,-0.978,-0.0565,0.4288,-0.9675,0.066,0.4738,-0.982,-0.0581,0.4708,-0.9734
13,0.0015,0.0001,0.0001,-0.0001,-0,0.3431,-0.001,0,-0.0001,0.0002,0.0001,-1.5596,0.0706,0.5063,-1.1306,-0.059,0.503,-1.1209,0.069,0.5491,-1.1343,-0.0606,0.5466,-1.1264
14,0.0015,0.0001,0.0001,-0.0001,-0,0.3431,-0.001,0,-0.0001,0.0002,0.0001,-1.5596,0.1902,-0.1098,-0.3431,0.1898,0.1103,-0.3431,-0.1896,-0.1103,-0.3431,-0.1901,0.1097,-0.3431
14,0.0015,0.0001,0,-0.0001,-0,0.3272,-0.001,0,-0,0.0002,0.0001,-1.6122,0.1902,-0.1098,-0.3272,0.1898,0.1103,-0.3272,-0.1896,-0.1103,-0.3272,-0.1901,0.1097,-0.3272
14,0.0015,0.0001,0,-0.0001,-0,0.3109,-0.0009,-0,0.0001,0.0002,0.0001,-1.6344,0.1902,-0.1098,-0.3109,0.1898,0.1103,-0.3109,-0.1896,-0.1103,-0.3109,-0.1901,0.1097,-0.3109
14,0.0015,0.0001,0,-0.0001,-0,0.2946,-0.0009,-0,0.0003,0.0002,0.0001,-1.6263,0.1902,-0.1098,-0.2946,0.1898,0.1103,-0.2946,-0.1896,-0.1103,-0.2946,-0.1901,0.1097,-0.2946
14,0.0015,0.0001,0,-0.0001,-0,0.2785,-0.0008,-0,0.0006,0.0002,0.0001,-1.5879,0.1902,-0.1098,-0.2785,0.1898,0.1103,-0.2785,-0.1896,-0.1103,-0.2785,-0.1901,0.1097,-0.2785
14,0.0015,0.0001,0,-0.0001,-0,0.263,-0.0007,-0.0001,0.0009,0.0002,0.0001,-1.5192,0.1902,-0.1098,-0.263,0.1898,0.1103,-0.263,-0.1896,-0.1103,-0.263,-0.1901,0.1097,-0.263
14,0.0015,0.0001,0,-0.0001,-0,0.2482,-0.0006,-0.0001,0.0013,0.0002,0.0001,-1.4201,0.1902,-0.1098,-0.2482,0.1898,0.1103,-0.2482,-0.1896,-0.1103,-0.2482,-0.1901,0.1097,-0.2482
14,0.0015,0.0001,-0,-0.0001,-0,0.2347,-0.0004,-0.0001,0.0018,0.0002,0.0001,-1.2907,0.1902,-0.1098,-0.2347,0.1898,0.1103,-0.2347,-0.1896,-0.1103,-0.2347,-0.1901,0.1097,-0.2347
14,0.0015,0.0001,-0,-0,-0,0.2225,-0.0003,-0.0002,0.0023,0.0002,0.0001,-1.1309,0.1901,-0.1098,-0.2225,0.1897,0.1103,-0.2225,-0.1897,-0.1103,-0.2225,-0.1902,0.1097,-0.2225
14,0.0016,0.0001,-0,-0,-0,0.2121,-0.0001,-0.0002,0.0028,0.0001,0.0001,-0.9409,0.1901,-0.1098,-0.2121,0.1897,0.1103,-0.2121,-0.1897,-0.1103,-0.2121,-0.1902,0.1097,-0.2121
14,0.0016,0.0001,-0,-0,-0,0.2038,0.0001,-0.0003,0.0033,0.0001,0.0001,-0.7366,0.1901,-0.1098,-0.2038,0.1897,0.1103,-0.2038,-0.1897,-0.1103,-0.2038,-0.1902,0.1097,-0.2038
14,0.0016,0.0001,-0,-0,-0,0.1974,0.0002,-0.0003,0.0037,0.0001,0.0001,-0.5342,0.1901,-0.1098,-0.1974,0.1897,0.1103,-0.1974,-0.1897,-0.1103,-0.1974,-0.1902,0.1097,-0.1974
14,0.0017,0.0001,-0,-0,-0,0.1931,0.0004,-0.0003,0.0039,0.0001,0.0001,-0.3336,0.1901,-0.1098,-0.1931,0.1897,0.1103,-0.1931,-0.1897,-0.1103,-0.1931,-0.1902,0.1097,-0.1931
14,0.0017,0.0001,-0,-0,-0,0.1907,0.0004,-0.0004,0.0039,0.0001,0.0001,-0.135,0.1901,-0.1098,-0.1907,0.1897,0.1103,-0.1907,-0.1897,-0.1103,-0.1907,-0.1902,0.1097,-0.1907
14,0.0017,0.0001,0,-0,-0,0.1904,0.0005,-0.0004,0.0038,0.0001,0.0001,0.0617,0.1901,-0.1098,-0.1904,0.1897,0.1103,-0.1904,-0.1897,-0.1103,-0.1904,-0.1902,0.1097,-0.1904
14,0.0018,0.0001,0,-0,-0,0.1919,0.0005,-0.0004,0.0036,0.0001,0.0001,0.2566,0.1901,-0.1098,-0.1919,0.1897,0.1103,-0.1919,-0.1897,-0.1103,-0.1919,-0.1902,0.1097,-0.1919
14,0.0018,0.0001,0,-0,-0,0.1955,0.0005,-0.0004,0.0031,0.0001,0.0001,0.4495,0.1901,-0.1098,-0.1955,0.1897,0.1103,-0.1955,-0.1897,-0.1103,-0.1955,-0.1902,0.1097,-0.1955
14,0.0018,0.0001,0,-0,-0,0.2009,0.0005,-0.0003,0.0026,0.0001,0.0001,0.6406,0.1901,-0.1098,-0.2009,0.1897,0.1103,-0.2009,-0.1897,-0.1103,-0.2009,-0.1902,0.1097,-0.2009
14,0.0019,0.0001,0,-0,-0,0.2083,0.0005,-0.0003,0.0018,0.0001,0.0001,0.8297,0.1901,-0.1098,-0.2083,0.1897,0.1103,-0.2083,-0.1897,-0.1103,-0.2083,-0.1902,0.1097,-0.2083
14,0.0019,0.0001,0,-0,-0,0.2175,0.0004,-0.0003,0.0009,0.0001,0.0001,1.017,0.1901,-0.1098,-0.2175,0.1897,0.1103,-0.2175,-0.1897,-0.1103,-0.2175,-0.1902,0.1097,-0.2175
14,0.0019,0,0,-0,-0,0.2286,0.0003,-0.0002,0,0.0001,0.0001,1.1891,0.1901,-0.1098,-0.2286,0.1897,0.1103,-0.2286,-0.1897,-0.1103,-0.2286,-0.1902,0.1097,-0.2286
14,0.0019,0,0,-0,-0,0.2412,0.0002,-0.0002,-0.0008,0.0001,0.0001,1.3328,0.1901,-0.1098,-0.2412,0.1897,0.1103,-0.2412,-0.1897,-0.1103,-0.2412,-0.1902,0.1097,-0.2412
14,0.0019,0,0,-0,-0,0.2551,0.0002,-0.0002,-0.0015,0.0001,0.0001,1.448,0.1901,-0.1098,-0.2551,0.1897,0.1103,-0.2551,-0.1897,-0.1103,-0.2551,-0.1902,0.1097,-0.2551
14,0.0019,0,0,-0,-0,0.2701,0.0001,-0.0002,-0.0022,0.0001,0.0001,1.5348,0.1901,-0.1098,-0.2701,0.1897,0.1103,-0.2701,-0.1897,-0.1103,-0.2701,-0.1902,0.1097,-0.2701
14,0.0018,0,0,-0,-0,0.2857,0,-0.0001,-0.0027,0.0001,0.0001,1.5932,0.1901,-0.1098,-0.2857,0.1897,0.1103,-0.2857,-0.1897,-0.1103,-0.2857,-0.1902,0.1097,-0.2857
14,0.0018,0,0,-0,-0,0.3018,-0,-0.0001,-0.0031,0.0001,0.0001,1.6231,0.1901,-0.1098,-0.3018,0.1897,0.1103,-0.3018,-0.1897,-0.1103,-0.3018,-0.1902,0.1097,-0.3018
14,0.0018,0,0,-0,-0,0.3181,-0,-0.0001,-0.0035,0.0001,0.0001,1.6245,0.1901,-0.1098,-0.3181,0.1897,0.1103,-0.3181,-0.1897,-0.1103,-0.3181,-0.1902,0.1097,-0.3181
14,0.0017,0,0,-0,-0,0.3342,-0.0001,-0.0001,-0.0037,0.0001,0.0001,1.5975,0.1901,-0.1098,-0.3342,0.1897,0.1103,-0.3342,-0.1897,-0.1103,-0.3342,-0.1902,0.1097,-0.3342
14,0.0017,0,0,-0,-0,0.35,-0.0001,-0.0001,-0.0038,0.0001,0.0001,1.5421,0.1901,-0.1098,-0.35,0.1897,0.1103,-0.35,-0.1897,-0.1103,-0.35,-0.1902,0.1097,-0.35
14,0.0017,0,0,-0,-0,0.365,-0.0001,-0.0001,-0.0039,0.0001,0.0001,1.4582,0.1901,-0.1098,-0.35,0.1897,0.1103,-0.35,-0.1897,-0.1103,-0.35,-0.1902,0.1097,-0.35
15,0.0017,0,0,-0,-0,0.365,-0.0001,-0.0001,-0.0039,0.0001,0.0001,1.4582,0.0661,0.397,-0.9042,-0.0558,0.3928,-0.893,0.0646,0.4376,-0.9085,-0.0573,0.4343,-0.8993
15,0.0016,0,0,-0,-0,0.3791,-0.0001,-0.0001,-0.0039,0.0001,0.0001,1.3602,0.0644,0.3328,-0.7721,-0.0544,0.328,-0.7599,0.0628,0.3724,-0.7768,-0.0559,0.3686,-0.7668
15,0.0016,0,0,-0,-0,0.3922,-0.0001,-0.0001,-0.0039,0.0001,0.0001,1.2621,0.0638,0.3058,-0.7168,-0.0539,0.3008,-0.7042,0.0623,0.3451,-0.7216,-0.0554,0.3411,-0.7112
15,0.0015,0,0,-0,-0,0.4043,-0.0001,-0.0001,-0.0039,0.0001,0.0001,1.164,0.0641,0.3163,-0.7383,-0.0541,0.3115,-0.726,0.0626,0.3557,-0.743,-0.0555,0.3519,-0.733
15,0.0015,0,0,-0,-0,0.4155,-0.0001,-0.0001,-0.0039,0.0001,0.0001,1.066,0.0651,0.3571,-0.8218,-0.0548,0.3526,-0.8104,0.0636,0.397,-0.8264,-0.0562,0.3934,-0.817
15,0.0015,0,0,-0,-0,0.4256,-0.0001,-0.0001,-0.0039,0.0001,0.0001,0.9679,0.0669,0.417,-0.9452,-0.0562,0.4131,-0.9349,0.0655,0.4579,-0.9494,-0.0576,0.4548,-0.9409
15,0.0014,0,0,-0,-0,0.4348,-0.0001,-0.0001,-0.0039,0.0001,0.0001,0.8698,0.0697,0.4862,-1.0881,-0.0584,0.4828,-1.0788,0.0683,0.5284,-1.092,-0.0598,0.5257,-1.0843
15,0.0014,0,0,-0,-0,0.443,-0.0001,-0.0001,-0.0039,0.0001,0.0001,0.7718,0.0732,0.5578,-1.237,-0.0612,0.5548,-1.2285,0.0718,0.6018,-1.2407,-0.0626,0.5994,-1.2335
15,0.0013,0,0,-0,-0,0.4503,-0.0001,-0.0001,-0.0039,0.0001,0.0001,0.6737,0.0775,0.6275,-1.3832,-0.0647,0.6248,-1.3752,0.0761,0.6738,-1.3867,-0.066,0.6715,-1.38
15,0.0013,0,0,-0,-0,0.4565,-0.0001,-0.0001,-0.0039,0.0001,0.0001,0.5756,0.0824,0.6928,-1.5217,-0.0686,0.6903,-1.5141,0.081,0.7417,-1.5251,-0.0699,0.7396,-1.5186
15,0.0013,0,0,-0,-0,0.4618,-0.0001,-0.0001,-0.0039,0.0001,0.0001,0.4776,0.0877,0.7515,-1.6484,-0.0729,0.7491,-1.6409,0.0863,0.8036,-1.6519,-0.0742,0.8015,-1.6454
15,0.0012,0,0,-0,-0,0.4661,-0.0001,-0.0001,-0.0039,0.0001,0.0001,0.3795,0.0935,0.8028,-1.7605,-0.0776,0.8005,-1.753,0.0922,0.8583,-1.7642,-0.0788,0.8561,-1.7576
15,0.0012,0,0,-0,-0,0.4694,-0.0001,-0.0001,-0.0039,0.0001,0.0001,0.2814,0.0992,0.8452,-1.8545,-0.0822,0.8428,-1.8469,0.0979,0.9038,-1.8583,-0.0834,0.9016,-1.8516
15,0.0011,0,0,-0,-0,0.4717,-0.0001,-0.0001,-0.0039,0.0001,0.0001,0.1833,0.1042,0.8772,-1.9269,-0.0862,0.8748,-1.9193,0.1029,0.9388,-1.9309,-0.0874,0.9364,-1.924
15,0.0011,0,0,-0,-0,0.473,-0.0001,-0.0001,-0.0039,0.0001,0.0001,0.0853,0.1078,0.8978,-1.9739,-0.0892,0.8953,-1.9662,0.1066,0.9614,-1.978,-0.0902,0.9589,-1.971
15,0.0011,0,0,-0,-0,0.4734,-0.0001,-0.0001,-0.0039,0.0001,0.0001,-0.0128,0.1092,0.9053,-1.9911,-0.0903,0.9028,-1.9834,0.1081,0.9696,-1.9952,-0.0913,0.9671,-1.9882
15,0.001,0,0,-0,-0,0.4728,-0.0001,-0.0001,-0.0039,0.0001,0.0001,-0.1109,0.1079,0.8986,-1.9754,-0.0894,0.896,-1.9678,0.107,0.9621,-1.9795,-0.0902,0.9595,-1.9725
15,0.001,0,0,-0,-0,0.4712,-0.0001,-0.0001,-0.0039,0.0001,0.0001,-0.2089,0.1045,0.8789,-1.9299,-0.0866,0.8762,-1.9225,0.1036,0.9403,-1.934,-0.0873,0.9375,-1.9271
15,0.001,0,0,-0,-0,0.4686,-0.0001,-0.0001,-0.0039,0.0001,0.0001,-0.307,0.0996,0.8478,-1.8592,-0.0827,0.845,-1.8519,0.0989,0.9061,-1.8632,-0.0832,0.9033,-1.8564
15,0.0009,0,0,-0,-0,0.465,-0.0001,-0.0001,-0.0039,0.0001,0.0001,-0.4051,0.094,0.8065,-1.767,-0.0782,0.8036,-1.7599,0.0935,0.8615,-1.7709,-0.0786,0.8585,-1.7642
15,0.0009,0,0,-0,-0,0.4605,-0.0001,-0.0001,-0.0039,0.0001,0.0001,-0.5031,0.0883,0.7562,-1.6568,-0.0736,0.7533,-1.6499,0.0879,0.8078,-1.6607,-0.0739,0.8048,-1.654
15,0.0008,0,0,-0,-0,0.455,-0.0001,-0.0001,-0.0039,0.0001,0.0001,-0.6012,0.083,0.6987,-1.5325,-0.0694,0.6956,-1.5256,0.0828,0.7471,-1.5363,-0.0695,0.7439,-1.5295
15,0.0008,0,0,-0,-0,0.4485,-0.0001,-0.0001,-0.0039,0.0001,0.0001,-0.6993,0.0782,0.635,-1.3969,-0.0654,0.6317,-1.3898,0.0781,0.6807,-1.4009,-0.0655,0.6773,-1.3939
15,0.0008,0,0,-0,-0,0.441,-0.0001,-0.0001,-0.0039,0.0001,0.0001,-0.7973,0.074,0.5671,-1.2541,-0.062,0.5635,-1.2467,0.074,0.6105,-1.2583,-0.062,0.6068,-1.2509
15,0.0007,0,0,-0,-0,0.4325,-0.0001,-0.0001,-0.0039,0.0001,0.0001,-0.8954,0.0705,0.4978,-1.1097,-0.0591,0.4939,-1.1018,0.0706,0.5393,-1.1143,-0.0591,0.5353,-1.1063
15,0.0007,0,0,-0,-0,0.4231,-0.0001,-0.0001,-0.0039,0.0001,0.0001,-0.9935,0.0678,0.4314,-0.9721,-0.057,0.4271,-0.9636,0.068,0.4715,-0.9771,-0.0568,0.467,-0.9684
15,0.0006,0,0,-0,-0,0.4127,-0.0001,-0.0001,-0.0039,0.0001,0.0001,-1.0915,0.066,0.3745,-0.8549,-0.0555,0.3698,-0.8456,0.0662,0.4137,-0.8603,-0.0553,0.4088,-0.8508
15,0.0006,0,0,-0,-0,0.4013,-0.0001,-0.0001,-0.0039,0.0001,0.0001,-1.1896,0.0651,0.3367,-0.7772,-0.0547,0.3316,-0.7673,0.0653,0.3753,-0.7829,-0.0544,0.3701,-0.7727
15,0.0006,0,0,-0,-0,0.3889,-0.0001,-0.0001,-0.0039,0.0001,0.0001,-1.2877,0.0649,0.3282,-0.7597,-0.0545,0.3231,-0.7498,0.0651,0.3667,-0.7655,-0.0542,0.3614,-0.7552
15,0.0005,0,0,-0,-0,0.3755,-0.0001,-0.0001,-0.0039,0.0001,0.0001,-1.3858,0.0656,0.3558,-0.8163,-0.055,0.3509,-0.8068,0.0659,0.3947,-0.822,-0.0547,0.3895,-0.812
15,0.0005,0,0,-0,-0,0.3612,-0.0001,-0.0001,-0.0039,0.0001,0.0001,-1.4838,0.0676,0.4191,-0.9465,-0.0565,0.4145,-0.9377,0.0679,0.4589,-0.9517,-0.0562,0.4541,-0.9426
16,0.0005,0,0,-0,-0,0.3612,-0.0001,-0.0001,-0.0039,0.0001,0.0001,-1.4838,0.1896,-0.1099,-0.3612,0.1897,0.1098,-0.3612,-0.1897,-0.1098,-0.3612,-0.1896,0.1099,-0.3612
16,0.0004,0,0,-0,-0,0.3459,-0.0001,-0.0001,-0.0039,0.0001,0.0001,-1.5646,0.1896,-0.1099,-0.3459,0.1897,0.1098,-0.3459,-0.1897,-0.1098,-0.3459,-0.1896,0.1099,-0.3459
16,0.0004,0,0,-0,-0,0.33,-0.0001,-0.0001,-0.0038,0.0001,0.0001,-1.611,0.1896,-0.1099,-0.33,0.1897,0.1098,-0.33,-0.1897,-0.1098,-0.33,-0.1896,0.1099,-0.33
16,0.0004,0,0,-0,-0,0.3138,-0.0001,-0.0001,-0.0038,0.0001,0.0001,-1.6229,0.1896,-0.1099,-0.3138,0.1897,0.1098,-0.3138,-0.1897,-0.1098,-0.3138,-0.1896,0.1099,-0.3138
16,0.0003,0,0,-0,-0,0.2976,-0.0001,-0.0001,-0.0037,0.0001,0.0001,-1.6003,0.1896,-0.1099,-0.2976,0.1897,0.1098,-0.2976,-0.1897,-0.1098,-0.2976,-0.1896,0.1099,-0.2976
16,0.0003,0,0,-0,-0,0.2819,-0.0001,-0.0001,-0.0036,0.0001,0.0001,-1.5433,0.1896,-0.1099,-0.2819,0.1897,0.1098,-0.2819,-0.1897,-0.1098,-0.2819,-0.1896,0.1099,-0.2819
16,0.0003,0,0,-0,-0,0.2669,-0.0001,-0.0001,-0.0034,0.0001,0.0001,-1.4519,0.1896,-0.1099,-0.2669,0.1897,0.1098,-0.2669,-0.1897,-0.1098,-0.2669,-0.1896,0.1099,-0.2669
16,0.0002,0,0,-0,-0,0.253,-0.0001,-0.0001,-0.0033,0.0001,0,-1.326,0.1896,-0.1099,-0.253,0.1897,0.1098,-0.253,-0.1897,-0.1098,-0.253,-0.1896,0.1099,-0.253
16,0.0002,0,0,-0,-0,0.2405,-0.0001,-0.0001,-0.0031,0.0001,0,-1.1657,0.1896,-0.1099,-0.2405,0.1897,0.1098,-0.2405,-0.1897,-0.1098,-0.2405,-0.1896,0.1099,-0.2405
16,0.0002,0,0,-0,-0,0.2298,-0.0001,-0.0001,-0.0029,0,0,-0.9709,0.1896,-0.1099,-0.2298,0.1897,0.1098,-0.2298,-0.1897,-0.1098,-0.2298,-0.1896,0.1099,-0.2298
16,0.0001,0,0,-0,-0,0.2212,-0.0001,-0.0001,-0.0027,0,0,-0.7417,0.1896,-0.1099,-0.2212,0.1897,0.1098,-0.2212,-0.1897,-0.1098,-0.2212,-0.1896,0.1099,-0.2212
16,0.0001,0,0,-0,-0,0.2149,-0.0001,-0.0001,-0.0024,0,0,-0.5125,0.1896,-0.1099,-0.2149,0.1897,0.1098,-0.2149,-0.1897,-0.1098,-0.2149,-0.1896,0.1099,-0.2149
16,0.0001,0,0,-0,-0,0.2108,-0.0001,-0.0001,-0.0022,0,0,-0.3178,0.1896,-0.1099,-0.2108,0.1897,0.1098,-0.2108,-0.1897,-0.1098,-0.2108,-0.1896,0.1099,-0.2108
16,0.0001,0,0,-0,-0,0.2085,-0.0001,-0.0001,-0.0019,0,0,-0.1576,0.1896,-0.1099,-0.2085,0.1897,0.1098,-0.2085,-0.1897,-0.1098,-0.2085,-0.1896,0.1099,-0.2085
16,0,0,0,-0,-0,0.2075,-0.0001,-0.0001,-0.0016,0,0,-0.0318,0.1896,-0.1099,-0.2075,0.1897,0.1098,-0.2075,-0.1897,-0.1098,-0.2075,-0.1896,0.1099,-0.2075
16,0,0,0,-0,-0,0.2077,-0,-0.0001,-0.0014,0,0,0.0596,0.1896,-0.1099,-0.2077,0.1897,0.1098,-0.2077,-0.1897,-0.1098,-0.2077,-0.1896,0.1099,-0.2077
16,0,0,0,-0,-0,0.2086,-0,-0,-0.0011,0,0,0.1165,0.1896,-0.1099,-0.2086,0.1897,0.1098,-0.2086,-0.1897,-0.1098,-0.2086,-0.1896,0.1099,-0.2086
16,0,0,0,-0,-0,0.2099,-0,-0,-0.0008,0,0,0.139,0.1896,-0.1099,-0.2099,0.1897,0.1098,-0.2099,-0.1897,-0.1098,-0.2099,-0.1896,0.1099,-0.2099
16,0,0,0,-0,-0,0.2113,-0,-0,-0.0006,0,0,0.1271,0.1896,-0.1099,-0.2113,0.1897,0.1098,-0.2113,-0.1897,-0.1098,-0.2113,-0.1896,0.1099,-0.2113
16,0,0,0,-0,-0,0.2123,-0,-0,-0.0003,0,0,0.0807,0.1896,-0.1099,-0.2113,0.1897,0.1098,-0.2113,-0.1897,-0.1098,-0.2113,-0.1896,0.1099,-0.2113
