2.14475962820349e-07,-6.98328046175867e-05,0.000174643804929264,1.6749063780299e-07,-7.00572144920475e-05,0.000175935676545613,7.42345111789111e-07,-6.66605216343985e-05,0.00016695568959868,6.97183638517256e-07,-6.67352655998599e-05,0.000167884371727656
-1.09612340582552e-06,-0.000454184323441797,0.00116280745147668,-1.0657184603615e-06,-0.000456004185455328,0.00118274975271637,9.86838407962928e-06,-0.000411821985555338,0.00106010568042425,9.89794937058819e-06,-0.000410534295247178,0.0010725095691746
-1.99972168383e-05,-0.00114348876101711,0.00294828637000677,-2.00185515245766e-05,-0.00114710640207072,0.00303358243231333,3.39265895581737e-05,-0.000987534390361366,0.00256966211984055,3.39136031803581e-05,-0.000975929786112939,0.00261792033953334
-9.01361183373775e-05,-0.00207827572138464,0.00527892916275352,-9.0222247189199e-05,-0.00207944705510288,0.00550288386493003,6.52013007267101e-05,-0.00173035538262334,0.00443217316582079,6.51724203677906e-05,-0.00168804319908533,0.00454963599402891
-0.000256430162150465,-0.00322176161476229,0.00787126651506842,-0.000256808743032281,-0.00321052160173307,0.00832954344401937,8.33128218960031e-05,-0.00262659743118121,0.00641830063472959,8.32249087662275e-05,-0.00252156452222851,0.00664433300767353
-0.000569625011416621,-0.00455495894641378,0.0104280366201985,-0.000570948314649542,-0.00451647812815503,0.0112349423269653,5.76981125745814e-05,-0.00369559392266794,0.00832516076191991,5.73940228262164e-05,-0.00348723739977164,0.00870483730750848
-0.00108052896533308,-0.0060724659506306,0.0126545541338086,-0.00108501723765613,-0.00599055155127015,0.0139396607410127,-4.9820850405887e-05,-0.00497455781036704,0.00996967886625555,-5.07289266795955e-05,-0.00461991322682298,0.0105556989651223
-0.00183420902775955,-0.00777757098430776,0.0142715488754317,-0.00184624541867739,-0.00764186950268675,0.0161762117300315,-0.000282378481058326,-0.00650393042373154,0.0111826110341546,-0.000285104287703233,-0.00596689321608945,0.0120393968262231
-0.00286181781396223,-0.0096725324498339,0.0150264799890736,-0.00289005577589059,-0.00949052975792397,0.0176987385294805,-0.000685151952938627,-0.00831224754135396,0.0118031095567304,-0.000691863326345686,-0.00757683539889853,0.0130112074745954
-0.00417128667270068,-0.0117434457856809,0.0147010738973101,-0.00423043444538039,-0.0115584398573185,0.0182867633289083,-0.00130182839302051,-0.0103995758923967,0.0116739807099298,-0.0013163677989332,-0.00948650843426146,0.0133347965515305
-0.00573662417521143,-0.0139380634731023,0.0131170624200307,-0.00584949459051613,-0.0138515545033746,0.017745929287484,-0.00216997070413446,-0.0127187502981325,0.0106388763664635,-0.00219888145359893,-0.0117054370723373,0.012877335856186
-0.00748813231716733,-0.0161388989607205,0.0101406664064045,-0.00768540806383541,-0.0163340524592228,0.015904222147455,-0.00331533109804629,-0.015155222448586,0.00854033716463976,-0.00336851696462132,-0.0141975977389495,0.0115035709584737
-0.00930736586532989,-0.0181379851467651,0.00568637225163604,-0.00962408716602326,-0.018893035000773,0.0126094333153945,-0.00474444919717302,-0.0175069126303664,0.00522245605583116,-0.00483610217760539,-0.0168588434368024,0.0090711803161212
-0.0110317846391989,-0.0196257334157712,-0.000279261161616695,-0.0114987984824009,-0.0213004828106236,0.00772958261921186,-0.00643661045358764,-0.0194705257545085,0.000536206628275249,-0.00658560690686972,-0.0194922753176414,0.00542775087209568
-0.012473715035123,-0.0202065301753904,-0.00773858634595559,-0.013103390520302,-0.0231867195386337,0.00116004810169423,-0.00833611610409553,-0.0206429969891231,-0.00565149113746699,-0.00856513191038606,-0.0217859664094362,0.000410618650263483
-0.0134522075397921,-0.0194498449548297,-0.016628577534143,-0.0142247892726919,-0.0240473249940618,-0.00716264171221059,-0.0103476451370088,-0.0205492431862089,-0.0134475358222734,-0.0106811386605506,-0.0233043057384243,-0.00614836047509737
-0.0138329596532486,-0.0169692388455265,-0.0268579018276038,-0.0146888970606592,-0.0233035844414429,-0.0172439985877966,-0.0123376555881044,-0.0187024926861279,-0.0229252533415552,-0.0127964103241287,-0.0235052229637895,-0.0144128418614398
-0.0135609078027405,-0.0125012998464777,-0.0383351561654592,-0.0144089039164786,-0.0204213987831945,-0.0290252720463795,-0.0141448041777374,-0.0146892923808222,-0.0341277607156103,-0.0147391775557932,-0.0217991424880746,-0.0245282447540407
-0.0126744118637455,-0.00595176695115773,-0.0510069014063785,-0.0134147447154599,-0.0150473507961015,-0.0423986534980858,-0.0155990687484475,-0.00825372433396243,-0.0470854838619585,-0.0163214546764567,-0.0176487774497893,-0.0366128898839828
-0.0112950055375789,0.00261301521690771,-0.0649024970986178,-0.0118489401465717,-0.00709743090317749,-0.0572548943092142,-0.0165469260156909,0.000654963144443466,-0.0618529259128571,-0.0173672744897805,-0.0106856015175243,-0.0507604365667071
-0.00959823837917903,0.01302596618537,-0.0801866280387227,-0.00992937736176652,0.00325737273996252,-0.0735576788629442,-0.0168761146996129,0.0118964928767622,-0.078563511642487,-0.0177430832371297,-0.000796520825643743,-0.0670667675114505
-0.0077779562355127,0.0251120557019866,-0.0972306066905109,-0.00789680734173742,0.015704814534518,-0.0914404210008146,-0.0165336018159016,0.025218626087943,-0.0975061477266417,-0.0173818165880672,0.0118673100554283,-0.0856887506010624
-0.00601756136928105,0.0387989710168717,-0.11673396484209,-0.00596896600497121,0.0299608590243352,-0.111331643313258,-0.0155319515736116,0.0403820326392998,-0.119243896545518,-0.0162930523199172,0.026979327827312,-0.106945466609537
-0.00447342739910955,0.0542656479662285,-0.139969200634938,-0.00431506005062726,0.0459540996632235,-0.134152448753622,-0.0139452275462323,0.0573327709759777,-0.144837856453539,-0.0145574933620551,0.0442117776114861,-0.131492003321006
-0.0032743406315896,0.0722219636567871,-0.169351862917025,-0.0030561282435754,0.0640577243229741,-0.1617212478668,-0.0118956583128438,0.0764880705175608,-0.176366285670444,-0.0123093710470593,0.0634939465932172,-0.160660888625542
0.000206518387826038,-0.0302681674603291,0.0633359822324411,2.89384139827986e-05,-0.0290146568147205,0.0599438224921172,0.000449881193034102,-0.0306446900180433,0.0641193757080611,0.000246119066599493,-0.0290934182089846,0.0600400877812164
0.000407501422776263,-0.0280429782609768,0.0594353772318257,0.000240995409431149,-0.0269018221386894,0.056387677716575,0.000686650948247658,-0.0283950350981164,0.0601557437569047,0.000498889849515488,-0.0269760743270884,0.0564755306058797
0.000626657097728217,-0.025973921590712,0.0559120435573435,0.000474471892456196,-0.0248889153634522,0.0531158436710844,0.000944052229468473,-0.0263094207762786,0.0565845600191213,0.000776393310814749,-0.0249576270199914,0.0531943905076202
0.000864735612130352,-0.024025401042755,0.052694918411611,0.00073040019860407,-0.0229486131107712,0.0500761973116595,0.00122291485975709,-0.0243505126244135,0.0533311047291156,0.00107982214778482,-0.0230105763170003,0.0501443978522589
0.00112233164866479,-0.0221700232818731,0.0497295188077707,0.0010096647920147,-0.0210589194233555,0.0472280664011901,0.00152387722860936,-0.0224896133585895,0.0503382865090825,0.00141014000717343,-0.0211127557028532,0.0472847336549469
0.00139996523854688,-0.0203861316527525,0.0469736066939703,0.00131293449350017,-0.0192023121932012,0.0445382879940193,0.00184748168507487,-0.02070410193922,0.0475619460742536,0.00176803501199885,-0.0192464831489492,0.0445821010619518
0.00169785835188768,-0.0186566469125398,0.0443929671597321,0.00164060945628844,-0.0173644474640047,0.0419801056839648,0.0021939417135256,-0.0189761189251481,0.0449664590692074,0.00215387428736288,-0.017397269949937,0.0420096145864248
0.0020160504534053,-0.016967689894885,0.0419601230797699,0.00199273854298437,-0.0155338097555286,0.0395312807453576,0.00256325683470141,-0.017291149611103,0.0425232451666437,0.00256759803017179,-0.0155534824892318,0.0395449174783122
0.00235428056283218,-0.0153080431545793,0.0396522926521581,0.00236894474119828,-0.0137013304945033,0.0371731449868427,0.00295508542547093,-0.015637416876402,0.04020865205113,0.00300863212941208,-0.013705972547899,0.0371692373111667
0.0027119493768715,-0.0136686340106114,0.0374503341146601,0.00276834459374906,-0.0118601991165048,0.0348898476208626,0.00336870049375354,-0.0140053320986435,0.038002827177414,0.00347579282443611,-0.0118479025871485,0.0348666374126543
0.00308806809042045,-0.0120422041128916,0.0353379037855226,0.00318946817403395,-0.0100057832063292,0.0326678030278615,0.00380293107016849,-0.0123871401714075,0.0358888282643663,0.00396719262913528,-0.00997468142842628,0.0326234702603503
0.00348120831342702,-0.0104230903149427,0.0333008277828881,0.00363018454100744,-0.00813562351420827,0.0304952851743385,0.00425610480917585,-0.0107766838401018,0.0338519619416862,0.00448015360931545,-0.00808397517108594,0.0304279784131225
0.00388946006262311,-0.00880708753031367,0.0313266348414381,0.00408763896935732,-0.00624947373431883,0.0283621320569951,0.00472600974457457,-0.00916925562724269,0.0318793012849969,0.00501113593091029,-0.00617576193677749,0.0282700056314251
0.00431035459579243,-0.00719136639381324,0.0294041331232,0.00455820715017805,-0.00434935462034525,0.0262595393310541,0.00520972729456043,-0.00756150977671854,0.0299591611261318,0.00555568895486519,-0.00425239769632624,0.0261407974619594
0.00474093819276475,-0.00557445279578683,0.0275233236603758,0.00503745129879171,-0.00243959607875022,0.0241799499028956,0.00570389600641949,-0.00595146083353493,0.0280812345463914,0.00610844630314608,-0.00231867376188033,0.0240328075313601
0.00517755972146525,-0.00395621367798937,0.0256749253531838,0.00552029836786078,-0.000526870471303287,0.0221166472143675,0.00620431262567259,-0.00433839618464216,0.026235769807279,0.00666310447353755,-0.000381781325684116,0.0219398432196405
0.00561614060525076,-0.00233786349455012,0.0238504725830642,0.0060006716228497,0.00137996136156682,0.0200644903496832,0.00670614177473126,-0.0027230726711398,0.0244139283364229,0.00721259311739671,0.00154869194794949,0.0198564555171337
0.00605191950301763,-0.000722017275390341,0.0220420681009554,0.00647209175582833,0.00326985979910543,0.0180189226878449,0.00720394078177369,-0.00110755871377854,0.0226074245619472,0.0077490846658395,0.00346102080483801,0.0177786608199879
0.00647969093611489,0.00088732784480805,0.020242407208821,0.00692771987141327,0.00513009069914916,0.0159761984032203,0.00769164209763663,0.000504593634748973,0.0208085647615941,0.00826425711960992,0.00534158263785489,0.0157032890369142
0.00689379240324051,0.00248483873756777,0.0184445969124769,0.00736023204680319,0.00694643455095445,0.0139340057528314,0.0081626532918115,0.00210843880772749,0.0190100588873365,0.0087496743662839,0.0071757588668715,0.0136279883575265
0.00728827327816316,0.00406372210899475,0.0166426744477022,0.00776185746844879,0.00870379695142098,0.0118908215195095,0.00861004284921375,0.00369745814475841,0.0172055937543947,0.00919665385747997,0.00894710061033188,0.0115519760040597
0.00765695632697498,0.00561613657423621,0.0148307607771869,0.00812617723735623,0.0103870482457826,0.00984558367321053,0.00902658899699881,0.00526396489261516,0.0153889077061651,0.00959701668732925,0.0106406115762432,0.0094746908233807
0.0079936686032548,0.00713310048619387,0.0130038956825294,0.00844605938667352,0.0119813786397054,0.00779846165142839,0.00940506948902746,0.00679896568106253,0.0135547133137757,0.00994323084538305,0.0122407748555649,0.00739676763767783
0.00829240530073797,0.00860487407132959,0.0111577411812354,0.00871586485987529,0.0134734895420767,0.0057501276618348,0.00973844699716737,0.00829252937161096,0.0116983789376612,0.0102288233010664,0.0137341949854399,0.00531940511933637
0.00854754975065006,0.0100212779727216,0.00928871670492493,0.00893066458571801,0.014851999292157,0.00370185888307173,0.0100201291030919,0.0097340944959059,0.00981608259803313,0.0104485098302013,0.0151096446460521,0.0032443593501803
0.00875404492702786,0.0113721214161224,0.00739402379353526,0.00908657118953417,0.0161080995997749,0.00165532129684198,0.0102441198270622,0.0111129176568288,0.00790481325871983,0.0105982776981952,0.0163587093113553,0.0011737316012117
0.00890759646264726,0.012647779653655,0.00547169074825282,0.00918152246122576,0.0172364403848604,-0.000387578395149024,0.0104057356608749,0.0124185096542193,0.00596272894622096,0.010676245528439,0.0174766092350307,-0.000890239286335692
0.0090052232529256,0.0138394168260223,0.00352079955023488,0.00921453397384889,0.0182349676208899,-0.0024248892913814,0.0105008482679498,0.0136414718033087,0.00398850985837562,0.010681882649493,0.0184620844147156,-0.00294535283866804
0.00904460064427006,0.0149398693696847,0.00154099339431601,0.00918590709783761,0.0191050671648827,-0.00445480877844817,0.0105274446262002,0.0147732898507704,0.00198238486072722,0.0106162538728279,0.0193174516257559,-0.00498966412704283
0.00902495744246039,0.015944187931404,-0.000467230758642412,0.00909771932050941,0.0198517887474607,-0.00647589235918389,0.0104843659907439,0.0158084286130196,-5.52304825656158e-05,0.0104822827599199,0.0200486522872945,-0.00702170227215015
0.00894679398973354,0.016849601821217,-0.00250262008608804,0.00895310320531543,0.0204831665753378,-0.00848711285155357,0.0103725014061805,0.0167428544248929,-0.00212262885522252,0.0102841901125098,0.0206646171780556,-0.00904053586537978
0.00881184801705777,0.0176561082287636,-0.00456341840157348,0.00875609288212824,0.0210097460699838,-0.0104881029600605,0.0101939761919942,0.0175761029449157,-0.00421763623514071,0.0100271836194463,0.0211767267792109,-0.0110459717572668
0.00862312615623502,0.0183665948409466,-0.00664763243444311,0.00851185842538204,0.0214442784091158,-0.0124792650096968,0.00995264660430269,0.0183103106066826,-0.00633771405793082,0.00971765316233414,0.0215984481078253,-0.013038722530073
0.00838479616376007,0.0189867554033347,-0.00875298438281069,0.00822587568384952,0.0218008768862905,-0.0144617880565394,0.0096534746193798,0.0189506822295697,-0.00848012630410677,0.00936238150344292,0.021944143697304,-0.0150201642187269
0.0081017152314631,0.0195246506187889,-0.0108774423791216,0.0079044063799752,0.0220944170648987,-0.0164374382174981,0.00930283766614541,0.0195053316979006,-0.0106420435568393,0.00896880581226276,0.0222293002351217,-0.0169928178156886
0.00777977340356414,0.0199906691167511,-0.0130190834231789,0.00755365174226193,0.022339952746302,-0.0184093383253012,0.00890741754399374,0.019984531256912,-0.0128212541542245,0.00854406920304555,0.0224691880867327,-0.0189598756866043
0.00742504543222777,0.0203969261641459,-0.01517672003104,0.00717961750186189,0.0225527885342021,-0.0203809685343317,0.00847505419245317,0.0204006142867308,-0.0150157028050111,0.0080953767454981,0.0226787884319759,-0.0209253619803151
0.00704396550724247,0.0207566504318142,-0.0173497567858427,0.00678862887140828,0.0227471651271329,-0.0223569271029906,0.00801334192410938,0.0207672531710856,-0.0172244485995336,0.00762993238038073,0.0228725815299375,-0.0228945108157217
0.00664319545455716,0.0210837455455235,-0.0195383335210924,0.00638619127030996,0.0229369699912041,-0.0243426422824942,0.00753015798938855,0.0210987921386538,-0.0194472576104929,0.00715399977303771,0.0230641304763303,-0.0248730092457201
0.0062287022651392,0.0213923576675598,-0.0217439783722049,0.0059776008801028,0.0231349548944952,-0.026344276267805,0.00703298503157916,0.0214098590998036,-0.0216851045787942,0.00667354905998577,0.0232660254593591,-0.0268675717497966
0.00580660089501339,0.0216963712731497,-0.0239690972304749,0.00556760755843427,0.0233529951546932,-0.028368988932054,0.00652887726284969,0.0217148325733922,-0.0239400931320182,0.00619387299675306,0.0234899070878611,-0.0288857842945593
0.00538228899799337,0.0220091125650266,-0.0262170701103863,0.00516040429688211,0.0236020339749897,-0.0304248302069356,0.00602422047674595,0.0220275726694498,-0.026215826535696,0.00571959488170209,0.0237464994236778,-0.0309361394253522
0.00496061970594976,0.0223433126596874,-0.0284935030724318,0.00475961527378684,0.0238922155419283,-0.0325209081463154,0.00552473527877498,0.0223611343951607,-0.028517219365253,0.00525466659877255,0.0240457583458394,-0.0330281907873506
0.00454581924660899,0.0227107816404446,-0.0308045433885078,0.00436829920565338,0.0242330492101555,-0.0346675251736581,0.00503529207083606,0.0227277032500638,-0.030850723401799,0.00480238280504397,0.0243970521745924,-0.0351726991420596
0.00414146525181772,0.023122634088773,-0.0331584195824006,0.00398896961510926,0.0246336301869667,-0.0368763891870985,0.00455998040890426,0.0231386344377499,-0.0332244896424942,0.00436541220497917,0.0248093962283156,-0.037381857655777
0.00375048464129181,0.0235893318662823,-0.0355650584392815,0.00362362788818436,0.0251029103675765,-0.0391609067240029,0.00410209477643966,0.0236045674675489,-0.0356484988971282,0.00394584199862602,0.0252917360184449,-0.0396696044874831
0.00337518383780849,0.0241209150453433,-0.0380364183816737,0.00327380517824911,0.0256500220493078,-0.0415365815346751,0.00366417862274851,0.0241356510872021,-0.0381348043605385,0.00354523103212424,0.0258532833869468,-0.0420520481431019
0.00301729470343644,0.0247273030963332,-0.0405868279154187,0.00294060942218863,0.0262846648644175,-0.0440215522563696,0.00324808636866841,0.0247418546019611,-0.0406978532554059,0.00316466712843269,0.0265039179181411,-0.0445480410059453
0.00267803049879249,0.0254186791084802,-0.0432334543039854,0.00262477460269056,0.0270175761350174,-0.0466373190572711,0.00285505751150586,0.0254333640856267,-0.0433549434214962,0.00280482554255751,0.0272546765996089,-0.0471799547963969
0.00235814761651507,0.0262059680951167,-0.0459969498398436,0.00232671012807024,0.0278611184634503,-0.0494097340780195,0.00248579598360488,0.0262210714350013,-0.0461268602309854,0.00246602646251057,0.0281183693775541,-0.0499747394170269
-0.0186744770042145,-0.0758186879554236,0.140753110808674,-0.0178830539272694,-0.0891827156050311,0.159701059717213,-0.028418813115537,-0.0754541679149838,0.139493005425066,-0.0269405711160769,-0.0917615163539501,0.166213596214415
-0.0220076608043612,-0.0622056392876928,0.115461401811489,-0.0211079997733386,-0.0755093735387021,0.134001596377888,-0.0330471972010103,-0.0615154170790053,0.113218827882848,-0.0314746194877389,-0.0775215035291569,0.13962901642104
-0.0248991475761564,-0.0504439296994271,0.0939514390523999,-0.0240446839292992,-0.06339721581461,0.112722249335452,-0.0361978181353159,-0.0496343683551026,0.0912654546662304,-0.0349168431138377,-0.0649543911322801,0.117678618404599
-0.0269009686201234,-0.0402982935958666,0.075414120818853,-0.0263146027143292,-0.052413607038171,0.0945168863129666,-0.0375034975674615,-0.0395887478937479,0.0729506293420741,-0.0369504281553872,-0.053635579291206,0.0990929343020572
-0.0276310176988946,-0.0317066724936002,0.05945520485741,-0.0275588393091181,-0.0424323502112687,0.0785842004372448,-0.036792441038446,-0.0312668854996898,0.0578454659064551,-0.0373342377564322,-0.0434169636112125,0.0830774221883024
-0.0268516771477808,-0.0246728959070337,0.0458589594264978,-0.0274769687510541,-0.0335233328687907,0.0644045787590479,-0.0341283453952419,-0.0245902729030487,0.0455680420483473,-0.0359288233552214,-0.0343282510730587,0.0690570558580119
-0.0245334723106042,-0.0192028389557795,0.0344464012891117,-0.0258806946318959,-0.0258845263531107,0.0516202435050346,-0.0297885505620649,-0.0194834904487626,0.0356963533188495,-0.0327143703488492,-0.0265311407079323,0.0565656801905901
-0.0208690339073793,-0.0152689020098844,0.0249967072217663,-0.0227524836055738,-0.0197678426947143,0.039977223823441,-0.0241923886112375,-0.0158647321683907,0.0277538380246036,-0.0278036245434328,-0.0202736573488098,0.0452023603365133
-0.0162264892964089,-0.01279330436013,0.0172174772757403,-0.0182814151939053,-0.0153847545588934,0.0292922921955472,-0.0178148421844991,-0.0136411524317683,0.0212321578735155,-0.0214517868370556,-0.0158175680092607,0.0346204333170106
-0.0110635718099365,-0.0116433555387363,0.0107511149197381,-0.0128559166996368,-0.0128056412488522,0.0194269738433208,-0.0111187727659572,-0.0126989327065474,0.0156228836963792,-0.0140635642092163,-0.0133270985770864,0.0245311250938984
-0.00583836273511301,-0.0116282046335305,0.00519738469588749,-0.00700230353103172,-0.0118874375417075,0.0102590301632666,-0.00451992740712726,-0.0128826083588516,0.0104414157065618,-0.00618793185566066,-0.0127360059680115,0.0147095082265545
-0.000944047269888101,-0.012493645288931,0.000137978916179726,-0.00128722084126476,-0.0122568367859925,0.00165376905716386,0.00162123954129631,-0.0139631507078217,0.0052398923795911,0.001519334012895,-0.0136459539373344,0.00499259495187321
0.00332344265688524,-0.0139124605736951,-0.00484543364257606,0.00378813576549659,-0.0133612740942992,-0.00656116891926661,0.00699551197950429,-0.0156002727013345,-0.000387701869863921,0.00838006521942652,-0.0153271852842478,-0.00473421189368795
0.00677151962494689,-0.0154741953231678,-0.0101596315883223,0.00786371667385334,-0.0145558556454315,-0.0146067787649038,0.0113452330753903,-0.017315639477433,-0.00679844732493651,0.0138157876182751,-0.01685541575335,-0.0145618760980395
0.00930189225192006,-0.0166852084106046,-0.0161898868743013,0.0107532235112531,-0.0151957926736632,-0.022749850906608,0.0144793302880739,-0.0184980118809164,-0.0142885962404073,0.0174653280138998,-0.0173352392881607,-0.0245827424363338
0.0108978001182415,-0.016990335992112,-0.0232889766211115,0.0124357819808326,-0.0147101067696589,-0.0312882087191841,0.0162991052031188,-0.0184688780649476,-0.0230760246353792,0.0192479539332565,-0.0161065165324181,-0.0349079967113486
0.0116122605892847,-0.0158273524673229,-0.0317646491773842,0.0130220733494727,-0.0126531244564261,-0.0405321291322669,0.0168271255150318,-0.0166074439204875,-0.0332879254749563,0.0193470028468167,-0.0128460026420154,-0.0456733020712661
0.0115579969384804,-0.0127115028501499,-0.0418710374044444,0.0127120279803724,-0.00873593028232134,-0.0507891421624316,0.0162173658937786,-0.0125005538590117,-0.0449662469453624,0.0181295106923595,-0.00754949214497525,-0.0570382645550493
0.0108957984236559,-0.00732595290946336,-0.053811836195941,0.0117518279254509,-0.00283633345991952,-0.0623592808558358,0.0147349496619843,-0.00604235474947012,-0.0581016207237126,0.0160425719762363,-0.000432918076561428,-0.0691892060203214
0.0098160641075496,0.000423618644216139,-0.0677631736612234,0.0103959791103721,0.00502058365440283,-0.0755445088969138,0.0127064107028737,0.00257837076460898,-0.0726950607165859,0.0135196507958827,0.00819569451883972,-0.0823559226821007
0.00851388636748585,0.0104281403950257,-0.0839205135059209,0.00887395517630463,0.0147174213732926,-0.0906772007051608,0.010457049566877,0.0130095960160703,-0.0888405013006661,0.0109200116923594,0.0180635924004551,-0.0968495211115457
0.00715764098975314,0.0224773972397585,-0.102573462406257,0.0073632167054249,0.0261352211672208,-0.108174978782061,0.00825636508745894,0.0249323839438897,-0.106825022849647,0.00849893008467784,0.0290490753142343,-0.113134234312182
0.00586175652638962,0.0364284858012875,-0.124221224526595,0.00596960080604281,0.0392779245173114,-0.128641590696143,0.00628518559102515,0.03826806921022,-0.127267653057858,0.0064027124308068,0.0412991033545165,-0.131957361152765
0.00466350794319003,0.0524216748977813,-0.149777756625618,0.00471588221996734,0.0544410169996363,-0.153066667440368,0.00462364627165569,0.0533900674341781,-0.151363556445754,0.00467713598574759,0.0553852444141103,-0.15460227784812
0.00351360665426299,0.0711843620526109,-0.181016656430242,0.00353750858983752,0.0724853391257936,-0.183272003316363,0.00325671467521593,0.0714302665891502,-0.181426910711673,0.00328026927131156,0.0725955694011049,-0.183449283341432
-0.00140534970390849,-0.0222871349170275,0.0523292243032873,-0.00141304355169772,-0.0228858131533221,0.0532788967245079,-0.00139807385716408,-0.022292221512364,0.0523397049674184,-0.0014062298885418,-0.0228824146755215,0.0532718725136601
-0.00147413786191614,-0.0204267337883328,0.0493458440237415,-0.0014836317076308,-0.0210468409487303,0.0503267522111623,-0.0014657597014619,-0.0204316835820573,0.0493557393247774,-0.00147574390050013,-0.0210435032375316,0.0503200618546416
-0.00154389922813669,-0.0186455822636129,0.0465739341943456,-0.00155550173961693,-0.0192873688640627,0.0475890384682689,-0.00153435201336015,-0.0186504958026832,0.0465834211847713,-0.00154646937823974,-0.0192840276959099,0.0475825717171037
-0.00161426173242589,-0.0169266702090225,0.0439781300289039,-0.00162829246597293,-0.0175897357580881,0.0450298755046437,-0.00160347933470171,-0.0169316324078501,0.043987355058456,-0.00161804561535297,-0.017586337298882,0.0450235405659332
-0.00168478811847142,-0.0152566818873996,0.0415300421570031,-0.00170159330844096,-0.0159399481625229,0.0426203874992608,-0.00167270590361667,-0.0152617652637834,0.0415391285917099,-0.00169006229249401,-0.0159364467760705,0.0426141076899385
-0.00175497614411438,-0.0136252174178852,0.039206553493814,-0.00177492593124681,-0.0143268865365427,0.0403369895843302,-0.00174153199830923,-0.0136304840592101,0.0392156071171996,-0.00176204221739606,-0.0143232435503491,0.0403306998818307
-0.00182425691235319,-0.0120242530556309,0.0369885957052951,-0.00184774095593302,-0.0127417603731119,0.0381601430252398,-0.00180939239356709,-0.012029755702863,0.0369977084809388,-0.00183343818080793,-0.0127379434184676,0.0381537876747213
-0.00189199469043383,-0.0104477630170317,0.0348602595394536,-0.00191941599345744,-0.0111777316778972,0.0360734502033961,-0.00187565629777358,-0.0104535455160617,0.0348695122251623,-0.0019036311303193,-0.0111737144441781,0.0360669810604377
-0.00195748856024354,-0.00889145173197248,0.0328081378797189,-0.00198925595448137,-0.00962965579280839,0.0340629874735665,-0.0019396291073342,-0.00889754902930684,0.0328176018146029,-0.00197193060308585,-0.0096254180842954,0.0340563628581623
-0.00201997622055252,-0.00735256132117512,0.0308208344372436,-0.00205649978272035,-0.00809390389222209,0.0321168098810203,-0.00200055629169639,-0.00735899914114579,0.0308305727186902,-0.0020375814866799,-0.00808943193118616,0.0321099938076976
-0.00207864009321137,-0.00582972898201017,0.0288885928454721,-0.00212026325092547,-0.00656824560158542,0.0302244832594218,-0.0020576295511746,-0.00583652330231232,0.0288986610506927,-0.0020997083428677,-0.00656353233359352,0.0302174462339844
-0.00213261451389564,-0.00432287497996775,0.0270030165504487,-0.00217973094537115,-0.00505176833136289,0.0283771149917578,-0.00210999400002278,-0.00433003141024924,0.0270134631319761,-0.00215750321720196,-0.00504681407264163,0.0283698305600426
-0.00218098339494516,-0.00283310272905135,0.0251568616635245,-0.00223390868561901,-0.00354480601691587,0.026566638177338,-0.00215674568171233,-0.00284061584972251,0.0251677280341069,-0.00220999361681543,-0.00353961254806223,0.0265590862720959
-0.00222294010098403,-0.00136264407824083,0.023343670101625,-0.00228175187192672,-0.00204897299775908,0.0247860903509411,-0.00219709287320372,-0.00137049728685157,0.0233549897403091,-0.00225611038912264,-0.00204357535177802,0.0247782568104178
-0.00225738292255751,8.53457135794322e-05,0.0215583040132921,-0.00232236708097301,-0.000566908364719954,0.0230292400213883,-0.0022299468676446,7.71811028419389e-05,0.0215701045017846,-0.00229503055305113,-0.00056131196024034,0.0230211145533672
-0.0022835465668827,0.00150674847266963,0.0197958078022507,-0.00235466024717115,0.000897479989931282,0.0212906389566458,-0.00225456145597921,0.00149831221687791,0.0198081068052911,-0.00232563888064453,0.000903235519707835,0.0212822184285022
-0.00230061340895422,0.00289666604175887,0.0180522338250393,-0.00237766737987173,0.00233934630693033,0.0195654661588742,-0.00227013066063775,0.00288800897986485,0.0180650467516332,-0.00234699867424595,0.00234522006225291,0.0195567528258329
-0.00230758487502771,0.00424987865788573,0.0163240119095431,-0.00239045540743466,0.00375293658952902,0.017849441101931,-0.002275678419501,0.00424106497821453,0.016337333921165,-0.00235819597914202,0.00375888049781525,0.0178404433668171
-0.00230403851665098,0.00556021470123902,0.0146083988989227,-0.00239215083002883,0.0051316089487039,0.0161391690356183,-0.00227079960946244,0.00555131075820303,0.0146222285684678,-0.00235837696173567,0.0051375680478587,0.016129902335885
-0.00228923689284768,0.00682180551175637,0.0129028509126381,-0.00238201891842771,0.00646828472927452,0.0144314337406231,-0.00225477242519986,0.00681288902982824,0.0129171715183753,-0.00234682769324956,0.00647419997621346,0.0144219197669675
-0.00226279400405489,0.00802857272426927,0.0112053570705783,-0.00235944691734301,0.00775543900409925,0.0127238020461773,-0.00222722756458236,0.00801972271419449,0.0112201471122826,-0.00232295595168774,0.00776124857772786,0.0127140691625773
-0.00222452130115203,0.00917475999173756,0.00951437662215948,-0.0023239967277872,0.00898547865111099,0.0110143283836939,-0.00218799153515665,0.00916605745135834,0.00952960028710192,-0.00228634392970206,0.00899112040672079,0.0110044115160544
-0.0021741337314161,0.0102548677298384,0.00782882791210415,-0.00227538875640075,0.0101510376695719,0.00930155192176851,-0.00213679660792391,0.0102463927480752,0.00784444575592502,-0.00223673301477163,0.010156447091199,0.00929149573168742
-0.00211197031880852,0.0112646859906897,0.00614758596059861,-0.00221367117082884,0.0112452370058285,0.00758462747950439,-0.00207399077883393,0.0112565112166203,0.00616354893735416,-0.00217417913177342,0.0112503740944683,0.00757446535446649
-0.00203808721827985,0.0122002169259348,0.00447012049340012,-0.00213896893863393,0.0122621229580024,0.00586296573679013,-0.00199963958277138,0.0121924038726933,0.00448637512534722,-0.00209883833180015,0.0122669259533288,0.00585276146287184
-0.00195323998304971,0.0130593687781164,0.00279589712446393,-0.00205175062707028,0.0131968676485499,0.00413653348344933,-0.00191450795955907,0.013051972120439,0.00281238224415681,-0.00201118051984034,0.0132013040839256,0.00412633681647545
-0.00185798511127683,0.013840792985917,0.00112463003826679,-0.00195267763599782,0.0140461252040471,0.00240558669765045,-0.00181915542727014,0.0138338511038716,0.00114128194328433,-0.0019118793537705,0.0140501687620744,0.00239545414164422
-0.00175325718229291,0.0145447654005997,-0.000543943854260043,-0.00184267283107481,0.0148080492964326,0.000670651081011275,-0.0017145183022696,0.0145383021054095,-0.000527191590530052,-0.00180186248750398,0.0148116893182411,0.000660639430352994
-0.00163994652479921,0.0151727560117163,-0.00221009143540707,-0.00172280230006593,0.0154828833565839,-0.00106756951176301,-0.00160148419008949,0.0151667774592961,-0.00219330568874643,-0.00168219880413098,0.0154861180582231,-0.00107740316705751
-0.00151937047829742,0.0157279275134514,-0.00387411546950656,-0.00159436772433644,0.0160724921720017,-0.00280826976723159,-0.00148136726220698,0.0157224262010351,-0.00385736269010151,-0.00155418697764848,0.0160753345164493,-0.00281787091022823
-0.00139277014594621,0.0162145882781561,-0.00553642793866782,-0.00145880880707956,0.0165805578574272,-0.00455069294641275,-0.00135540097715582,0.0162095415340346,-0.00551977184171282,-0.00141926060991789,0.0165830326523144,-0.00456001027242436
-0.00126143658861406,0.016638186269788,-0.0071976436668737,-0.00131762591552222,0.0170126784774567,-0.00629412753345138,-0.00122486644786932,0.0166335579212522,-0.00718114397831737,-0.00127891065992966,0.0170148196411579,-0.0063031148079844
-0.00112678326539062,0.0170052068238786,-0.00885854966381183,-0.0011724406296557,0.0173757519259852,-0.00803814009235193,-0.00109116453233092,0.0170009510907333,-0.00884226133570332,-0.0011347437021221,0.0173775970466943,-0.00804675522409548
-0.000990060446786775,0.0173231751014477,-0.0105204421969654,-0.00102484736410416,0.0176781427305073,-0.00978252060045959,-0.000955498235887087,0.0173192376523225,-0.0105044326352255,-0.000988340462580686,0.017679742162518,-0.00979072903440903
-0.00085283322579735,0.0175998006120439,-0.0121844521665802,-0.000876390195575685,0.017928916983926,-0.0115275211716637,-0.000819559505696107,0.0175961162064678,-0.0121686996656556,-0.000841225589766889,0.017930316628649,-0.0115352960736415
-0.000716232554735866,0.0178436447714914,-0.0138525895303903,-0.000728732872512322,0.018138057554682,-0.0132736494451091,-0.000684246153028534,0.0178401548985972,-0.0138371894097582,-0.000695042295659962,0.0181393040508876,-0.0132809691302911
-0.000581514883038273,0.0180632533814307,-0.0155269448149888,-0.000583243232753855,0.0183159008111501,-0.015022124409291,-0.000550943927370248,0.0180598951877114,-0.0155119000550923,-0.000551132194016438,0.0183170385967457,-0.0150289804845465
-0.000449779775842235,0.0182672995677343,-0.0172100895478953,-0.000441070615013778,0.0184726494417364,-0.0167745134519501,-0.000420698737731776,0.0182640105722905,-0.0171954152645095,-0.00041063409025964,0.0184737203060857,-0.0167808934060432
-0.000322013540009727,0.0184643423876444,-0.0189051389647354,-0.000303533151660998,0.0186186197822377,-0.0185330333938993,-0.000294479788901722,0.018461064694628,-0.0188908404177797,-0.000274835473590682,0.0186196593393023,-0.0185389403351217
-0.000199093416922813,0.0186627030070164,-0.0206155303465421,-0.000171598981637475,0.0187636698077427,-0.0203006551907037,-0.000173148078734531,0.0186593834473918,-0.0206016052373905,-0.000144685699098618,0.0187647080705677,-0.0203060969710447
-8.17161454913368e-05,0.0188704462284446,-0.0223451496436251,-4.60683216249314e-05,0.0189171475742043,-0.02208062938946,-5.73853048595196e-05,0.0188670367746544,-0.0223315874715468,-2.09652458605936e-05,0.0189182083560493,-0.0220856179680795
2.95391698259817e-05,0.0190953039572138,-0.0240990329664137,7.23998822256544e-05,0.0190878854535388,-0.0238771281415842,5.22451599425516e-05,0.0190917622889603,-0.0240858113081046,9.56855865440892e-05,0.0190889868171217,-0.0238816810968907
0.00013420594012499,0.0193446205054166,-0.0258820855256965,0.000183319027649259,0.0192841071621465,-0.0256949681147258,0.000155289474701378,0.0193409096798377,-0.0258691763297363,0.00020479705309974,0.0192852618262639,-0.0256991074610289
0.000231971595554395,0.0196254560386051,-0.0277003721212643,0.000286360520494688,0.0195134587500752,-0.0275397307624505,0.000251447479263214,0.0196215439090995,-0.0276877379397282,0.00030605554773297,0.0195146747953543,-0.0275434823149299
0.000322636857089401,0.0199446034220397,-0.0295606891516709,0.000381341164804136,0.0197830714519864,-0.0294178405012322,0.000340530763626473,0.0199404617896616,-0.029548283895767,0.000399290892346818,0.0197843531814738,-0.0294212333520223
0.000406112249280721,0.0203086890657596,-0.0314707999684445,0.000468208312563723,0.0200996642854518,-0.031336671895092,0.000422459329541117,0.0203042925519515,-0.0314585685966473,0.000484461471111433,0.020101013157917,-0.0313397380035285
0.000482406260333176,0.0207242982388518,-0.0334396164706057,0.000547023640804237,0.0204696828856435,-0.0333046931997822,0.000497249752553316,0.0207196229376282,-0.0334274943950368,0.000561638051436553,0.0204710984668587,-0.033307467097802
0.000551612743404067,0.0211981357879185,-0.0354774350421758,0.000617946300329311,0.0208994732291863,-0.0353316576360811,0.000565002617578525,0.0211931577149602,-0.0354653471623203,0.000630987023473681,0.0209009541268339,-0.0353341762719908
0.000613898105531155,0.021737227346557,-0.0375962442701838,0.000681216146020569,0.0213954915870728,-0.0374288574143151,0.000625889767890339,0.0217319206759479,-0.037584103512315,0.000692753756936948,0.0213970363516314,-0.0374311601633497
0.000669488727597201,0.0223491699733624,-0.0398101287948509,0.000737137623742168,0.0219645557744147,-0.0396094607419275,0.000680141805071699,0.0223435050188604,-0.0397978339910969,0.000747246639139637,0.0219661637654738,-0.039611589616851
0.000718658960748006,0.0230424466940785,-0.0421358039762632,0.000786064739359271,0.0226141478193177,-0.0418889600867005,0.000728036179873978,0.0230363875471538,-0.0421232368489022,0.000794822209724322,0.0226158200540709,-0.0418909601930857
0.000761729287547877,0.023826809717979,-0.0445934257342242,0.000828387397697763,0.0233527851512897,-0.0442857722447074,0.000769895502071419,0.0238203113764611,-0.0445804465431723,0.000835871671396454,0.0233545251706698,-0.0442876925460203
0.000799010727894289,0.0247138917547319,-0.0472070873028536,0.000864519279669435,0.0241904874347785,-0.0468220496533929,0.00080603181769652,0.0247068966013291,-0.047193529274705,0.000870808938052053,0.0241923022448542,-0.0468239441445757
0.000830884149135111,0.0257177256288627,-0.0500071247053793,0.000894887326647248,0.0251393812177532,-0.0495247919962432,0.000836826532269158,0.025710158635973,-0.0499927848211876,0.000900060284103721,0.0251412823939106,-0.0495267214387707
0.000857706872693431,0.0268558816680214,-0.0530310248104544,0.000919922822933184,0.026214508105139,-0.0524273946474756,0.000862636590741511,0.0268476440437632,-0.0530156520030116,0.000924055582032055,0.0262165131913399,-0.0524294291077911
0.000879847046841867,0.0281507323113244,-0.056326641903172,0.000940054008703645,0.0274349404802218,-0.055571848856778,0.000883829239795339,0.0281416923768574,-0.0563099188488081,0.00094322105801399,0.0274370748882226,-0.0555740714393478
0.000897670309519011,0.0296314481137379,-0.0599561093891785,0.000955700114793429,0.0288253736154158,-0.0590119419986717,0.000900768726275564,0.029621427851606,-0.0599376252699517,0.000957973455486399,0.0288276733536171,-0.0590144544242237
-0.00411873979050394,-0.0996952636295589,0.186652576218248,-0.0043610581246588,-0.0980505163309954,0.185270484550448,-0.00438988123640544,-0.0996242049458937,0.186469946388896,-0.00463810022780085,-0.0980829439752495,0.185358152938741
-0.00227551666870744,-0.0848026156747703,0.151280199067325,-0.00248491405984801,-0.0834646845502151,0.149945077561347,-0.00257122107520243,-0.0847453210438316,0.151115154592855,-0.00279032905883804,-0.0834906768262833,0.150025866645142
-0.000282113701968623,-0.0734974425291042,0.123761932306494,-0.00042522249528805,-0.0722995330361912,0.121917703541877,-0.000574126236762507,-0.0734513412087706,0.123615209288451,-0.000729451767453079,-0.0723202885497207,0.121990578039144
0.00176153661592469,-0.0642095507897759,0.101047068369868,0.00171317862703228,-0.0630902173150784,0.0984163555904876,0.00149830725584352,-0.0641732333714236,0.100922937005695,0.00143741472537254,-0.0631065235690716,0.0984787171437245
0.0037250549375589,-0.0560912841244703,0.0816086084628243,0.00378604533066562,-0.0550151853323042,0.0780871511961605,0.00351093412922648,-0.0560635473927268,0.0815112344283198,0.00356155067791902,-0.055027637452972,0.0781356291146684
0.00545997275641338,-0.0486393330008532,0.0646229223996739,0.00562401393864949,-0.0475644979832808,0.0602498351094649,0.00530886486112216,-0.0486191174912609,0.0645547655611063,0.00546670841655274,-0.0475733625279178,0.0602812593974882
0.00682252508360698,-0.0415548035196447,0.0496317163247708,0.00706188777624419,-0.040429648704295,0.0445725241831711,0.0067406143987119,-0.0415413815215261,0.0495928628809383,0.00697885326937698,-0.0404347627088822,0.0445849719697278
0.0077026050655419,-0.0346923324792555,0.0363838943542025,0.00797576208915477,-0.033471323312722,0.0309004046946377,0.00768799738046357,-0.0346851999125485,0.0363718833951232,0.0079645766531708,-0.0334722457912701,0.030894024570514
0.00804961120214114,-0.0280330007072512,0.0247496074351714,0.00831392064873394,-0.0267005600923552,0.0191541723133861,0.00809314190470274,-0.0280317706921928,0.0247599615423759,0.00836382615841086,-0.0266969529505209,0.0191314656531101
0.00788437782198997,-0.0216594888818158,0.0146701271436513,0.00810842170789187,-0.0202426765321282,0.00927151208182631,0.00797167287583512,-0.0216635695443832,0.0146971619661467,0.00820308583831644,-0.0202347593953647,0.00923693204746101
0.00729284638141202,-0.015718645838827,0.00612286643284587,0.00746190997025368,-0.0142818535347422,0.00117849469361975,0.0074071209614372,-0.0157271027144752,0.00616064341318712,0.00758297616271815,-0.0142705884919232,0.0011376140987398
0.00640275361434674,-0.0103781733840844,-0.000903523288126262,0.00651763299895028,-0.00900256738369398,-0.0052167059399495,0.0065276773221366,-0.0103897697852351,-0.000860344455530182,0.0066477975451628,-0.00898960832613316,-0.00525859741881085
0.00535426225886337,-0.00578629032961042,-0.00642749206256621,0.00542489735130721,-0.00454620099227876,-0.0100210359112385,0.00547617227406759,-0.005799681042433,-0.00638319448039004,0.00555039867879933,-0.00453328692057697,-0.0100591127035772
0.00427349937818715,-0.00204345185663835,-0.0104871790606569,0.00431301393993015,-0.000990031912894374,-0.0133510314382552,0.00438262834603306,-0.00205739337600752,-0.0104448030669513,0.00442431700919791,-0.000978749792641009,-0.0133821480387022
0.00325700400040307,0.000809226190147561,-0.0131483938921599,0.00327705982198791,0.00165360252707503,-0.0153316121794793,0.00334771300357578,0.000795720837367453,-0.0131098493701329,0.00336893755834772,0.00166219922829658,-0.0153541158870349
0.00236650266954388,0.00278877151400292,-0.014509529496419,0.00237574513009058,0.00342723076891405,-0.0160982567366448,0.00243677526459231,0.0027763941435166,-0.0144758272023329,0.00244658050962513,0.00343268854883227,-0.0161119155311473
0.00163242082579882,0.0039610701787598,-0.0147036047187226,0.00163622250398182,0.00441536749856408,-0.015801989538736,0.00168303777651229,0.0039502383778014,-0.0146751238980953,0.00168706541303699,0.00441778663264869,-0.0158077063953561
0.00106072484385622,0.00442927615629984,-0.0138988767811803,0.00106213163214246,0.00473134926730134,-0.014614285503932,0.00109424792041197,0.00442019124235782,-0.0138755913403092,0.00109573316148311,0.00473125562097731,-0.0146137368370027
0.000640964468559373,0.00432286259614578,-0.0122973154201795,0.000641346189678934,0.00450814013395529,-0.0127303892561073,0.000660919430493432,0.00431555756149349,-0.0122789895730104,0.000661336467373797,0.00450630385058304,-0.0127256418476156
0.000352622662443377,0.00378811470383256,-0.0101317064977025,0.000352733949722621,0.00389068166991136,-0.0103699468057612,0.000362843630313707,0.00378254454358751,-0.0101179086194989,0.000362960005132243,0.00388794951119098,-0.0103631299538307
0.000170668782854493,0.00298065899693367,-0.00765897986856245,0.000170691546009857,0.00302996741523831,-0.00777389372015724,0.000174696006202748,0.00297668415337404,-0.00764922812903057,0.000174719228779229,0.00302712306586383,-0.00776690121933932
6.84504490418789e-05,0.00205825059928433,-0.00515254719326297,6.84526144704089e-05,0.00207743301641394,-0.00519814978339861,6.92203730799505e-05,0.00205567810899665,-0.00514627583143668,6.92224312274296e-05,0.00207507885255609,-0.00519240746845728
2.03144226810949e-05,0.00117417147963472,-0.00289135416522202,2.03100575741658e-05,0.0011793638135813,-0.00290450422153476,1.99245068504607e-05,0.00117275581621645,-0.00288791581163839,1.99201118845733e-05,0.00117783814359762,-0.0029007981525413
3.49301632247321e-06,0.000470494720384629,-0.00114762742537255,3.48613168633053e-06,0.000471123197962164,-0.00114968923443959,3.11059049082014e-06,0.000469932779550541,-0.0011462649957581,3.10371112128339e-06,0.000470452819856693,-0.00114806389075328
1.65819183182517e-07,7.14784103337252e-05,-0.000173621975485094,1.98273270937179e-07,7.146289094484e-05,-0.000173693401513297,8.84355979135474e-08,7.13919520431983e-05,-0.000173412454994804,1.20845978880354e-07,7.13545008892424e-05,-0.000173430727107071
0,0,0,0,0,0,0,0,0,0,0,0
0,0,0,0,0,0,0,0,0,0,0,0
0,0,0,0,0,0,0,0,0,0,0,0
0,0,0,0,0,0,0,0,0,0,0,0
0,0,0,0,0,0,0,0,0,0,0,0
0,0,0,0,0,0,0,0,0,0,0,0
0,0,0,0,0,0,0,0,0,0,0,0
0,0,0,0,0,0,0,0,0,0,0,0
0,0,0,0,0,0,0,0,0,0,0,0
0,0,0,0,0,0,0,0,0,0,0,0
0,0,0,0,0,0,0,0,0,0,0,0
0,0,0,0,0,0,0,0,0,0,0,0
0,0,0,0,0,0,0,0,0,0,0,0
0,0,0,0,0,0,0,0,0,0,0,0
0,0,0,0,0,0,0,0,0,0,0,0
0,0,0,0,0,0,0,0,0,0,0,0
0,0,0,0,0,0,0,0,0,0,0,0
0,0,0,0,0,0,0,0,0,0,0,0
0,0,0,0,0,0,0,0,0,0,0,0
0,0,0,0,0,0,0,0,0,0,0,0
0,0,0,0,0,0,0,0,0,0,0,0
0,0,0,0,0,0,0,0,0,0,0,0
0,0,0,0,0,0,0,0,0,0,0,0
0,0,0,0,0,0,0,0,0,0,0,0
0,0,0,0,0,0,0,0,0,0,0,0
0,0,0,0,0,0,0,0,0,0,0,0
0,0,0,0,0,0,0,0,0,0,0,0
0,0,0,0,0,0,0,0,0,0,0,0
0,0,0,0,0,0,0,0,0,0,0,0
0,0,0,0,0,0,0,0,0,0,0,0
0,0,0,0,0,0,0,0,0,0,0,0
0,0,0,0,0,0,0,0,0,0,0,0
0,0,0,0,0,0,0,0,0,0,0,0
0,0,0,0,0,0,0,0,0,0,0,0
0,0,0,0,0,0,0,0,0,0,0,0
0,0,0,0,0,0,0,0,0,0,0,0
0,0,0,0,0,0,0,0,0,0,0,0
0,0,0,0,0,0,0,0,0,0,0,0
0,0,0,0,0,0,0,0,0,0,0,0
0,0,0,0,0,0,0,0,0,0,0,0
0,0,0,0,0,0,0,0,0,0,0,0
0,0,0,0,0,0,0,0,0,0,0,0
0,0,0,0,0,0,0,0,0,0,0,0
0,0,0,0,0,0,0,0,0,0,0,0
0,0,0,0,0,0,0,0,0,0,0,0
0,0,0,0,0,0,0,0,0,0,0,0
0,0,0,0,0,0,0,0,0,0,0,0
0,0,0,0,0,0,0,0,0,0,0,0
0,0,0,0,0,0,0,0,0,0,0,0
0,0,0,0,0,0,0,0,0,0,0,0
0,0,0,0,0,0,0,0,0,0,0,0
0,0,0,0,0,0,0,0,0,0,0,0
0,0,0,0,0,0,0,0,0,0,0,0
0,0,0,0,0,0,0,0,0,0,0,0
0,0,0,0,0,0,0,0,0,0,0,0
0,0,0,0,0,0,0,0,0,0,0,0
0,0,0,0,0,0,0,0,0,0,0,0
0,0,0,0,0,0,0,0,0,0,0,0
0,0,0,0,0,0,0,0,0,0,0,0
0,0,0,0,0,0,0,0,0,0,0,0
0,0,0,0,0,0,0,0,0,0,0,0
0,0,0,0,0,0,0,0,0,0,0,0
0,0,0,0,0,0,0,0,0,0,0,0
0,0,0,0,0,0,0,0,0,0,0,0
0,0,0,0,0,0,0,0,0,0,0,0
0,0,0,0,0,0,0,0,0,0,0,0
0,0,0,0,0,0,0,0,0,0,0,0
0,0,0,0,0,0,0,0,0,0,0,0
0,0,0,0,0,0,0,0,0,0,0,0
0,0,0,0,0,0,0,0,0,0,0,0
0,0,0,0,0,0,0,0,0,0,0,0
0,0,0,0,0,0,0,0,0,0,0,0
0,0,0,0,0,0,0,0,0,0,0,0
0,0,0,0,0,0,0,0,0,0,0,0
0,0,0,0,0,0,0,0,0,0,0,0
0,0,0,0,0,0,0,0,0,0,0,0
0,0,0,0,0,0,0,0,0,0,0,0
0,0,0,0,0,0,0,0,0,0,0,0
0,0,0,0,0,0,0,0,0,0,0,0
0,0,0,0,0,0,0,0,0,0,0,0
0,0,0,0,0,0,0,0,0,0,0,0
0,0,0,0,0,0,0,0,0,0,0,0
0,0,0,0,0,0,0,0,0,0,0,0
0,0,0,0,0,0,0,0,0,0,0,0
0,0,0,0,0,0,0,0,0,0,0,0
0,0,0,0,0,0,0,0,0,0,0,0
0,0,0,0,0,0,0,0,0,0,0,0
0,0,0,0,0,0,0,0,0,0,0,0
0,0,0,0,0,0,0,0,0,0,0,0
0,0,0,0,0,0,0,0,0,0,0,0
0,0,0,0,0,0,0,0,0,0,0,0
0,0,0,0,0,0,0,0,0,0,0,0
0,0,0,0,0,0,0,0,0,0,0,0
0,0,0,0,0,0,0,0,0,0,0,0
0,0,0,0,0,0,0,0,0,0,0,0
0,0,0,0,0,0,0,0,0,0,0,0
0,0,0,0,0,0,0,0,0,0,0,0
0,0,0,0,0,0,0,0,0,0,0,0
0,0,0,0,0,0,0,0,0,0,0,0
0,0,0,0,0,0,0,0,0,0,0,0
0,0,0,0,0,0,0,0,0,0,0,0
0,0,0,0,0,0,0,0,0,0,0,0
0,0,0,0,0,0,0,0,0,0,0,0
0,0,0,0,0,0,0,0,0,0,0,0
0,0,0,0,0,0,0,0,0,0,0,0
0,0,0,0,0,0,0,0,0,0,0,0
0,0,0,0,0,0,0,0,0,0,0,0
0,0,0,0,0,0,0,0,0,0,0,0
0,0,0,0,0,0,0,0,0,0,0,0
0,0,0,0,0,0,0,0,0,0,0,0
0,0,0,0,0,0,0,0,0,0,0,0
0,0,0,0,0,0,0,0,0,0,0,0
0,0,0,0,0,0,0,0,0,0,0,0
0,0,0,0,0,0,0,0,0,0,0,0
0,0,0,0,0,0,0,0,0,0,0,0
0,0,0,0,0,0,0,0,0,0,0,0
0,0,0,0,0,0,0,0,0,0,0,0
0,0,0,0,0,0,0,0,0,0,0,0
0,0,0,0,0,0,0,0,0,0,0,0
0,0,0,0,0,0,0,0,0,0,0,0
0,0,0,0,0,0,0,0,0,0,0,0
0,0,0,0,0,0,0,0,0,0,0,0
0,0,0,0,0,0,0,0,0,0,0,0
0,0,0,0,0,0,0,0,0,0,0,0
0,0,0,0,0,0,0,0,0,0,0,0
0,0,0,0,0,0,0,0,0,0,0,0
0,0,0,0,0,0,0,0,0,0,0,0
0,0,0,0,0,0,0,0,0,0,0,0
0,0,0,0,0,0,0,0,0,0,0,0
0,0,0,0,0,0,0,0,0,0,0,0
0,0,0,0,0,0,0,0,0,0,0,0
0,0,0,0,0,0,0,0,0,0,0,0
0,0,0,0,0,0,0,0,0,0,0,0
0,0,0,0,0,0,0,0,0,0,0,0
0,0,0,0,0,0,0,0,0,0,0,0
0,0,0,0,0,0,0,0,0,0,0,0
0,0,0,0,0,0,0,0,0,0,0,0
0,0,0,0,0,0,0,0,0,0,0,0
0,0,0,0,0,0,0,0,0,0,0,0
0,0,0,0,0,0,0,0,0,0,0,0
0,0,0,0,0,0,0,0,0,0,0,0
0,0,0,0,0,0,0,0,0,0,0,0
0,0,0,0,0,0,0,0,0,0,0,0
0,0,0,0,0,0,0,0,0,0,0,0
0,0,0,0,0,0,0,0,0,0,0,0
0,0,0,0,0,0,0,0,0,0,0,0
0,0,0,0,0,0,0,0,0,0,0,0
0,0,0,0,0,0,0,0,0,0,0,0
0,0,0,0,0,0,0,0,0,0,0,0
0,0,0,0,0,0,0,0,0,0,0,0
0,0,0,0,0,0,0,0,0,0,0,0
0,0,0,0,0,0,0,0,0,0,0,0
0,0,0,0,0,0,0,0,0,0,0,0
0,0,0,0,0,0,0,0,0,0,0,0
0,0,0,0,0,0,0,0,0,0,0,0
0,0,0,0,0,0,0,0,0,0,0,0
0,0,0,0,0,0,0,0,0,0,0,0
0,0,0,0,0,0,0,0,0,0,0,0
0,0,0,0,0,0,0,0,0,0,0,0
0,0,0,0,0,0,0,0,0,0,0,0
0,0,0,0,0,0,0,0,0,0,0,0
0,0,0,0,0,0,0,0,0,0,0,0
0,0,0,0,0,0,0,0,0,0,0,0
0,0,0,0,0,0,0,0,0,0,0,0
0,0,0,0,0,0,0,0,0,0,0,0
0,0,0,0,0,0,0,0,0,0,0,0
0,0,0,0,0,0,0,0,0,0,0,0
0,0,0,0,0,0,0,0,0,0,0,0
0,0,0,0,0,0,0,0,0,0,0,0
0,0,0,0,0,0,0,0,0,0,0,0
0,0,0,0,0,0,0,0,0,0,0,0
0,0,0,0,0,0,0,0,0,0,0,0
0,0,0,0,0,0,0,0,0,0,0,0
0,0,0,0,0,0,0,0,0,0,0,0
0,0,0,0,0,0,0,0,0,0,0,0
0,0,0,0,0,0,0,0,0,0,0,0
0,0,0,0,0,0,0,0,0,0,0,0
0,0,0,0,0,0,0,0,0,0,0,0
0,0,0,0,0,0,0,0,0,0,0,0
0,0,0,0,0,0,0,0,0,0,0,0
0,0,0,0,0,0,0,0,0,0,0,0
0,0,0,0,0,0,0,0,0,0,0,0
0,0,0,0,0,0,0,0,0,0,0,0
0,0,0,0,0,0,0,0,0,0,0,0
0,0,0,0,0,0,0,0,0,0,0,0
0,0,0,0,0,0,0,0,0,0,0,0
0,0,0,0,0,0,0,0,0,0,0,0
0,0,0,0,0,0,0,0,0,0,0,0
0,0,0,0,0,0,0,0,0,0,0,0
0,0,0,0,0,0,0,0,0,0,0,0
0,0,0,0,0,0,0,0,0,0,0,0
0,0,0,0,0,0,0,0,0,0,0,0
0,0,0,0,0,0,0,0,0,0,0,0
0,0,0,0,0,0,0,0,0,0,0,0
0,0,0,0,0,0,0,0,0,0,0,0
0,0,0,0,0,0,0,0,0,0,0,0
0,0,0,0,0,0,0,0,0,0,0,0
0,0,0,0,0,0,0,0,0,0,0,0
0,0,0,0,0,0,0,0,0,0,0,0
0,0,0,0,0,0,0,0,0,0,0,0
0,0,0,0,0,0,0,0,0,0,0,0
0,0,0,0,0,0,0,0,0,0,0,0
0,0,0,0,0,0,0,0,0,0,0,0
0,0,0,0,0,0,0,0,0,0,0,0
0,0,0,0,0,0,0,0,0,0,0,0
0,0,0,0,0,0,0,0,0,0,0,0
0,0,0,0,0,0,0,0,0,0,0,0
0,0,0,0,0,0,0,0,0,0,0,0
0,0,0,0,0,0,0,0,0,0,0,0
0,0,0,0,0,0,0,0,0,0,0,0
0,0,0,0,0,0,0,0,0,0,0,0
0,0,0,0,0,0,0,0,0,0,0,0
0,0,0,0,0,0,0,0,0,0,0,0
0,0,0,0,0,0,0,0,0,0,0,0
0,0,0,0,0,0,0,0,0,0,0,0
0,0,0,0,0,0,0,0,0,0,0,0
0,0,0,0,0,0,0,0,0,0,0,0
0,0,0,0,0,0,0,0,0,0,0,0
0,0,0,0,0,0,0,0,0,0,0,0
0,0,0,0,0,0,0,0,0,0,0,0
0,0,0,0,0,0,0,0,0,0,0,0
0,0,0,0,0,0,0,0,0,0,0,0
0,0,0,0,0,0,0,0,0,0,0,0
0,0,0,0,0,0,0,0,0,0,0,0
0,0,0,0,0,0,0,0,0,0,0,0
0,0,0,0,0,0,0,0,0,0,0,0
0,0,0,0,0,0,0,0,0,0,0,0
0,0,0,0,0,0,0,0,0,0,0,0
0,0,0,0,0,0,0,0,0,0,0,0
0,0,0,0,0,0,0,0,0,0,0,0
0,0,0,0,0,0,0,0,0,0,0,0
0,0,0,0,0,0,0,0,0,0,0,0
0,0,0,0,0,0,0,0,0,0,0,0
0,0,0,0,0,0,0,0,0,0,0,0
0,0,0,0,0,0,0,0,0,0,0,0
0,0,0,0,0,0,0,0,0,0,0,0
0,0,0,0,0,0,0,0,0,0,0,0
0,0,0,0,0,0,0,0,0,0,0,0
0,0,0,0,0,0,0,0,0,0,0,0
0,0,0,0,0,0,0,0,0,0,0,0
0,0,0,0,0,0,0,0,0,0,0,0
0,0,0,0,0,0,0,0,0,0,0,0
0,0,0,0,0,0,0,0,0,0,0,0
0,0,0,0,0,0,0,0,0,0,0,0
0,0,0,0,0,0,0,0,0,0,0,0
0,0,0,0,0,0,0,0,0,0,0,0
0,0,0,0,0,0,0,0,0,0,0,0
0,0,0,0,0,0,0,0,0,0,0,0
0,0,0,0,0,0,0,0,0,0,0,0
0,0,0,0,0,0,0,0,0,0,0,0
0,0,0,0,0,0,0,0,0,0,0,0
0,0,0,0,0,0,0,0,0,0,0,0
0,0,0,0,0,0,0,0,0,0,0,0
0,0,0,0,0,0,0,0,0,0,0,0
0,0,0,0,0,0,0,0,0,0,0,0
0,0,0,0,0,0,0,0,0,0,0,0
0,0,0,0,0,0,0,0,0,0,0,0
0,0,0,0,0,0,0,0,0,0,0,0
0,0,0,0,0,0,0,0,0,0,0,0
0,0,0,0,0,0,0,0,0,0,0,0
0,0,0,0,0,0,0,0,0,0,0,0
0,0,0,0,0,0,0,0,0,0,0,0
0,0,0,0,0,0,0,0,0,0,0,0
0,0,0,0,0,0,0,0,0,0,0,0
0,0,0,0,0,0,0,0,0,0,0,0
0,0,0,0,0,0,0,0,0,0,0,0
0,0,0,0,0,0,0,0,0,0,0,0
0,0,0,0,0,0,0,0,0,0,0,0
0,0,0,0,0,0,0,0,0,0,0,0
0,0,0,0,0,0,0,0,0,0,0,0
0,0,0,0,0,0,0,0,0,0,0,0
0,0,0,0,0,0,0,0,0,0,0,0
0,0,0,0,0,0,0,0,0,0,0,0
0,0,0,0,0,0,0,0,0,0,0,0
0,0,0,0,0,0,0,0,0,0,0,0
0,0,0,0,0,0,0,0,0,0,0,0
0,0,0,0,0,0,0,0,0,0,0,0
0,0,0,0,0,0,0,0,0,0,0,0
0,0,0,0,0,0,0,0,0,0,0,0
0,0,0,0,0,0,0,0,0,0,0,0
0,0,0,0,0,0,0,0,0,0,0,0
0,0,0,0,0,0,0,0,0,0,0,0
0,0,0,0,0,0,0,0,0,0,0,0
0,0,0,0,0,0,0,0,0,0,0,0
0,0,0,0,0,0,0,0,0,0,0,0
0,0,0,0,0,0,0,0,0,0,0,0
0,0,0,0,0,0,0,0,0,0,0,0
0,0,0,0,0,0,0,0,0,0,0,0
0,0,0,0,0,0,0,0,0,0,0,0
0,0,0,0,0,0,0,0,0,0,0,0
0,0,0,0,0,0,0,0,0,0,0,0
0,0,0,0,0,0,0,0,0,0,0,0
0,0,0,0,0,0,0,0,0,0,0,0
0,0,0,0,0,0,0,0,0,0,0,0
0,0,0,0,0,0,0,0,0,0,0,0
0,0,0,0,0,0,0,0,0,0,0,0
0,0,0,0,0,0,0,0,0,0,0,0
0,0,0,0,0,0,0,0,0,0,0,0
0,0,0,0,0,0,0,0,0,0,0,0
0,0,0,0,0,0,0,0,0,0,0,0
0,0,0,0,0,0,0,0,0,0,0,0
0,0,0,0,0,0,0,0,0,0,0,0
0,0,0,0,0,0,0,0,0,0,0,0
0,0,0,0,0,0,0,0,0,0,0,0
0,0,0,0,0,0,0,0,0,0,0,0
0,0,0,0,0,0,0,0,0,0,0,0
0,0,0,0,0,0,0,0,0,0,0,0
0,0,0,0,0,0,0,0,0,0,0,0
0,0,0,0,0,0,0,0,0,0,0,0
0,0,0,0,0,0,0,0,0,0,0,0
0,0,0,0,0,0,0,0,0,0,0,0
0,0,0,0,0,0,0,0,0,0,0,0
0,0,0,0,0,0,0,0,0,0,0,0
0,0,0,0,0,0,0,0,0,0,0,0
0,0,0,0,0,0,0,0,0,0,0,0
0,0,0,0,0,0,0,0,0,0,0,0
0,0,0,0,0,0,0,0,0,0,0,0
0,0,0,0,0,0,0,0,0,0,0,0
0,0,0,0,0,0,0,0,0,0,0,0
0,0,0,0,0,0,0,0,0,0,0,0
0,0,0,0,0,0,0,0,0,0,0,0
0,0,0,0,0,0,0,0,0,0,0,0
0,0,0,0,0,0,0,0,0,0,0,0
0,0,0,0,0,0,0,0,0,0,0,0
0,0,0,0,0,0,0,0,0,0,0,0
0,0,0,0,0,0,0,0,0,0,0,0
0,0,0,0,0,0,0,0,0,0,0,0
0,0,0,0,0,0,0,0,0,0,0,0
0,0,0,0,0,0,0,0,0,0,0,0
0,0,0,0,0,0,0,0,0,0,0,0
0,0,0,0,0,0,0,0,0,0,0,0
0,0,0,0,0,0,0,0,0,0,0,0
0,0,0,0,0,0,0,0,0,0,0,0
0,0,0,0,0,0,0,0,0,0,0,0
0,0,0,0,0,0,0,0,0,0,0,0
0,0,0,0,0,0,0,0,0,0,0,0
0,0,0,0,0,0,0,0,0,0,0,0
0,0,0,0,0,0,0,0,0,0,0,0
0,0,0,0,0,0,0,0,0,0,0,0
0,0,0,0,0,0,0,0,0,0,0,0
0,0,0,0,0,0,0,0,0,0,0,0
0,0,0,0,0,0,0,0,0,0,0,0
0,0,0,0,0,0,0,0,0,0,0,0
0,0,0,0,0,0,0,0,0,0,0,0
0,0,0,0,0,0,0,0,0,0,0,0
0,0,0,0,0,0,0,0,0,0,0,0
0,0,0,0,0,0,0,0,0,0,0,0
0,0,0,0,0,0,0,0,0,0,0,0
0,0,0,0,0,0,0,0,0,0,0,0
0,0,0,0,0,0,0,0,0,0,0,0
0,0,0,0,0,0,0,0,0,0,0,0
0,0,0,0,0,0,0,0,0,0,0,0
0,0,0,0,0,0,0,0,0,0,0,0
0,0,0,0,0,0,0,0,0,0,0,0
0,0,0,0,0,0,0,0,0,0,0,0
0,0,0,0,0,0,0,0,0,0,0,0
0,0,0,0,0,0,0,0,0,0,0,0
0,0,0,0,0,0,0,0,0,0,0,0
0,0,0,0,0,0,0,0,0,0,0,0
0,0,0,0,0,0,0,0,0,0,0,0
0,0,0,0,0,0,0,0,0,0,0,0
0,0,0,0,0,0,0,0,0,0,0,0
0,0,0,0,0,0,0,0,0,0,0,0
0,0,0,0,0,0,0,0,0,0,0,0
0,0,0,0,0,0,0,0,0,0,0,0
0,0,0,0,0,0,0,0,0,0,0,0
0,0,0,0,0,0,0,0,0,0,0,0
0,0,0,0,0,0,0,0,0,0,0,0
0,0,0,0,0,0,0,0,0,0,0,0
0,0,0,0,0,0,0,0,0,0,0,0
0,0,0,0,0,0,0,0,0,0,0,0
0,0,0,0,0,0,0,0,0,0,0,0
0,0,0,0,0,0,0,0,0,0,0,0
0,0,0,0,0,0,0,0,0,0,0,0
0,0,0,0,0,0,0,0,0,0,0,0
0,0,0,0,0,0,0,0,0,0,0,0
0,0,0,0,0,0,0,0,0,0,0,0
0,0,0,0,0,0,0,0,0,0,0,0
0,0,0,0,0,0,0,0,0,0,0,0
0,0,0,0,0,0,0,0,0,0,0,0
0,0,0,0,0,0,0,0,0,0,0,0
0,0,0,0,0,0,0,0,0,0,0,0
0,0,0,0,0,0,0,0,0,0,0,0
0,0,0,0,0,0,0,0,0,0,0,0
0,0,0,0,0,0,0,0,0,0,0,0
0,0,0,0,0,0,0,0,0,0,0,0
0,0,0,0,0,0,0,0,0,0,0,0
0,0,0,0,0,0,0,0,0,0,0,0
0,0,0,0,0,0,0,0,0,0,0,0
0,0,0,0,0,0,0,0,0,0,0,0
0,0,0,0,0,0,0,0,0,0,0,0
0,0,0,0,0,0,0,0,0,0,0,0
0,0,0,0,0,0,0,0,0,0,0,0
0,0,0,0,0,0,0,0,0,0,0,0
0,0,0,0,0,0,0,0,0,0,0,0
0,0,0,0,0,0,0,0,0,0,0,0
0,0,0,0,0,0,0,0,0,0,0,0
0,0,0,0,0,0,0,0,0,0,0,0
0,0,0,0,0,0,0,0,0,0,0,0
0,0,0,0,0,0,0,0,0,0,0,0
0,0,0,0,0,0,0,0,0,0,0,0
0,0,0,0,0,0,0,0,0,0,0,0
0,0,0,0,0,0,0,0,0,0,0,0
0,0,0,0,0,0,0,0,0,0,0,0
0,0,0,0,0,0,0,0,0,0,0,0
0,0,0,0,0,0,0,0,0,0,0,0
0,0,0,0,0,0,0,0,0,0,0,0
0,0,0,0,0,0,0,0,0,0,0,0
0,0,0,0,0,0,0,0,0,0,0,0
0,0,0,0,0,0,0,0,0,0,0,0
0,0,0,0,0,0,0,0,0,0,0,0
0,0,0,0,0,0,0,0,0,0,0,0
0,0,0,0,0,0,0,0,0,0,0,0
0,0,0,0,0,0,0,0,0,0,0,0
0,0,0,0,0,0,0,0,0,0,0,0
0,0,0,0,0,0,0,0,0,0,0,0
0,0,0,0,0,0,0,0,0,0,0,0
0,0,0,0,0,0,0,0,0,0,0,0
0,0,0,0,0,0,0,0,0,0,0,0
0,0,0,0,0,0,0,0,0,0,0,0
0,0,0,0,0,0,0,0,0,0,0,0
0,0,0,0,0,0,0,0,0,0,0,0
0,0,0,0,0,0,0,0,0,0,0,0
0,0,0,0,0,0,0,0,0,0,0,0
0,0,0,0,0,0,0,0,0,0,0,0
0,0,0,0,0,0,0,0,0,0,0,0
0,0,0,0,0,0,0,0,0,0,0,0
0,0,0,0,0,0,0,0,0,0,0,0
0,0,0,0,0,0,0,0,0,0,0,0
0,0,0,0,0,0,0,0,0,0,0,0
0,0,0,0,0,0,0,0,0,0,0,0
0,0,0,0,0,0,0,0,0,0,0,0
0,0,0,0,0,0,0,0,0,0,0,0
0,0,0,0,0,0,0,0,0,0,0,0
0,0,0,0,0,0,0,0,0,0,0,0
0,0,0,0,0,0,0,0,0,0,0,0
0,0,0,0,0,0,0,0,0,0,0,0
0,0,0,0,0,0,0,0,0,0,0,0
0,0,0,0,0,0,0,0,0,0,0,0
0,0,0,0,0,0,0,0,0,0,0,0
0,0,0,0,0,0,0,0,0,0,0,0
0,0,0,0,0,0,0,0,0,0,0,0
0,0,0,0,0,0,0,0,0,0,0,0
0,0,0,0,0,0,0,0,0,0,0,0
0,0,0,0,0,0,0,0,0,0,0,0
0,0,0,0,0,0,0,0,0,0,0,0
0,0,0,0,0,0,0,0,0,0,0,0
0,0,0,0,0,0,0,0,0,0,0,0
0,0,0,0,0,0,0,0,0,0,0,0
0,0,0,0,0,0,0,0,0,0,0,0
0,0,0,0,0,0,0,0,0,0,0,0
0,0,0,0,0,0,0,0,0,0,0,0
0,0,0,0,0,0,0,0,0,0,0,0
0,0,0,0,0,0,0,0,0,0,0,0
0,0,0,0,0,0,0,0,0,0,0,0
0,0,0,0,0,0,0,0,0,0,0,0
0,0,0,0,0,0,0,0,0,0,0,0
0,0,0,0,0,0,0,0,0,0,0,0
0,0,0,0,0,0,0,0,0,0,0,0
0,0,0,0,0,0,0,0,0,0,0,0
0,0,0,0,0,0,0,0,0,0,0,0
0,0,0,0,0,0,0,0,0,0,0,0
0,0,0,0,0,0,0,0,0,0,0,0
0,0,0,0,0,0,0,0,0,0,0,0
0,0,0,0,0,0,0,0,0,0,0,0
0,0,0,0,0,0,0,0,0,0,0,0
0,0,0,0,0,0,0,0,0,0,0,0
0,0,0,0,0,0,0,0,0,0,0,0
0,0,0,0,0,0,0,0,0,0,0,0
0,0,0,0,0,0,0,0,0,0,0,0
0,0,0,0,0,0,0,0,0,0,0,0
0,0,0,0,0,0,0,0,0,0,0,0
0,0,0,0,0,0,0,0,0,0,0,0
0,0,0,0,0,0,0,0,0,0,0,0
0,0,0,0,0,0,0,0,0,0,0,0
0,0,0,0,0,0,0,0,0,0,0,0
0,0,0,0,0,0,0,0,0,0,0,0
0,0,0,0,0,0,0,0,0,0,0,0
0,0,0,0,0,0,0,0,0,0,0,0
0,0,0,0,0,0,0,0,0,0,0,0
0,0,0,0,0,0,0,0,0,0,0,0
0,0,0,0,0,0,0,0,0,0,0,0
0,0,0,0,0,0,0,0,0,0,0,0
0,0,0,0,0,0,0,0,0,0,0,0
0,0,0,0,0,0,0,0,0,0,0,0
0,0,0,0,0,0,0,0,0,0,0,0
0,0,0,0,0,0,0,0,0,0,0,0
0,0,0,0,0,0,0,0,0,0,0,0
0,0,0,0,0,0,0,0,0,0,0,0
0,0,0,0,0,0,0,0,0,0,0,0
0,0,0,0,0,0,0,0,0,0,0,0
0,0,0,0,0,0,0,0,0,0,0,0
0,0,0,0,0,0,0,0,0,0,0,0
0,0,0,0,0,0,0,0,0,0,0,0
0,0,0,0,0,0,0,0,0,0,0,0
0,0,0,0,0,0,0,0,0,0,0,0
0,0,0,0,0,0,0,0,0,0,0,0
0,0,0,0,0,0,0,0,0,0,0,0
0,0,0,0,0,0,0,0,0,0,0,0
0,0,0,0,0,0,0,0,0,0,0,0
0,0,0,0,0,0,0,0,0,0,0,0
0,0,0,0,0,0,0,0,0,0,0,0
0,0,0,0,0,0,0,0,0,0,0,0
0,0,0,0,0,0,0,0,0,0,0,0
0,0,0,0,0,0,0,0,0,0,0,0
0,0,0,0,0,0,0,0,0,0,0,0
0,0,0,0,0,0,0,0,0,0,0,0
0,0,0,0,0,0,0,0,0,0,0,0
0,0,0,0,0,0,0,0,0,0,0,0
0,0,0,0,0,0,0,0,0,0,0,0
0,0,0,0,0,0,0,0,0,0,0,0
0,0,0,0,0,0,0,0,0,0,0,0
0,0,0,0,0,0,0,0,0,0,0,0
0,0,0,0,0,0,0,0,0,0,0,0
0,0,0,0,0,0,0,0,0,0,0,0
0,0,0,0,0,0,0,0,0,0,0,0
0,0,0,0,0,0,0,0,0,0,0,0
0,0,0,0,0,0,0,0,0,0,0,0
0,0,0,0,0,0,0,0,0,0,0,0
0,0,0,0,0,0,0,0,0,0,0,0
0,0,0,0,0,0,0,0,0,0,0,0
0,0,0,0,0,0,0,0,0,0,0,0
0,0,0,0,0,0,0,0,0,0,0,0
0,0,0,0,0,0,0,0,0,0,0,0
0,0,0,0,0,0,0,0,0,0,0,0
0,0,0,0,0,0,0,0,0,0,0,0
0,0,0,0,0,0,0,0,0,0,0,0
0,0,0,0,0,0,0,0,0,0,0,0
0,0,0,0,0,0,0,0,0,0,0,0
0,0,0,0,0,0,0,0,0,0,0,0
0,0,0,0,0,0,0,0,0,0,0,0
0,0,0,0,0,0,0,0,0,0,0,0
0,0,0,0,0,0,0,0,0,0,0,0
0,0,0,0,0,0,0,0,0,0,0,0
0,0,0,0,0,0,0,0,0,0,0,0
0,0,0,0,0,0,0,0,0,0,0,0
0,0,0,0,0,0,0,0,0,0,0,0
0,0,0,0,0,0,0,0,0,0,0,0
0,0,0,0,0,0,0,0,0,0,0,0
0,0,0,0,0,0,0,0,0,0,0,0
0,0,0,0,0,0,0,0,0,0,0,0
0,0,0,0,0,0,0,0,0,0,0,0
0,0,0,0,0,0,0,0,0,0,0,0
0,0,0,0,0,0,0,0,0,0,0,0
0,0,0,0,0,0,0,0,0,0,0,0
0,0,0,0,0,0,0,0,0,0,0,0
0,0,0,0,0,0,0,0,0,0,0,0
0,0,0,0,0,0,0,0,0,0,0,0
0,0,0,0,0,0,0,0,0,0,0,0
0,0,0,0,0,0,0,0,0,0,0,0
0,0,0,0,0,0,0,0,0,0,0,0
0,0,0,0,0,0,0,0,0,0,0,0
0,0,0,0,0,0,0,0,0,0,0,0
0,0,0,0,0,0,0,0,0,0,0,0
0,0,0,0,0,0,0,0,0,0,0,0
0,0,0,0,0,0,0,0,0,0,0,0
0,0,0,0,0,0,0,0,0,0,0,0
0,0,0,0,0,0,0,0,0,0,0,0
0,0,0,0,0,0,0,0,0,0,0,0
0,0,0,0,0,0,0,0,0,0,0,0
0,0,0,0,0,0,0,0,0,0,0,0
0,0,0,0,0,0,0,0,0,0,0,0
0,0,0,0,0,0,0,0,0,0,0,0
0,0,0,0,0,0,0,0,0,0,0,0
0,0,0,0,0,0,0,0,0,0,0,0
0,0,0,0,0,0,0,0,0,0,0,0
0,0,0,0,0,0,0,0,0,0,0,0
0,0,0,0,0,0,0,0,0,0,0,0
0,0,0,0,0,0,0,0,0,0,0,0
0,0,0,0,0,0,0,0,0,0,0,0
0,0,0,0,0,0,0,0,0,0,0,0
0,0,0,0,0,0,0,0,0,0,0,0
0,0,0,0,0,0,0,0,0,0,0,0
0,0,0,0,0,0,0,0,0,0,0,0
0,0,0,0,0,0,0,0,0,0,0,0
0,0,0,0,0,0,0,0,0,0,0,0
0,0,0,0,0,0,0,0,0,0,0,0
0,0,0,0,0,0,0,0,0,0,0,0
0,0,0,0,0,0,0,0,0,0,0,0
0,0,0,0,0,0,0,0,0,0,0,0
0,0,0,0,0,0,0,0,0,0,0,0
0,0,0,0,0,0,0,0,0,0,0,0
0,0,0,0,0,0,0,0,0,0,0,0
0,0,0,0,0,0,0,0,0,0,0,0
0,0,0,0,0,0,0,0,0,0,0,0
0,0,0,0,0,0,0,0,0,0,0,0
0,0,0,0,0,0,0,0,0,0,0,0
0,0,0,0,0,0,0,0,0,0,0,0
0,0,0,0,0,0,0,0,0,0,0,0
0,0,0,0,0,0,0,0,0,0,0,0
0,0,0,0,0,0,0,0,0,0,0,0
0,0,0,0,0,0,0,0,0,0,0,0
0,0,0,0,0,0,0,0,0,0,0,0
0,0,0,0,0,0,0,0,0,0,0,0
0,0,0,0,0,0,0,0,0,0,0,0
0,0,0,0,0,0,0,0,0,0,0,0
0,0,0,0,0,0,0,0,0,0,0,0
0,0,0,0,0,0,0,0,0,0,0,0
0,0,0,0,0,0,0,0,0,0,0,0
0,0,0,0,0,0,0,0,0,0,0,0
0,0,0,0,0,0,0,0,0,0,0,0
0,0,0,0,0,0,0,0,0,0,0,0
0,0,0,0,0,0,0,0,0,0,0,0
0,0,0,0,0,0,0,0,0,0,0,0
0,0,0,0,0,0,0,0,0,0,0,0
0,0,0,0,0,0,0,0,0,0,0,0
0,0,0,0,0,0,0,0,0,0,0,0
0,0,0,0,0,0,0,0,0,0,0,0
0,0,0,0,0,0,0,0,0,0,0,0
0,0,0,0,0,0,0,0,0,0,0,0
0,0,0,0,0,0,0,0,0,0,0,0
0,0,0,0,0,0,0,0,0,0,0,0
0,0,0,0,0,0,0,0,0,0,0,0
0,0,0,0,0,0,0,0,0,0,0,0
0,0,0,0,0,0,0,0,0,0,0,0
0,0,0,0,0,0,0,0,0,0,0,0
0,0,0,0,0,0,0,0,0,0,0,0
0,0,0,0,0,0,0,0,0,0,0,0
0,0,0,0,0,0,0,0,0,0,0,0
0,0,0,0,0,0,0,0,0,0,0,0
0,0,0,0,0,0,0,0,0,0,0,0
0,0,0,0,0,0,0,0,0,0,0,0
0,0,0,0,0,0,0,0,0,0,0,0
0,0,0,0,0,0,0,0,0,0,0,0
0,0,0,0,0,0,0,0,0,0,0,0
0,0,0,0,0,0,0,0,0,0,0,0
0,0,0,0,0,0,0,0,0,0,0,0
0,0,0,0,0,0,0,0,0,0,0,0
0,0,0,0,0,0,0,0,0,0,0,0
0,0,0,0,0,0,0,0,0,0,0,0
0,0,0,0,0,0,0,0,0,0,0,0
0,0,0,0,0,0,0,0,0,0,0,0
0,0,0,0,0,0,0,0,0,0,0,0
0,0,0,0,0,0,0,0,0,0,0,0
0,0,0,0,0,0,0,0,0,0,0,0
0,0,0,0,0,0,0,0,0,0,0,0
0,0,0,0,0,0,0,0,0,0,0,0
0,0,0,0,0,0,0,0,0,0,0,0
0,0,0,0,0,0,0,0,0,0,0,0
0,0,0,0,0,0,0,0,0,0,0,0
0,0,0,0,0,0,0,0,0,0,0,0
0,0,0,0,0,0,0,0,0,0,0,0
0,0,0,0,0,0,0,0,0,0,0,0
0,0,0,0,0,0,0,0,0,0,0,0
0,0,0,0,0,0,0,0,0,0,0,0
0,0,0,0,0,0,0,0,0,0,0,0
0,0,0,0,0,0,0,0,0,0,0,0
0,0,0,0,0,0,0,0,0,0,0,0
0,0,0,0,0,0,0,0,0,0,0,0
0,0,0,0,0,0,0,0,0,0,0,0
0,0,0,0,0,0,0,0,0,0,0,0
0,0,0,0,0,0,0,0,0,0,0,0
0,0,0,0,0,0,0,0,0,0,0,0
0,0,0,0,0,0,0,0,0,0,0,0
0,0,0,0,0,0,0,0,0,0,0,0
0,0,0,0,0,0,0,0,0,0,0,0
0,0,0,0,0,0,0,0,0,0,0,0
0,0,0,0,0,0,0,0,0,0,0,0
0,0,0,0,0,0,0,0,0,0,0,0
0,0,0,0,0,0,0,0,0,0,0,0
0,0,0,0,0,0,0,0,0,0,0,0
0,0,0,0,0,0,0,0,0,0,0,0
0,0,0,0,0,0,0,0,0,0,0,0
0,0,0,0,0,0,0,0,0,0,0,0
0,0,0,0,0,0,0,0,0,0,0,0
0,0,0,0,0,0,0,0,0,0,0,0
0,0,0,0,0,0,0,0,0,0,0,0
0,0,0,0,0,0,0,0,0,0,0,0
0,0,0,0,0,0,0,0,0,0,0,0
0,0,0,0,0,0,0,0,0,0,0,0
0,0,0,0,0,0,0,0,0,0,0,0
0,0,0,0,0,0,0,0,0,0,0,0
0,0,0,0,0,0,0,0,0,0,0,0
0,0,0,0,0,0,0,0,0,0,0,0
0,0,0,0,0,0,0,0,0,0,0,0
0,0,0,0,0,0,0,0,0,0,0,0
0,0,0,0,0,0,0,0,0,0,0,0
0,0,0,0,0,0,0,0,0,0,0,0
0,0,0,0,0,0,0,0,0,0,0,0
0,0,0,0,0,0,0,0,0,0,0,0
0,0,0,0,0,0,0,0,0,0,0,0
0,0,0,0,0,0,0,0,0,0,0,0
0,0,0,0,0,0,0,0,0,0,0,0
0,0,0,0,0,0,0,0,0,0,0,0
0,0,0,0,0,0,0,0,0,0,0,0
0,0,0,0,0,0,0,0,0,0,0,0
0,0,0,0,0,0,0,0,0,0,0,0
0,0,0,0,0,0,0,0,0,0,0,0
0,0,0,0,0,0,0,0,0,0,0,0
0,0,0,0,0,0,0,0,0,0,0,0
0,0,0,0,0,0,0,0,0,0,0,0
0,0,0,0,0,0,0,0,0,0,0,0
0,0,0,0,0,0,0,0,0,0,0,0
0,0,0,0,0,0,0,0,0,0,0,0
0,0,0,0,0,0,0,0,0,0,0,0
0,0,0,0,0,0,0,0,0,0,0,0
0,0,0,0,0,0,0,0,0,0,0,0
0,0,0,0,0,0,0,0,0,0,0,0
0,0,0,0,0,0,0,0,0,0,0,0
0,0,0,0,0,0,0,0,0,0,0,0
0,0,0,0,0,0,0,0,0,0,0,0
0,0,0,0,0,0,0,0,0,0,0,0
0,0,0,0,0,0,0,0,0,0,0,0
0,0,0,0,0,0,0,0,0,0,0,0
0,0,0,0,0,0,0,0,0,0,0,0
0,0,0,0,0,0,0,0,0,0,0,0
0,0,0,0,0,0,0,0,0,0,0,0
0,0,0,0,0,0,0,0,0,0,0,0
0,0,0,0,0,0,0,0,0,0,0,0
0,0,0,0,0,0,0,0,0,0,0,0
0,0,0,0,0,0,0,0,0,0,0,0
0,0,0,0,0,0,0,0,0,0,0,0
0,0,0,0,0,0,0,0,0,0,0,0
0,0,0,0,0,0,0,0,0,0,0,0
0,0,0,0,0,0,0,0,0,0,0,0
0,0,0,0,0,0,0,0,0,0,0,0
0,0,0,0,0,0,0,0,0,0,0,0
0,0,0,0,0,0,0,0,0,0,0,0
0,0,0,0,0,0,0,0,0,0,0,0
0,0,0,0,0,0,0,0,0,0,0,0
0,0,0,0,0,0,0,0,0,0,0,0
0,0,0,0,0,0,0,0,0,0,0,0
0,0,0,0,0,0,0,0,0,0,0,0
0,0,0,0,0,0,0,0,0,0,0,0
0,0,0,0,0,0,0,0,0,0,0,0
0,0,0,0,0,0,0,0,0,0,0,0
0,0,0,0,0,0,0,0,0,0,0,0
0,0,0,0,0,0,0,0,0,0,0,0
0,0,0,0,0,0,0,0,0,0,0,0
0,0,0,0,0,0,0,0,0,0,0,0
0,0,0,0,0,0,0,0,0,0,0,0
0,0,0,0,0,0,0,0,0,0,0,0
0,0,0,0,0,0,0,0,0,0,0,0
0,0,0,0,0,0,0,0,0,0,0,0
0,0,0,0,0,0,0,0,0,0,0,0
0,0,0,0,0,0,0,0,0,0,0,0
0,0,0,0,0,0,0,0,0,0,0,0
0,0,0,0,0,0,0,0,0,0,0,0
0,0,0,0,0,0,0,0,0,0,0,0
0,0,0,0,0,0,0,0,0,0,0,0
0,0,0,0,0,0,0,0,0,0,0,0
0,0,0,0,0,0,0,0,0,0,0,0
0,0,0,0,0,0,0,0,0,0,0,0
0,0,0,0,0,0,0,0,0,0,0,0
0,0,0,0,0,0,0,0,0,0,0,0
0,0,0,0,0,0,0,0,0,0,0,0
0,0,0,0,0,0,0,0,0,0,0,0
0,0,0,0,0,0,0,0,0,0,0,0
0,0,0,0,0,0,0,0,0,0,0,0
0,0,0,0,0,0,0,0,0,0,0,0
0,0,0,0,0,0,0,0,0,0,0,0
0,0,0,0,0,0,0,0,0,0,0,0
