0,0,0,0,0,0,0.27,0,0,0,0.1,0,0,0.2,-0.14,-0.27,0.2,0.14,-0.27,-0.2,-0.14,-0.27,-0.2,0.14,-0.27
0,0,0,0,0.001,0,0.27,0,0,0,0.1,0,0,0.199,-0.14,-0.27,0.199,0.14,-0.27,-0.201,-0.14,-0.27,-0.201,0.14,-0.27
0,0,0,0,0.002,0,0.27,0,0,0,0.1,0,0,0.198,-0.14,-0.27,0.198,0.14,-0.27,-0.202,-0.14,-0.27,-0.202,0.14,-0.27
0,0,0,0,0.003,0,0.27,0,0,0,0.1,0,0,0.197,-0.14,-0.27,0.197,0.14,-0.27,-0.203,-0.14,-0.27,-0.203,0.14,-0.27
0,0,0,0,0.004,0,0.27,0,0,0,0.1,0,0,0.196,-0.14,-0.27,0.196,0.14,-0.27,-0.204,-0.14,-0.27,-0.204,0.14,-0.27
0,0,0,0,0.005,0,0.27,0,0,0,0.1,0,0,0.195,-0.14,-0.27,0.195,0.14,-0.27,-0.205,-0.14,-0.27,-0.205,0.14,-0.27
0,0,0,0,0.006,0,0.27,0,0,0,0.1,0,0,0.194,-0.14,-0.27,0.194,0.14,-0.27,-0.206,-0.14,-0.27,-0.206,0.14,-0.27
0,0,0,0,0.007,0,0.27,0,0,0,0.1,0,0,0.193,-0.14,-0.27,0.193,0.14,-0.27,-0.207,-0.14,-0.27,-0.207,0.14,-0.27
0,0,0,0,0.008,0,0.27,0,0,0,0.1,0,0,0.192,-0.14,-0.27,0.192,0.14,-0.27,-0.208,-0.14,-0.27,-0.208,0.14,-0.27
0,0,0,0,0.009,0,0.27,0,0,0,0.1,0,0,0.191,-0.14,-0.27,0.191,0.14,-0.27,-0.209,-0.14,-0.27,-0.209,0.14,-0.27
0,0,0,0,0.01,0,0.27,0,0,0,0.1,0,0,0.19,-0.14,-0.27,0.19,0.14,-0.27,-0.21,-0.14,-0.27,-0.21,0.14,-0.27
0,0,0,0,0.011,0,0.27,0,0,0,0.4,0,0,0.19,-0.14,-0.27,0.19,0.14,-0.27,-0.21,-0.14,-0.27,-0.21,0.14,-0.27
1,0,0,0,0.011,0,0.27,0,0,0,0.4,0,0,0,-0.8,1.6,0,-0.8,1.6,-0.211,-0.14,-0.27,-0.211,0.14,-0.27
1,0,0,0,0.015,0,0.27,0,0,0,0.4,0,0,0,-0.8,1.6,0,-0.8,1.6,-0.215,-0.14,-0.27,-0.215,0.14,-0.27
1,0,0,0,0.019,0,0.27,0,0,0,0.4,0,0,0,-0.8,1.6,0,-0.8,1.6,-0.219,-0.14,-0.27,-0.219,0.14,-0.27
1,0,0,0,0.023,0,0.27,0,0,0,0.4,0,0,0,-0.8,1.6,0,-0.8,1.6,-0.223,-0.14,-0.27,-0.223,0.14,-0.27
1,0,0,0,0.027,0,0.27,0,0,0,0.4,0,0,0,-0.8,1.6,0,-0.8,1.6,-0.227,-0.14,-0.27,-0.227,0.14,-0.27
1,0,0,0,0.031,0,0.27,0,0,0,0.4,0,0,0,-0.8,1.6,0,-0.8,1.6,-0.231,-0.14,-0.27,-0.231,0.14,-0.27
1,0,0,0,0.035,0,0.27,0,0,0,0.4,0,0,0,-0.8,1.6,0,-0.8,1.6,-0.235,-0.14,-0.27,-0.235,0.14,-0.27
1,0,0,0,0.039,0,0.27,0,0,0,0.4,0,0,0,-0.8,1.6,0,-0.8,1.6,-0.239,-0.14,-0.27,-0.239,0.14,-0.27
1,0,0,0,0.043,0,0.27,0,0,0,0.4,0,0,0,-0.8,1.6,0,-0.8,1.6,-0.243,-0.14,-0.27,-0.243,0.14,-0.27
1,0,0,0,0.047,0,0.27,0,0,0,0.4,0,0,0,-0.8,1.6,0,-0.8,1.6,-0.247,-0.14,-0.27,-0.247,0.14,-0.27
1,0,0,0,0.051,0,0.27,0,0,0,0.4,0,0,0,-0.8,1.6,0,-0.8,1.6,-0.251,-0.14,-0.27,-0.251,0.14,-0.27
1,0,0,0,0.055,0,0.27,0,0,0,0.4,0,0,0,-0.8,1.6,0,-0.8,1.6,-0.255,-0.14,-0.27,-0.255,0.14,-0.27
1,0,0,0,0.059,0,0.27,0,0,0,0.4,0,0,0,-0.8,1.6,0,-0.8,1.6,-0.259,-0.14,-0.27,-0.259,0.14,-0.27
1,0,0,0,0.063,0,0.27,0,0,0,0.4,0,0,0,-0.8,1.6,0,-0.8,1.6,-0.263,-0.14,-0.27,-0.263,0.14,-0.27
1,0,0,0,0.067,0,0.27,0,0,0,0.4,0,0,0,-0.8,1.6,0,-0.8,1.6,-0.267,-0.14,-0.27,-0.267,0.14,-0.27
1,0,0,0,0.071,0,0.27,0,0,0,0.4,0,0,0,-0.8,1.6,0,-0.8,1.6,-0.271,-0.14,-0.27,-0.271,0.14,-0.27
1,0,0,0,0.075,0,0.27,0,0,0,0.4,0,0,0,-0.8,1.6,0,-0.8,1.6,-0.271,-0.14,-0.27,-0.271,0.14,-0.27
2,0,0,0,0.075,0,0.27,0,0,0,0.4,0,0,0,-0.8,1.6,0,-0.8,1.6,0,-0.8,1.6,0,-0.8,1.6
2,0,0,0,0.079,0,0.27,0,0,0,0.4,0,0,0,-0.8,1.6,0,-0.8,1.6,0,-0.8,1.6,0,-0.8,1.6
2,0,0,0,0.083,0,0.27,0,0,0,0.4,0,0,0,-0.8,1.6,0,-0.8,1.6,0,-0.8,1.6,0,-0.8,1.6
2,0,0,0,0.087,0,0.27,0,0,0,0.4,0,0,0,-0.8,1.6,0,-0.8,1.6,0,-0.8,1.6,0,-0.8,1.6
2,0,0,0,0.091,0,0.27,0,0,0,0.4,0,0,0,-0.8,1.6,0,-0.8,1.6,0,-0.8,1.6,0,-0.8,1.6
3,0,0,0,0.091,0,0.27,0,0,0,0.4,0,0,0.224,-0.05,-0.27,0.224,0.05,-0.27,0,-0.8,1.6,0,-0.8,1.6
3,0,0,0,0.095,0,0.27,0,0,0,0.4,0,0,0.22,-0.05,-0.27,0.22,0.05,-0.27,0,-0.8,1.6,0,-0.8,1.6
3,0,0,0,0.099,0,0.27,0,0,0,0.4,0,0,0.216,-0.05,-0.27,0.216,0.05,-0.27,0,-0.8,1.6,0,-0.8,1.6
3,0,0,0,0.103,0,0.27,0,0,0,0.4,0,0,0.212,-0.05,-0.27,0.212,0.05,-0.27,0,-0.8,1.6,0,-0.8,1.6
3,0,0,0,0.107,0,0.27,0,0,0,0.4,0,0,0.208,-0.05,-0.27,0.208,0.05,-0.27,0,-0.8,1.6,0,-0.8,1.6
3,0,0,0,0.111,0,0.27,0,0,0,0.4,0,0,0.204,-0.05,-0.27,0.204,0.05,-0.27,0,-0.8,1.6,0,-0.8,1.6
3,0,0,0,0.115,0,0.27,0,0,0,0.4,0,0,0.2,-0.05,-0.27,0.2,0.05,-0.27,0,-0.8,1.6,0,-0.8,1.6
3,0,0,0,0.119,0,0.27,0,0,0,0.4,0,0,0.196,-0.05,-0.27,0.196,0.05,-0.27,0,-0.8,1.6,0,-0.8,1.6
3,0,0,0,0.123,0,0.27,0,0,0,0.4,0,0,0.192,-0.05,-0.27,0.192,0.05,-0.27,0,-0.8,1.6,0,-0.8,1.6
3,0,0,0,0.127,0,0.27,0,0,0,0.4,0,0,0.188,-0.05,-0.27,0.188,0.05,-0.27,0,-0.8,1.6,0,-0.8,1.6
3,0,0,0,0.131,0,0.27,0,0,0,0.4,0,0,0.184,-0.05,-0.27,0.184,0.05,-0.27,0,-0.8,1.6,0,-0.8,1.6
3,0,0,0,0.135,0,0.27,0,0,0,0.4,0,0,0.18,-0.05,-0.27,0.18,0.05,-0.27,0,-0.8,1.6,0,-0.8,1.6
3,0,0,0,0.139,0,0.27,0,0,0,0.4,0,0,0.176,-0.05,-0.27,0.176,0.05,-0.27,0,-0.8,1.6,0,-0.8,1.6
3,0,0,0,0.143,0,0.27,0,0,0,0.4,0,0,0.172,-0.05,-0.27,0.172,0.05,-0.27,0,-0.8,1.6,0,-0.8,1.6
3,0,0,0,0.147,0,0.27,0,0,0,0.4,0,0,0.168,-0.05,-0.27,0.168,0.05,-0.27,0,-0.8,1.6,0,-0.8,1.6
3,0,0,0,0.151,0,0.27,0,0,0,0.4,0,0,0.164,-0.05,-0.27,0.164,0.05,-0.27,0,-0.8,1.6,0,-0.8,1.6
3,0,0,0,0.155,0,0.27,0,0,0,0.4,0,0,0.164,-0.05,-0.27,0.164,0.05,-0.27,0,-0.8,1.6,0,-0.8,1.6
4,0,0,0,0.155,0,0.27,0,0,0,0.4,0,0,0,-0.8,1.6,0,-0.8,1.6,0,-0.8,1.6,0,-0.8,1.6
4,0,0,0,0.159,0,0.27,0,0,0,0.4,0,0,0,-0.8,1.6,0,-0.8,1.6,0,-0.8,1.6,0,-0.8,1.6
4,0,0,0,0.163,0,0.27,0,0,0,0.4,0,0,0,-0.8,1.6,0,-0.8,1.6,0,-0.8,1.6,0,-0.8,1.6
4,0,0,0,0.167,0,0.27,0,0,0,0.4,0,0,0,-0.8,1.6,0,-0.8,1.6,0,-0.8,1.6,0,-0.8,1.6
4,0,0,0,0.171,0,0.27,0,0,0,0.4,0,0,0,-0.8,1.6,0,-0.8,1.6,0,-0.8,1.6,0,-0.8,1.6
5,0,0,0,0.171,0,0.27,0,0,0,0.4,0,0,0,-0.8,1.6,0,-0.8,1.6,-0.159,-0.14,-0.27,-0.159,0.14,-0.27
5,0,0,0,0.175,0,0.27,0,0,0,0.4,0,0,0,-0.8,1.6,0,-0.8,1.6,-0.163,-0.14,-0.27,-0.163,0.14,-0.27
5,0,0,0,0.179,0,0.27,0,0,0,0.4,0,0,0,-0.8,1.6,0,-0.8,1.6,-0.167,-0.14,-0.27,-0.167,0.14,-0.27
5,0,0,0,0.183,0,0.27,0,0,0,0.4,0,0,0,-0.8,1.6,0,-0.8,1.6,-0.171,-0.14,-0.27,-0.171,0.14,-0.27
5,0,0,0,0.187,0,0.27,0,0,0,0.4,0,0,0,-0.8,1.6,0,-0.8,1.6,-0.175,-0.14,-0.27,-0.175,0.14,-0.27
5,0,0,0,0.191,0,0.27,0,0,0,0.4,0,0,0,-0.8,1.6,0,-0.8,1.6,-0.179,-0.14,-0.27,-0.179,0.14,-0.27
5,0,0,0,0.195,0,0.27,0,0,0,0.4,0,0,0,-0.8,1.6,0,-0.8,1.6,-0.183,-0.14,-0.27,-0.183,0.14,-0.27
5,0,0,0,0.199,0,0.27,0,0,0,0.4,0,0,0,-0.8,1.6,0,-0.8,1.6,-0.187,-0.14,-0.27,-0.187,0.14,-0.27
5,0,0,0,0.203,0,0.27,0,0,0,0.4,0,0,0,-0.8,1.6,0,-0.8,1.6,-0.191,-0.14,-0.27,-0.191,0.14,-0.27
5,0,0,0,0.207,0,0.27,0,0,0,0.4,0,0,0,-0.8,1.6,0,-0.8,1.6,-0.195,-0.14,-0.27,-0.195,0.14,-0.27
5,0,0,0,0.211,0,0.27,0,0,0,0.4,0,0,0,-0.8,1.6,0,-0.8,1.6,-0.199,-0.14,-0.27,-0.199,0.14,-0.27
5,0,0,0,0.215,0,0.27,0,0,0,0.4,0,0,0,-0.8,1.6,0,-0.8,1.6,-0.203,-0.14,-0.27,-0.203,0.14,-0.27
5,0,0,0,0.219,0,0.27,0,0,0,0.4,0,0,0,-0.8,1.6,0,-0.8,1.6,-0.207,-0.14,-0.27,-0.207,0.14,-0.27
5,0,0,0,0.223,0,0.27,0,0,0,0.4,0,0,0,-0.8,1.6,0,-0.8,1.6,-0.211,-0.14,-0.27,-0.211,0.14,-0.27
5,0,0,0,0.227,0,0.27,0,0,0,0.4,0,0,0,-0.8,1.6,0,-0.8,1.6,-0.215,-0.14,-0.27,-0.215,0.14,-0.27
5,0,0,0,0.231,0,0.27,0,0,0,0.4,0,0,0,-0.8,1.6,0,-0.8,1.6,-0.215,-0.14,-0.27,-0.215,0.14,-0.27
6,0,0,0,0.231,0,0.27,0,0,0,0.4,0,0,0,-0.8,1.6,0,-0.8,1.6,0,-0.8,1.6,0,-0.8,1.6
6,0,0,0,0.235,0,0.27,0,0,0,0.4,0,0,0,-0.8,1.6,0,-0.8,1.6,0,-0.8,1.6,0,-0.8,1.6
6,0,0,0,0.239,0,0.27,0,0,0,0.4,0,0,0,-0.8,1.6,0,-0.8,1.6,0,-0.8,1.6,0,-0.8,1.6
6,0,0,0,0.243,0,0.27,0,0,0,0.4,0,0,0,-0.8,1.6,0,-0.8,1.6,0,-0.8,1.6,0,-0.8,1.6
6,0,0,0,0.247,0,0.27,0,0,0,0.4,0,0,0,-0.8,1.6,0,-0.8,1.6,0,-0.8,1.6,0,-0.8,1.6
6,0,0,0,0.251,0,0.27,0,0,0,0.4,0,0,0,-0.8,1.6,0,-0.8,1.6,0,-0.8,1.6,0,-0.8,1.6
7,0,0,0,0.251,0,0.27,0,0,0,0.4,0,0,0.224,-0.05,-0.27,0.224,0.05,-0.27,0,-0.8,1.6,0,-0.8,1.6
7,0,0,0,0.255,0,0.27,0,0,0,0.4,0,0,0.22,-0.05,-0.27,0.22,0.05,-0.27,0,-0.8,1.6,0,-0.8,1.6
7,0,0,0,0.259,0,0.27,0,0,0,0.4,0,0,0.216,-0.05,-0.27,0.216,0.05,-0.27,0,-0.8,1.6,0,-0.8,1.6
7,0,0,0,0.263,0,0.27,0,0,0,0.4,0,0,0.212,-0.05,-0.27,0.212,0.05,-0.27,0,-0.8,1.6,0,-0.8,1.6
7,0,0,0,0.267,0,0.27,0,0,0,0.4,0,0,0.208,-0.05,-0.27,0.208,0.05,-0.27,0,-0.8,1.6,0,-0.8,1.6
7,0,0,0,0.271,0,0.27,0,0,0,0.4,0,0,0.204,-0.05,-0.27,0.204,0.05,-0.27,0,-0.8,1.6,0,-0.8,1.6
7,0,0,0,0.275,0,0.27,0,0,0,0.4,0,0,0.2,-0.05,-0.27,0.2,0.05,-0.27,0,-0.8,1.6,0,-0.8,1.6
7,0,0,0,0.279,0,0.27,0,0,0,0.4,0,0,0.196,-0.05,-0.27,0.196,0.05,-0.27,0,-0.8,1.6,0,-0.8,1.6
7,0,0,0,0.283,0,0.27,0,0,0,0.4,0,0,0.192,-0.05,-0.27,0.192,0.05,-0.27,0,-0.8,1.6,0,-0.8,1.6
7,0,0,0,0.287,0,0.27,0,0,0,0.4,0,0,0.188,-0.05,-0.27,0.188,0.05,-0.27,0,-0.8,1.6,0,-0.8,1.6
7,0,0,0,0.291,0,0.27,0,0,0,0.4,0,0,0.184,-0.05,-0.27,0.184,0.05,-0.27,0,-0.8,1.6,0,-0.8,1.6
7,0,0,0,0.295,0,0.27,0,0,0,0.4,0,0,0.18,-0.05,-0.27,0.18,0.05,-0.27,0,-0.8,1.6,0,-0.8,1.6
7,0,0,0,0.299,0,0.27,0,0,0,0.4,0,0,0.176,-0.05,-0.27,0.176,0.05,-0.27,0,-0.8,1.6,0,-0.8,1.6
7,0,0,0,0.303,0,0.27,0,0,0,0.4,0,0,0.172,-0.05,-0.27,0.172,0.05,-0.27,0,-0.8,1.6,0,-0.8,1.6
7,0,0,0,0.307,0,0.27,0,0,0,0.4,0,0,0.168,-0.05,-0.27,0.168,0.05,-0.27,0,-0.8,1.6,0,-0.8,1.6
7,0,0,0,0.311,0,0.27,0,0,0,0.4,0,0,0.164,-0.05,-0.27,0.164,0.05,-0.27,0,-0.8,1.6,0,-0.8,1.6
7,0,0,0,0.315,0,0.27,0,0,0,0.4,0,0,0.164,-0.05,-0.27,0.164,0.05,-0.27,0,-0.8,1.6,0,-0.8,1.6
8,0,0,0,0.315,0,0.27,0,0,0,0.4,0,0,0,-0.8,1.6,0,-0.8,1.6,0,-0.8,1.6,0,-0.8,1.6
8,0,0,0,0.319,0,0.27,0,0,0,0.4,0,0,0,-0.8,1.6,0,-0.8,1.6,0,-0.8,1.6,0,-0.8,1.6
8,0,0,0,0.323,0,0.27,0,0,0,0.4,0,0,0,-0.8,1.6,0,-0.8,1.6,0,-0.8,1.6,0,-0.8,1.6
8,0,0,0,0.327,0,0.27,0,0,0,0.4,0,0,0,-0.8,1.6,0,-0.8,1.6,0,-0.8,1.6,0,-0.8,1.6
8,0,0,0,0.331,0,0.27,0,0,0,0.7,0,0,0,-0.8,1.6,0,-0.8,1.6,0,-0.8,1.6,0,-0.8,1.6
9,0,0,0,0.331,0,0.27,0,0,0,0.7,0,0,0,-0.8,1.6,0,-0.8,1.6,-0.159,-0.14,-0.27,-0.159,0.14,-0.27
9,0,0,0,0.338,0,0.27,0,0,0,0.7,0,0,0,-0.8,1.6,0,-0.8,1.6,-0.166,-0.14,-0.27,-0.166,0.14,-0.27
9,0,0,0,0.345,0,0.27,0,0,0,0.7,0,0,0,-0.8,1.6,0,-0.8,1.6,-0.173,-0.14,-0.27,-0.173,0.14,-0.27
9,0,0,0,0.352,0,0.27,0,0,0,0.7,0,0,0,-0.8,1.6,0,-0.8,1.6,-0.18,-0.14,-0.27,-0.18,0.14,-0.27
9,0,0,0,0.359,0,0.27,0,0,0,0.7,0,0,0,-0.8,1.6,0,-0.8,1.6,-0.187,-0.14,-0.27,-0.187,0.14,-0.27
9,0,0,0,0.366,0,0.27,0,0,0,0.7,0,0,0,-0.8,1.6,0,-0.8,1.6,-0.194,-0.14,-0.27,-0.194,0.14,-0.27
9,0,0,0,0.373,0,0.27,0,0,0,0.7,0,0,0,-0.8,1.6,0,-0.8,1.6,-0.201,-0.14,-0.27,-0.201,0.14,-0.27
9,0,0,0,0.38,0,0.27,0,0,0,0.7,0,0,0,-0.8,1.6,0,-0.8,1.6,-0.208,-0.14,-0.27,-0.208,0.14,-0.27
9,0,0,0,0.387,0,0.27,0,0,0,0.7,0,0,0,-0.8,1.6,0,-0.8,1.6,-0.215,-0.14,-0.27,-0.215,0.14,-0.27
9,0,0,0,0.394,0,0.27,0,0,0,0.7,0,0,0,-0.8,1.6,0,-0.8,1.6,-0.222,-0.14,-0.27,-0.222,0.14,-0.27
9,0,0,0,0.401,0,0.27,0,0,0,0.7,0,0,0,-0.8,1.6,0,-0.8,1.6,-0.229,-0.14,-0.27,-0.229,0.14,-0.27
9,0,0,0,0.408,0,0.27,0,0,0,0.7,0,0,0,-0.8,1.6,0,-0.8,1.6,-0.236,-0.14,-0.27,-0.236,0.14,-0.27
9,0,0,0,0.415,0,0.27,0,0,0,0.7,0,0,0,-0.8,1.6,0,-0.8,1.6,-0.243,-0.14,-0.27,-0.243,0.14,-0.27
9,0,0,0,0.422,0,0.27,0,0,0,0.7,0,0,0,-0.8,1.6,0,-0.8,1.6,-0.25,-0.14,-0.27,-0.25,0.14,-0.27
9,0,0,0,0.429,0,0.27,0,0,0,0.7,0,0,0,-0.8,1.6,0,-0.8,1.6,-0.257,-0.14,-0.27,-0.257,0.14,-0.27
9,0,0,0,0.436,0,0.27,0,0,0,0.7,0,0,0,-0.8,1.6,0,-0.8,1.6,-0.257,-0.14,-0.27,-0.257,0.14,-0.27
10,0,0,0,0.436,0,0.27,0,0,0,0.7,0,0,0,-0.8,1.6,0,-0.8,1.6,0,-0.8,1.6,0,-0.8,1.6
10,0,0,0,0.443,0,0.27,0,0,0,0.7,0,0,0,-0.8,1.6,0,-0.8,1.6,0,-0.8,1.6,0,-0.8,1.6
10,0,0,0,0.45,0,0.27,0,0,0,0.7,0,0,0,-0.8,1.6,0,-0.8,1.6,0,-0.8,1.6,0,-0.8,1.6
10,0,0,0,0.457,0,0.27,0,0,0,0.7,0,0,0,-0.8,1.6,0,-0.8,1.6,0,-0.8,1.6,0,-0.8,1.6
10,0,0,0,0.464,0,0.27,0,0,0,0.7,0,0,0,-0.8,1.6,0,-0.8,1.6,0,-0.8,1.6,0,-0.8,1.6
10,0,0,0,0.471,0,0.27,0,0,0,0.7,0,0,0,-0.8,1.6,0,-0.8,1.6,0,-0.8,1.6,0,-0.8,1.6
11,0,0,0,0.471,0,0.27,0,0,0,0.7,0,0,0.242,-0.05,-0.27,0.242,0.05,-0.27,0,-0.8,1.6,0,-0.8,1.6
11,0,0,0,0.478,0,0.27,0,0,0,0.7,0,0,0.235,-0.05,-0.27,0.235,0.05,-0.27,0,-0.8,1.6,0,-0.8,1.6
11,0,0,0,0.485,0,0.27,0,0,0,0.7,0,0,0.228,-0.05,-0.27,0.228,0.05,-0.27,0,-0.8,1.6,0,-0.8,1.6
11,0,0,0,0.492,0,0.27,0,0,0,0.7,0,0,0.221,-0.05,-0.27,0.221,0.05,-0.27,0,-0.8,1.6,0,-0.8,1.6
11,0,0,0,0.499,0,0.27,0,0,0,0.7,0,0,0.214,-0.05,-0.27,0.214,0.05,-0.27,0,-0.8,1.6,0,-0.8,1.6
11,0,0,0,0.506,0,0.27,0,0,0,0.7,0,0,0.207,-0.05,-0.27,0.207,0.05,-0.27,0,-0.8,1.6,0,-0.8,1.6
11,0,0,0,0.513,0,0.27,0,0,0,0.7,0,0,0.2,-0.05,-0.27,0.2,0.05,-0.27,0,-0.8,1.6,0,-0.8,1.6
11,0,0,0,0.52,0,0.27,0,0,0,0.7,0,0,0.193,-0.05,-0.27,0.193,0.05,-0.27,0,-0.8,1.6,0,-0.8,1.6
11,0,0,0,0.527,0,0.27,0,0,0,0.7,0,0,0.186,-0.05,-0.27,0.186,0.05,-0.27,0,-0.8,1.6,0,-0.8,1.6
11,0,0,0,0.534,0,0.27,0,0,0,0.7,0,0,0.179,-0.05,-0.27,0.179,0.05,-0.27,0,-0.8,1.6,0,-0.8,1.6
11,0,0,0,0.541,0,0.27,0,0,0,0.7,0,0,0.172,-0.05,-0.27,0.172,0.05,-0.27,0,-0.8,1.6,0,-0.8,1.6
11,0,0,0,0.548,0,0.27,0,0,0,0.7,0,0,0.165,-0.05,-0.27,0.165,0.05,-0.27,0,-0.8,1.6,0,-0.8,1.6
11,0,0,0,0.555,0,0.27,0,0,0,0.7,0,0,0.158,-0.05,-0.27,0.158,0.05,-0.27,0,-0.8,1.6,0,-0.8,1.6
11,0,0,0,0.562,0,0.27,0,0,0,0.7,0,0,0.151,-0.05,-0.27,0.151,0.05,-0.27,0,-0.8,1.6,0,-0.8,1.6
11,0,0,0,0.569,0,0.27,0,0,0,0.7,0,0,0.144,-0.05,-0.27,0.144,0.05,-0.27,0,-0.8,1.6,0,-0.8,1.6
11,0,0,0,0.576,0,0.27,0,0,0,0.7,0,0,0.137,-0.05,-0.27,0.137,0.05,-0.27,0,-0.8,1.6,0,-0.8,1.6
11,0,0,0,0.583,0,0.27,0,0,0,0.7,0,0,0.137,-0.05,-0.27,0.137,0.05,-0.27,0,-0.8,1.6,0,-0.8,1.6
12,0,0,0,0.583,0,0.27,0,0,0,0.7,0,0,0,-0.8,1.6,0,-0.8,1.6,0,-0.8,1.6,0,-0.8,1.6
12,0,0,0,0.59,0,0.27,0,0,0,0.7,0,0,0,-0.8,1.6,0,-0.8,1.6,0,-0.8,1.6,0,-0.8,1.6
12,0,0,0,0.597,0,0.27,0,0,0,0.7,0,0,0,-0.8,1.6,0,-0.8,1.6,0,-0.8,1.6,0,-0.8,1.6
12,0,0,0,0.604,0,0.27,0,0,0,0.7,0,0,0,-0.8,1.6,0,-0.8,1.6,0,-0.8,1.6,0,-0.8,1.6
12,0,0,0,0.611,0,0.27,0,0,0,0.7,0,0,0,-0.8,1.6,0,-0.8,1.6,0,-0.8,1.6,0,-0.8,1.6
13,0,0,0,0.611,0,0.27,0,0,0,0.7,0,0,0,-0.8,1.6,0,-0.8,1.6,-0.141,-0.14,-0.27,-0.141,0.14,-0.27
13,0,0,0,0.618,0,0.27,0,0,0,0.7,0,0,0,-0.8,1.6,0,-0.8,1.6,-0.148,-0.14,-0.27,-0.148,0.14,-0.27
13,0,0,0,0.625,0,0.27,0,0,0,0.7,0,0,0,-0.8,1.6,0,-0.8,1.6,-0.155,-0.14,-0.27,-0.155,0.14,-0.27
13,0,0,0,0.632,0,0.27,0,0,0,0.7,0,0,0,-0.8,1.6,0,-0.8,1.6,-0.162,-0.14,-0.27,-0.162,0.14,-0.27
13,0,0,0,0.639,0,0.27,0,0,0,0.7,0,0,0,-0.8,1.6,0,-0.8,1.6,-0.169,-0.14,-0.27,-0.169,0.14,-0.27
13,0,0,0,0.646,0,0.27,0,0,0,0.7,0,0,0,-0.8,1.6,0,-0.8,1.6,-0.176,-0.14,-0.27,-0.176,0.14,-0.27
13,0,0,0,0.653,0,0.27,0,0,0,0.7,0,0,0,-0.8,1.6,0,-0.8,1.6,-0.183,-0.14,-0.27,-0.183,0.14,-0.27
13,0,0,0,0.66,0,0.27,0,0,0,0.7,0,0,0,-0.8,1.6,0,-0.8,1.6,-0.19,-0.14,-0.27,-0.19,0.14,-0.27
13,0,0,0,0.667,0,0.27,0,0,0,0.7,0,0,0,-0.8,1.6,0,-0.8,1.6,-0.197,-0.14,-0.27,-0.197,0.14,-0.27
13,0,0,0,0.674,0,0.27,0,0,0,0.7,0,0,0,-0.8,1.6,0,-0.8,1.6,-0.204,-0.14,-0.27,-0.204,0.14,-0.27
13,0,0,0,0.681,0,0.27,0,0,0,0.7,0,0,0,-0.8,1.6,0,-0.8,1.6,-0.211,-0.14,-0.27,-0.211,0.14,-0.27
13,0,0,0,0.688,0,0.27,0,0,0,0.7,0,0,0,-0.8,1.6,0,-0.8,1.6,-0.218,-0.14,-0.27,-0.218,0.14,-0.27
13,0,0,0,0.695,0,0.27,0,0,0,0.7,0,0,0,-0.8,1.6,0,-0.8,1.6,-0.225,-0.14,-0.27,-0.225,0.14,-0.27
13,0,0,0,0.702,0,0.27,0,0,0,0.7,0,0,0,-0.8,1.6,0,-0.8,1.6,-0.232,-0.14,-0.27,-0.232,0.14,-0.27
13,0,0,0,0.709,0,0.27,0,0,0,0.7,0,0,0,-0.8,1.6,0,-0.8,1.6,-0.239,-0.14,-0.27,-0.239,0.14,-0.27
13,0,0,0,0.716,0,0.27,0,0,0,0.7,0,0,0,-0.8,1.6,0,-0.8,1.6,-0.246,-0.14,-0.27,-0.246,0.14,-0.27
13,0,0,0,0.723,0,0.27,0,0,0,0.7,0,0,0,-0.8,1.6,0,-0.8,1.6,-0.246,-0.14,-0.27,-0.246,0.14,-0.27
14,0,0,0,0.723,0,0.27,0,0,0,0.7,0,0,0,-0.8,1.6,0,-0.8,1.6,0,-0.8,1.6,0,-0.8,1.6
14,0,0,0,0.73,0,0.27,0,0,0,0.7,0,0,0,-0.8,1.6,0,-0.8,1.6,0,-0.8,1.6,0,-0.8,1.6
14,0,0,0,0.737,0,0.27,0,0,0,0.7,0,0,0,-0.8,1.6,0,-0.8,1.6,0,-0.8,1.6,0,-0.8,1.6
14,0,0,0,0.744,0,0.27,0,0,0,0.7,0,0,0,-0.8,1.6,0,-0.8,1.6,0,-0.8,1.6,0,-0.8,1.6
14,0,0,0,0.751,0,0.27,0,0,0,0.7,0,0,0,-0.8,1.6,0,-0.8,1.6,0,-0.8,1.6,0,-0.8,1.6
15,0,0,0,0.751,0,0.27,0,0,0,0.7,0,0,0.242,-0.05,-0.27,0.242,0.05,-0.27,0,-0.8,1.6,0,-0.8,1.6
15,0,0,0,0.758,0,0.27,0,0,0,0.7,0,0,0.235,-0.05,-0.27,0.235,0.05,-0.27,0,-0.8,1.6,0,-0.8,1.6
15,0,0,0,0.765,0,0.27,0,0,0,0.7,0,0,0.228,-0.05,-0.27,0.228,0.05,-0.27,0,-0.8,1.6,0,-0.8,1.6
15,0,0,0,0.772,0,0.27,0,0,0,0.7,0,0,0.221,-0.05,-0.27,0.221,0.05,-0.27,0,-0.8,1.6,0,-0.8,1.6
15,0,0,0,0.779,0,0.27,0,0,0,0.7,0,0,0.214,-0.05,-0.27,0.214,0.05,-0.27,0,-0.8,1.6,0,-0.8,1.6
15,0,0,0,0.786,0,0.27,0,0,0,0.7,0,0,0.207,-0.05,-0.27,0.207,0.05,-0.27,0,-0.8,1.6,0,-0.8,1.6
15,0,0,0,0.793,0,0.27,0,0,0,0.7,0,0,0.2,-0.05,-0.27,0.2,0.05,-0.27,0,-0.8,1.6,0,-0.8,1.6
15,0,0,0,0.8,0,0.27,0,0,0,0.7,0,0,0.193,-0.05,-0.27,0.193,0.05,-0.27,0,-0.8,1.6,0,-0.8,1.6
15,0,0,0,0.807,0,0.27,0,0,0,0.7,0,0,0.186,-0.05,-0.27,0.186,0.05,-0.27,0,-0.8,1.6,0,-0.8,1.6
15,0,0,0,0.814,0,0.27,0,0,0,0.7,0,0,0.179,-0.05,-0.27,0.179,0.05,-0.27,0,-0.8,1.6,0,-0.8,1.6
15,0,0,0,0.821,0,0.27,0,0,0,0.7,0,0,0.172,-0.05,-0.27,0.172,0.05,-0.27,0,-0.8,1.6,0,-0.8,1.6
15,0,0,0,0.828,0,0.27,0,0,0,0.7,0,0,0.165,-0.05,-0.27,0.165,0.05,-0.27,0,-0.8,1.6,0,-0.8,1.6
15,0,0,0,0.835,0,0.27,0,0,0,0.7,0,0,0.158,-0.05,-0.27,0.158,0.05,-0.27,0,-0.8,1.6,0,-0.8,1.6
15,0,0,0,0.842,0,0.27,0,0,0,0.7,0,0,0.151,-0.05,-0.27,0.151,0.05,-0.27,0,-0.8,1.6,0,-0.8,1.6
15,0,0,0,0.849,0,0.27,0,0,0,0.7,0,0,0.144,-0.05,-0.27,0.144,0.05,-0.27,0,-0.8,1.6,0,-0.8,1.6
15,0,0,0,0.856,0,0.27,0,0,0,0.7,0,0,0.144,-0.05,-0.27,0.144,0.05,-0.27,0,-0.8,1.6,0,-0.8,1.6
16,0,0,0,0.856,0,0.27,0,0,0,0.7,0,0,0,-0.8,1.6,0,-0.8,1.6,0,-0.8,1.6,0,-0.8,1.6
16,0,0,0,0.863,0,0.27,0,0,0,0.7,0,0,0,-0.8,1.6,0,-0.8,1.6,0,-0.8,1.6,0,-0.8,1.6
16,0,0,0,0.87,0,0.27,0,0,0,0.7,0,0,0,-0.8,1.6,0,-0.8,1.6,0,-0.8,1.6,0,-0.8,1.6
16,0,0,0,0.877,0,0.27,0,0,0,0.7,0,0,0,-0.8,1.6,0,-0.8,1.6,0,-0.8,1.6,0,-0.8,1.6
16,0,0,0,0.884,0,0.27,0,0,0,0.7,0,0,0,-0.8,1.6,0,-0.8,1.6,0,-0.8,1.6,0,-0.8,1.6
16,0,0,0,0.891,0,0.27,0,0,0,1,0,0,0,-0.8,1.6,0,-0.8,1.6,0,-0.8,1.6,0,-0.8,1.6
17,0,0,0,0.891,0,0.27,0,0,0,1,0,0,0,-0.8,1.6,0,-0.8,1.6,-0.141,-0.14,-0.27,-0.141,0.14,-0.27
17,0,0,0,0.901,0,0.27,0,0,0,1,0,0,0,-0.8,1.6,0,-0.8,1.6,-0.151,-0.14,-0.27,-0.151,0.14,-0.27
17,0,0,0,0.911,0,0.27,0,0,0,1,0,0,0,-0.8,1.6,0,-0.8,1.6,-0.161,-0.14,-0.27,-0.161,0.14,-0.27
17,0,0,0,0.921,0,0.27,0,0,0,1,0,0,0,-0.8,1.6,0,-0.8,1.6,-0.171,-0.14,-0.27,-0.171,0.14,-0.27
17,0,0,0,0.931,0,0.27,0,0,0,1,0,0,0,-0.8,1.6,0,-0.8,1.6,-0.181,-0.14,-0.27,-0.181,0.14,-0.27
17,0,0,0,0.941,0,0.27,0,0,0,1,0,0,0,-0.8,1.6,0,-0.8,1.6,-0.191,-0.14,-0.27,-0.191,0.14,-0.27
17,0,0,0,0.951,0,0.27,0,0,0,1,0,0,0,-0.8,1.6,0,-0.8,1.6,-0.201,-0.14,-0.27,-0.201,0.14,-0.27
17,0,0,0,0.961,0,0.27,0,0,0,1,0,0,0,-0.8,1.6,0,-0.8,1.6,-0.211,-0.14,-0.27,-0.211,0.14,-0.27
17,0,0,0,0.971,0,0.27,0,0,0,1,0,0,0,-0.8,1.6,0,-0.8,1.6,-0.221,-0.14,-0.27,-0.221,0.14,-0.27
17,0,0,0,0.981,0,0.27,0,0,0,1,0,0,0,-0.8,1.6,0,-0.8,1.6,-0.231,-0.14,-0.27,-0.231,0.14,-0.27
17,0,0,0,0.991,0,0.27,0,0,0,1,0,0,0,-0.8,1.6,0,-0.8,1.6,-0.241,-0.14,-0.27,-0.241,0.14,-0.27
17,0,0,0,1.001,0,0.27,0,0,0,1,0,0,0,-0.8,1.6,0,-0.8,1.6,-0.251,-0.14,-0.27,-0.251,0.14,-0.27
17,0,0,0,1.011,0,0.27,0,0,0,1,0,0,0,-0.8,1.6,0,-0.8,1.6,-0.261,-0.14,-0.27,-0.261,0.14,-0.27
17,0,0,0,1.021,0,0.27,0,0,0,1,0,0,0,-0.8,1.6,0,-0.8,1.6,-0.271,-0.14,-0.27,-0.271,0.14,-0.27
17,0,0,0,1.031,0,0.27,0,0,0,1,0,0,0,-0.8,1.6,0,-0.8,1.6,-0.281,-0.14,-0.27,-0.281,0.14,-0.27
17,0,0,0,1.041,0,0.27,0,0,0,1,0,0,0,-0.8,1.6,0,-0.8,1.6,-0.291,-0.14,-0.27,-0.291,0.14,-0.27
17,0,0,0,1.051,0,0.27,0,0,0,1,0,0,0,-0.8,1.6,0,-0.8,1.6,-0.291,-0.14,-0.27,-0.291,0.14,-0.27
18,0,0,0,1.051,0,0.27,0,0,0,1,0,0,0,-0.8,1.6,0,-0.8,1.6,0,-0.8,1.6,0,-0.8,1.6
18,0,0,0,1.061,0,0.27,0,0,0,1,0,0,0,-0.8,1.6,0,-0.8,1.6,0,-0.8,1.6,0,-0.8,1.6
18,0,0,0,1.071,0,0.27,0,0,0,1,0,0,0,-0.8,1.6,0,-0.8,1.6,0,-0.8,1.6,0,-0.8,1.6
18,0,0,0,1.081,0,0.27,0,0,0,1,0,0,0,-0.8,1.6,0,-0.8,1.6,0,-0.8,1.6,0,-0.8,1.6
18,0,0,0,1.091,0,0.27,0,0,0,1,0,0,0,-0.8,1.6,0,-0.8,1.6,0,-0.8,1.6,0,-0.8,1.6
19,0,0,0,1.091,0,0.27,0,0,0,1,0,0,0.26,-0.05,-0.27,0.26,0.05,-0.27,0,-0.8,1.6,0,-0.8,1.6
19,0,0,0,1.101,0,0.27,0,0,0,1,0,0,0.25,-0.05,-0.27,0.25,0.05,-0.27,0,-0.8,1.6,0,-0.8,1.6
19,0,0,0,1.111,0,0.27,0,0,0,1,0,0,0.24,-0.05,-0.27,0.24,0.05,-0.27,0,-0.8,1.6,0,-0.8,1.6
19,0,0,0,1.121,0,0.27,0,0,0,1,0,0,0.23,-0.05,-0.27,0.23,0.05,-0.27,0,-0.8,1.6,0,-0.8,1.6
19,0,0,0,1.131,0,0.27,0,0,0,1,0,0,0.22,-0.05,-0.27,0.22,0.05,-0.27,0,-0.8,1.6,0,-0.8,1.6
19,0,0,0,1.141,0,0.27,0,0,0,1,0,0,0.21,-0.05,-0.27,0.21,0.05,-0.27,0,-0.8,1.6,0,-0.8,1.6
19,0,0,0,1.151,0,0.27,0,0,0,1,0,0,0.2,-0.05,-0.27,0.2,0.05,-0.27,0,-0.8,1.6,0,-0.8,1.6
19,0,0,0,1.161,0,0.27,0,0,0,1,0,0,0.19,-0.05,-0.27,0.19,0.05,-0.27,0,-0.8,1.6,0,-0.8,1.6
19,0,0,0,1.171,0,0.27,0,0,0,1,0,0,0.18,-0.05,-0.27,0.18,0.05,-0.27,0,-0.8,1.6,0,-0.8,1.6
19,0,0,0,1.181,0,0.27,0,0,0,1,0,0,0.17,-0.05,-0.27,0.17,0.05,-0.27,0,-0.8,1.6,0,-0.8,1.6
19,0,0,0,1.191,0,0.27,0,0,0,1,0,0,0.16,-0.05,-0.27,0.16,0.05,-0.27,0,-0.8,1.6,0,-0.8,1.6
19,0,0,0,1.201,0,0.27,0,0,0,1,0,0,0.15,-0.05,-0.27,0.15,0.05,-0.27,0,-0.8,1.6,0,-0.8,1.6
19,0,0,0,1.211,0,0.27,0,0,0,1,0,0,0.14,-0.05,-0.27,0.14,0.05,-0.27,0,-0.8,1.6,0,-0.8,1.6
19,0,0,0,1.221,0,0.27,0,0,0,1,0,0,0.13,-0.05,-0.27,0.13,0.05,-0.27,0,-0.8,1.6,0,-0.8,1.6
19,0,0,0,1.231,0,0.27,0,0,0,1,0,0,0.12,-0.05,-0.27,0.12,0.05,-0.27,0,-0.8,1.6,0,-0.8,1.6
19,0,0,0,1.241,0,0.27,0,0,0,1,0,0,0.11,-0.05,-0.27,0.11,0.05,-0.27,0,-0.8,1.6,0,-0.8,1.6
19,0,0,0,1.251,0,0.27,0,0,0,1,0,0,0.11,-0.05,-0.27,0.11,0.05,-0.27,0,-0.8,1.6,0,-0.8,1.6
20,0,0,0,1.251,0,0.27,0,0,0,1,0,0,0,-0.8,1.6,0,-0.8,1.6,0,-0.8,1.6,0,-0.8,1.6
20,0,0,0,1.261,0,0.27,0,0,0,1,0,0,0,-0.8,1.6,0,-0.8,1.6,0,-0.8,1.6,0,-0.8,1.6
20,0,0,0,1.271,0,0.27,0,0,0,1,0,0,0,-0.8,1.6,0,-0.8,1.6,0,-0.8,1.6,0,-0.8,1.6
20,0,0,0,1.281,0,0.27,0,0,0,1,0,0,0,-0.8,1.6,0,-0.8,1.6,0,-0.8,1.6,0,-0.8,1.6
20,0,0,0,1.291,0,0.27,0,0,0,1,0,0,0,-0.8,1.6,0,-0.8,1.6,0,-0.8,1.6,0,-0.8,1.6
21,0,0,0,1.291,0,0.27,0,0,0,1,0,0,0,-0.8,1.6,0,-0.8,1.6,-0.123,-0.14,-0.27,-0.123,0.14,-0.27
21,0,0,0,1.301,0,0.27,0,0,0,1,0,0,0,-0.8,1.6,0,-0.8,1.6,-0.133,-0.14,-0.27,-0.133,0.14,-0.27
21,0,0,0,1.311,0,0.27,0,0,0,1,0,0,0,-0.8,1.6,0,-0.8,1.6,-0.143,-0.14,-0.27,-0.143,0.14,-0.27
21,0,0,0,1.321,0,0.27,0,0,0,1,0,0,0,-0.8,1.6,0,-0.8,1.6,-0.153,-0.14,-0.27,-0.153,0.14,-0.27
21,0,0,0,1.331,0,0.27,0,0,0,1,0,0,0,-0.8,1.6,0,-0.8,1.6,-0.163,-0.14,-0.27,-0.163,0.14,-0.27
21,0,0,0,1.341,0,0.27,0,0,0,1,0,0,0,-0.8,1.6,0,-0.8,1.6,-0.173,-0.14,-0.27,-0.173,0.14,-0.27
21,0,0,0,1.351,0,0.27,0,0,0,1,0,0,0,-0.8,1.6,0,-0.8,1.6,-0.183,-0.14,-0.27,-0.183,0.14,-0.27
21,0,0,0,1.361,0,0.27,0,0,0,1,0,0,0,-0.8,1.6,0,-0.8,1.6,-0.193,-0.14,-0.27,-0.193,0.14,-0.27
21,0,0,0,1.371,0,0.27,0,0,0,1,0,0,0,-0.8,1.6,0,-0.8,1.6,-0.203,-0.14,-0.27,-0.203,0.14,-0.27
21,0,0,0,1.381,0,0.27,0,0,0,1,0,0,0,-0.8,1.6,0,-0.8,1.6,-0.213,-0.14,-0.27,-0.213,0.14,-0.27
21,0,0,0,1.391,0,0.27,0,0,0,1,0,0,0,-0.8,1.6,0,-0.8,1.6,-0.223,-0.14,-0.27,-0.223,0.14,-0.27
21,0,0,0,1.401,0,0.27,0,0,0,1,0,0,0,-0.8,1.6,0,-0.8,1.6,-0.233,-0.14,-0.27,-0.233,0.14,-0.27
21,0,0,0,1.411,0,0.27,0,0,0,1,0,0,0,-0.8,1.6,0,-0.8,1.6,-0.243,-0.14,-0.27,-0.243,0.14,-0.27
21,0,0,0,1.421,0,0.27,0,0,0,1,0,0,0,-0.8,1.6,0,-0.8,1.6,-0.253,-0.14,-0.27,-0.253,0.14,-0.27
21,0,0,0,1.431,0,0.27,0,0,0,1,0,0,0,-0.8,1.6,0,-0.8,1.6,-0.263,-0.14,-0.27,-0.263,0.14,-0.27
21,0,0,0,1.441,0,0.27,0,0,0,1,0,0,0,-0.8,1.6,0,-0.8,1.6,-0.263,-0.14,-0.27,-0.263,0.14,-0.27
22,0,0,0,1.441,0,0.27,0,0,0,1,0,0,0,-0.8,1.6,0,-0.8,1.6,0,-0.8,1.6,0,-0.8,1.6
22,0,0,0,1.451,0,0.27,0,0,0,1,0,0,0,-0.8,1.6,0,-0.8,1.6,0,-0.8,1.6,0,-0.8,1.6
22,0,0,0,1.461,0,0.27,0,0,0,1,0,0,0,-0.8,1.6,0,-0.8,1.6,0,-0.8,1.6,0,-0.8,1.6
22,0,0,0,1.471,0,0.27,0,0,0,1,0,0,0,-0.8,1.6,0,-0.8,1.6,0,-0.8,1.6,0,-0.8,1.6
22,0,0,0,1.481,0,0.27,0,0,0,1,0,0,0,-0.8,1.6,0,-0.8,1.6,0,-0.8,1.6,0,-0.8,1.6
23,0,0,0,1.481,0,0.27,0,0,0,1,0,0,0.26,-0.05,-0.27,0.26,0.05,-0.27,0,-0.8,1.6,0,-0.8,1.6
23,0,0,0,1.491,0,0.27,0,0,0,1,0,0,0.25,-0.05,-0.27,0.25,0.05,-0.27,0,-0.8,1.6,0,-0.8,1.6
23,0,0,0,1.501,0,0.27,0,0,0,1,0,0,0.24,-0.05,-0.27,0.24,0.05,-0.27,0,-0.8,1.6,0,-0.8,1.6
23,0,0,0,1.511,0,0.27,0,0,0,1,0,0,0.23,-0.05,-0.27,0.23,0.05,-0.27,0,-0.8,1.6,0,-0.8,1.6
23,0,0,0,1.521,0,0.27,0,0,0,1,0,0,0.22,-0.05,-0.27,0.22,0.05,-0.27,0,-0.8,1.6,0,-0.8,1.6
23,0,0,0,1.531,0,0.27,0,0,0,1,0,0,0.21,-0.05,-0.27,0.21,0.05,-0.27,0,-0.8,1.6,0,-0.8,1.6
23,0,0,0,1.541,0,0.27,0,0,0,1,0,0,0.2,-0.05,-0.27,0.2,0.05,-0.27,0,-0.8,1.6,0,-0.8,1.6
23,0,0,0,1.551,0,0.27,0,0,0,1,0,0,0.19,-0.05,-0.27,0.19,0.05,-0.27,0,-0.8,1.6,0,-0.8,1.6
23,0,0,0,1.561,0,0.27,0,0,0,1,0,0,0.18,-0.05,-0.27,0.18,0.05,-0.27,0,-0.8,1.6,0,-0.8,1.6
23,0,0,0,1.571,0,0.27,0,0,0,1,0,0,0.17,-0.05,-0.27,0.17,0.05,-0.27,0,-0.8,1.6,0,-0.8,1.6
23,0,0,0,1.581,0,0.27,0,0,0,1,0,0,0.16,-0.05,-0.27,0.16,0.05,-0.27,0,-0.8,1.6,0,-0.8,1.6
23,0,0,0,1.591,0,0.27,0,0,0,1,0,0,0.15,-0.05,-0.27,0.15,0.05,-0.27,0,-0.8,1.6,0,-0.8,1.6
23,0,0,0,1.601,0,0.27,0,0,0,1,0,0,0.14,-0.05,-0.27,0.14,0.05,-0.27,0,-0.8,1.6,0,-0.8,1.6
23,0,0,0,1.611,0,0.27,0,0,0,1,0,0,0.13,-0.05,-0.27,0.13,0.05,-0.27,0,-0.8,1.6,0,-0.8,1.6
23,0,0,0,1.621,0,0.27,0,0,0,1,0,0,0.12,-0.05,-0.27,0.12,0.05,-0.27,0,-0.8,1.6,0,-0.8,1.6
23,0,0,0,1.631,0,0.27,0,0,0,1,0,0,0.11,-0.05,-0.27,0.11,0.05,-0.27,0,-0.8,1.6,0,-0.8,1.6
23,0,0,0,1.641,0,0.27,0,0,0,1,0,0,0.1,-0.05,-0.27,0.1,0.05,-0.27,0,-0.8,1.6,0,-0.8,1.6
23,0,0,0,1.651,0,0.27,0,0,0,1,0,0,0.1,-0.05,-0.27,0.1,0.05,-0.27,0,-0.8,1.6,0,-0.8,1.6
24,0,0,0,1.651,0,0.27,0,0,0,1,0,0,0,-0.8,1.6,0,-0.8,1.6,0,-0.8,1.6,0,-0.8,1.6
24,0,0,0,1.661,0,0.27,0,0,0,1,0,0,0,-0.8,1.6,0,-0.8,1.6,0,-0.8,1.6,0,-0.8,1.6
24,0,0,0,1.671,0,0.27,0,0,0,1,0,0,0,-0.8,1.6,0,-0.8,1.6,0,-0.8,1.6,0,-0.8,1.6
24,0,0,0,1.681,0,0.27,0,0,0,1,0,0,0,-0.8,1.6,0,-0.8,1.6,0,-0.8,1.6,0,-0.8,1.6
24,0,0,0,1.691,0,0.25,0,0,0,1.7,0,0,0,-0.8,1.6,0,-0.8,1.6,0,-0.8,1.6,0,-0.8,1.6
25,0,0,0,1.691,0,0.25,0,0,0,1.7,0,0,0,-0.8,1.6,0,-0.8,1.6,-0.123,-0.14,-0.25,-0.123,0.14,-0.25
25,0,0,0,1.708,0,0.25,0,0,0,1.7,0,0,0,-0.8,1.6,0,-0.8,1.6,-0.14,-0.14,-0.25,-0.14,0.14,-0.25
25,0,0,0,1.725,0,0.25,0,0,0,1.7,0,0,0,-0.8,1.6,0,-0.8,1.6,-0.157,-0.14,-0.25,-0.157,0.14,-0.25
25,0,0,0,1.742,0,0.25,0,0,0,1.7,0,0,0,-0.8,1.6,0,-0.8,1.6,-0.174,-0.14,-0.25,-0.174,0.14,-0.25
25,0,0,0,1.759,0,0.25,0,0,0,1.7,0,0,0,-0.8,1.6,0,-0.8,1.6,-0.191,-0.14,-0.25,-0.191,0.14,-0.25
25,0,0,0,1.776,0,0.25,0,0,0,1.7,0,0,0,-0.8,1.6,0,-0.8,1.6,-0.208,-0.14,-0.25,-0.208,0.14,-0.25
25,0,0,0,1.793,0,0.25,0,0,0,1.7,0,0,0,-0.8,1.6,0,-0.8,1.6,-0.225,-0.14,-0.25,-0.225,0.14,-0.25
25,0,0,0,1.81,0,0.25,0,0,0,1.7,0,0,0,-0.8,1.6,0,-0.8,1.6,-0.242,-0.14,-0.25,-0.242,0.14,-0.25
25,0,0,0,1.827,0,0.25,0,0,0,1.7,0,0,0,-0.8,1.6,0,-0.8,1.6,-0.259,-0.14,-0.25,-0.259,0.14,-0.25
25,0,0,0,1.844,0,0.25,0,0,0,1.7,0,0,0,-0.8,1.6,0,-0.8,1.6,-0.276,-0.14,-0.25,-0.276,0.14,-0.25
25,0,0,0,1.861,0,0.25,0,0,0,1.7,0,0,0,-0.8,1.6,0,-0.8,1.6,-0.293,-0.14,-0.25,-0.293,0.14,-0.25
25,0,0,0,1.878,0,0.25,0,0,0,1.7,0,0,0,-0.8,1.6,0,-0.8,1.6,-0.31,-0.14,-0.25,-0.31,0.14,-0.25
25,0,0,0,1.895,0,0.25,0,0,0,1.7,0,0,0,-0.8,1.6,0,-0.8,1.6,-0.327,-0.14,-0.25,-0.327,0.14,-0.25
25,0,0,0,1.912,0,0.25,0,0,0,1.7,0,0,0,-0.8,1.6,0,-0.8,1.6,-0.344,-0.14,-0.25,-0.344,0.14,-0.25
25,0,0,0,1.929,0,0.25,0,0,0,1.7,0,0,0,-0.8,1.6,0,-0.8,1.6,-0.361,-0.14,-0.25,-0.361,0.14,-0.25
25,0,0,0,1.946,0,0.4,0,0,0,1.7,0,0,0,-0.8,1.6,0,-0.8,1.6,-0.361,-0.14,-0.25,-0.361,0.14,-0.25
26,0,0,0,1.946,0,0.4,0,0,0,1.7,0,0,0,-0.8,1.6,0,-0.8,1.6,0,-0.8,1.6,0,-0.8,1.6
26,0,0,0,1.963,0,0.4,0,0,0,1.7,0,0,0,-0.8,1.6,0,-0.8,1.6,0,-0.8,1.6,0,-0.8,1.6
26,0,0,0,1.98,0,0.4,0,0,0,1.7,0,0,0,-0.8,1.6,0,-0.8,1.6,0,-0.8,1.6,0,-0.8,1.6
26,0,0,0,1.997,0,0.4,0,0,0,1.7,0,0,0,-0.8,1.6,0,-0.8,1.6,0,-0.8,1.6,0,-0.8,1.6
26,0,0,0,2.014,0,0.4,0,0,0,1.7,0,0,0,-0.8,1.6,0,-0.8,1.6,0,-0.8,1.6,0,-0.8,1.6
26,0,0,0,2.031,0,0.4,0,0,0,1.7,0,0,0,-0.8,1.6,0,-0.8,1.6,0,-0.8,1.6,0,-0.8,1.6
26,0,0,0,2.048,0,0.4,0,0,0,1.7,0,0,0,-0.8,1.6,0,-0.8,1.6,0,-0.8,1.6,0,-0.8,1.6
26,0,0,0,2.065,0,0.4,0,0,0,1.7,0,0,0,-0.8,1.6,0,-0.8,1.6,0,-0.8,1.6,0,-0.8,1.6
26,0,0,0,2.082,0,0.4,0,0,0,1.7,0,0,0,-0.8,1.6,0,-0.8,1.6,0,-0.8,1.6,0,-0.8,1.6
26,0,0,0,2.099,0,0.4,0,0,0,1.7,0,0,0,-0.8,1.6,0,-0.8,1.6,0,-0.8,1.6,0,-0.8,1.6
26,0,0,0,2.116,0,0.4,0,0,0,1.7,0,0,0,-0.8,1.6,0,-0.8,1.6,0,-0.8,1.6,0,-0.8,1.6
26,0,0,0,2.133,0,0.4,0,0,0,1.7,0,0,0,-0.8,1.6,0,-0.8,1.6,0,-0.8,1.6,0,-0.8,1.6
26,0,0,0,2.15,0,0.4,0,0,0,1.7,0,0,0,-0.8,1.6,0,-0.8,1.6,0,-0.8,1.6,0,-0.8,1.6
26,0,0,0,2.167,0,0.4,0,0,0,1.7,0,0,0,-0.8,1.6,0,-0.8,1.6,0,-0.8,1.6,0,-0.8,1.6
26,0,0,0,2.184,0,0.4,0,0,0,1.7,0,0,0,-0.8,1.6,0,-0.8,1.6,0,-0.8,1.6,0,-0.8,1.6
26,0,0,0,2.201,0,0.4,0,0,0,1.7,0,0,0,-0.8,1.6,0,-0.8,1.6,0,-0.8,1.6,0,-0.8,1.6
26,0,0,0,2.218,0,0.4,0,0,0,1.7,0,0,0,-0.8,1.6,0,-0.8,1.6,0,-0.8,1.6,0,-0.8,1.6
26,0,0,0,2.235,0,0.4,0,0,0,1.7,0,0,0,-0.8,1.6,0,-0.8,1.6,0,-0.8,1.6,0,-0.8,1.6
26,0,0,0,2.252,0,0.4,0,0,0,1.7,0,0,0,-0.8,1.6,0,-0.8,1.6,0,-0.8,1.6,0,-0.8,1.6
26,0,0,0,2.269,0,0.4,0,0,0,1.7,0,0,0,-0.8,1.6,0,-0.8,1.6,0,-0.8,1.6,0,-0.8,1.6
26,0,0,0,2.286,0,0.4,0,0,0,1.7,0,0,0,-0.8,1.6,0,-0.8,1.6,0,-0.8,1.6,0,-0.8,1.6
26,0,0,0,2.303,0,0.4,0,0,0,1.7,0,0,0,-0.8,1.6,0,-0.8,1.6,0,-0.8,1.6,0,-0.8,1.6
26,0,0,0,2.32,0,0.4,0,0,0,1.7,0,0,0,-0.8,1.6,0,-0.8,1.6,0,-0.8,1.6,0,-0.8,1.6
26,0,0,0,2.337,0,0.4,0,0,0,1.7,0,0,0,-0.8,1.6,0,-0.8,1.6,0,-0.8,1.6,0,-0.8,1.6
26,0,0,0,2.354,0,0.4,0,0,0,1.7,0,0,0,-0.8,1.6,0,-0.8,1.6,0,-0.8,1.6,0,-0.8,1.6
26,0,0,0,2.371,0,0.4,0,0,0,1.7,0,0,0,-0.8,1.6,0,-0.8,1.6,0,-0.8,1.6,0,-0.8,1.6
26,0,0,0,2.388,0,0.4,0,0,0,1.7,0,0,0,-0.8,1.6,0,-0.8,1.6,0,-0.8,1.6,0,-0.8,1.6
26,0,0,0,2.405,0,0.4,0,0,0,1.7,0,0,0,-0.8,1.6,0,-0.8,1.6,0,-0.8,1.6,0,-0.8,1.6
26,0,0,0,2.422,0,0.4,0,0,0,1.7,0,0,0,-0.8,1.6,0,-0.8,1.6,0,-0.8,1.6,0,-0.8,1.6
26,0,0,0,2.439,0,0.25,0,0,0,1.7,0,0,0,-0.8,1.6,0,-0.8,1.6,0,-0.8,1.6,0,-0.8,1.6
26,0,0,0,2.456,0,0.27,0,0,0,0.3,0,0,0,-0.8,1.6,0,-0.8,1.6,0,-0.8,1.6,0,-0.8,1.6
27,0,0,0,2.456,0,0.27,0,0,0,0.3,0,0,0.2097,-0.1,-0.27,0.2097,0.1,-0.27,-0.1533,-0.11,-0.27,-0.1533,0.1,-0.27
27,0,0,0,2.459,0,0.27,0,0,0,0.3,0,0,0.2067,-0.1,-0.27,0.2067,0.1,-0.27,-0.1563,-0.11,-0.27,-0.1563,0.1,-0.27
27,0,0,0,2.462,0,0.27,0,0,0,0.3,0,0,0.2037,-0.1,-0.27,0.2037,0.1,-0.27,-0.1593,-0.11,-0.27,-0.1593,0.1,-0.27
27,0,0,0,2.465,0,0.27,0,0,0,0.3,0,0,0.2007,-0.1,-0.27,0.2007,0.1,-0.27,-0.1623,-0.11,-0.27,-0.1623,0.1,-0.27
27,0,0,0,2.468,0,0.27,0,0,0,0.3,0,0,0.1977,-0.1,-0.27,0.1977,0.1,-0.27,-0.1653,-0.11,-0.27,-0.1653,0.1,-0.27
27,0,0,0,2.471,0,0.27,0,0,0,0.3,0,0,0.1947,-0.1,-0.27,0.1947,0.1,-0.27,-0.1683,-0.11,-0.27,-0.1683,0.1,-0.27
27,0,0,0,2.474,0,0.27,0,0,0,0.3,0,0,0.1917,-0.1,-0.27,0.1917,0.1,-0.27,-0.1713,-0.11,-0.27,-0.1713,0.1,-0.27
27,0,0,0,2.477,0,0.27,0,0,0,0.3,0,0,0.1887,-0.1,-0.27,0.1887,0.1,-0.27,-0.1743,-0.11,-0.27,-0.1743,0.1,-0.27
27,0,0,0,2.48,0,0.27,0,0,0,0.3,0,0,0.1857,-0.1,-0.27,0.1857,0.1,-0.27,-0.1773,-0.11,-0.27,-0.1773,0.1,-0.27
27,0,0,0,2.483,0,0.27,0,0,0,0.3,0,0,0.1827,-0.1,-0.27,0.1827,0.1,-0.27,-0.1803,-0.11,-0.27,-0.1803,0.1,-0.27
27,0,0,0,2.486,0,0.27,0,0,0,0.3,0,0,0.1797,-0.1,-0.27,0.1797,0.1,-0.27,-0.1833,-0.11,-0.27,-0.1833,0.1,-0.27
27,0,0,0,2.489,0,0.27,0,0,0,0.3,0,0,0.1767,-0.1,-0.27,0.1767,0.1,-0.27,-0.1863,-0.11,-0.27,-0.1863,0.1,-0.27
27,0,0,0,2.492,0,0.27,0,0,0,0.7,0,0,0.1767,-0.1,-0.27,0.1767,0.1,-0.27,-0.1863,-0.11,-0.27,-0.1863,0.1,-0.27
28,0,0,0,2.492,0,0.27,0,0,0,0.7,0,0,0,-0.8,1.6,0,-0.8,1.6,-0.1893,-0.11,-0.27,-0.1893,0.1,-0.27
28,0,0,0,2.499,0,0.27,0,0,0,0.7,0,0,0,-0.8,1.6,0,-0.8,1.6,-0.1963,-0.11,-0.27,-0.1963,0.1,-0.27
28,0,0,0,2.506,0,0.27,0,0,0,0.7,0,0,0,-0.8,1.6,0,-0.8,1.6,-0.2033,-0.11,-0.27,-0.2033,0.1,-0.27
28,0,0,0,2.513,0,0.27,0,0,0,0.7,0,0,0,-0.8,1.6,0,-0.8,1.6,-0.2103,-0.11,-0.27,-0.2103,0.1,-0.27
28,0,0,0,2.52,0,0.27,0,0,0,0.7,0,0,0,-0.8,1.6,0,-0.8,1.6,-0.2173,-0.11,-0.27,-0.2173,0.1,-0.27
28,0,0,0,2.527,0,0.27,0,0,0,0.7,0,0,0,-0.8,1.6,0,-0.8,1.6,-0.2243,-0.11,-0.27,-0.2243,0.1,-0.27
28,0,0,0,2.534,0,0.27,0,0,0,0.7,0,0,0,-0.8,1.6,0,-0.8,1.6,-0.2313,-0.11,-0.27,-0.2313,0.1,-0.27
28,0,0,0,2.541,0,0.27,0,0,0,0.7,0,0,0,-0.8,1.6,0,-0.8,1.6,-0.2383,-0.11,-0.27,-0.2383,0.1,-0.27
28,0,0,0,2.548,0,0.27,0,0,0,0.7,0,0,0,-0.8,1.6,0,-0.8,1.6,-0.2453,-0.11,-0.27,-0.2453,0.1,-0.27
28,0,0,0,2.555,0,0.27,0,0,0,0.7,0,0,0,-0.8,1.6,0,-0.8,1.6,-0.2523,-0.11,-0.27,-0.2523,0.1,-0.27
28,0,0,0,2.562,0,0.27,0,0,0,0.7,0,0,0,-0.8,1.6,0,-0.8,1.6,-0.2593,-0.11,-0.27,-0.2593,0.1,-0.27
28,0,0,0,2.569,0,0.27,0,0,0,0.7,0,0,0,-0.8,1.6,0,-0.8,1.6,-0.2663,-0.11,-0.27,-0.2663,0.1,-0.27
28,0,0,0,2.576,0,0.27,0,0,0,0.7,0,0,0,-0.8,1.6,0,-0.8,1.6,-0.2733,-0.11,-0.27,-0.2733,0.1,-0.27
28,0,0,0,2.583,0,0.27,0,0,0,0.7,0,0,0,-0.8,1.6,0,-0.8,1.6,-0.2803,-0.11,-0.27,-0.2803,0.1,-0.27
28,0,0,0,2.59,0,0.27,0,0,0,0.7,0,0,0,-0.8,1.6,0,-0.8,1.6,-0.2873,-0.11,-0.27,-0.2873,0.1,-0.27
28,0,0,0,2.597,0,0.27,0,0,0,0.7,0,0,0,-0.8,1.6,0,-0.8,1.6,-0.2943,-0.11,-0.27,-0.2943,0.1,-0.27
28,0,0,0,2.604,0,0.27,0,0,0,0.7,0,0,0,-0.8,1.6,0,-0.8,1.6,-0.2943,-0.11,-0.27,-0.2943,0.1,-0.27
29,0,0,0,2.604,0,0.27,0,0,0,0.7,0,0,0,-0.8,1.6,0,-0.8,1.6,0,-0.8,1.6,0,-0.8,1.6
29,0,0,0,2.611,0,0.27,0,0,0,0.7,0,0,0,-0.8,1.6,0,-0.8,1.6,0,-0.8,1.6,0,-0.8,1.6
29,0,0,0,2.618,0,0.27,0,0,0,0.7,0,0,0,-0.8,1.6,0,-0.8,1.6,0,-0.8,1.6,0,-0.8,1.6
29,0,0,0,2.625,0,0.27,0,0,0,0.7,0,0,0,-0.8,1.6,0,-0.8,1.6,0,-0.8,1.6,0,-0.8,1.6
29,0,0,0,2.632,0,0.27,0,0,0,0.7,0,0,0,-0.8,1.6,0,-0.8,1.6,0,-0.8,1.6,0,-0.8,1.6
30,0,0,0,2.632,0,0.27,0,0,0,0.7,0,0,0.242,-0.05,-0.27,0.242,0.05,-0.27,0,-0.8,1.6,0,-0.8,1.6
30,0,0,0,2.639,0,0.27,0,0,0,0.7,0,0,0.235,-0.05,-0.27,0.235,0.05,-0.27,0,-0.8,1.6,0,-0.8,1.6
30,0,0,0,2.646,0,0.27,0,0,0,0.7,0,0,0.228,-0.05,-0.27,0.228,0.05,-0.27,0,-0.8,1.6,0,-0.8,1.6
30,0,0,0,2.653,0,0.27,0,0,0,0.7,0,0,0.221,-0.05,-0.27,0.221,0.05,-0.27,0,-0.8,1.6,0,-0.8,1.6
30,0,0,0,2.66,0,0.27,0,0,0,0.7,0,0,0.214,-0.05,-0.27,0.214,0.05,-0.27,0,-0.8,1.6,0,-0.8,1.6
30,0,0,0,2.667,0,0.27,0,0,0,0.7,0,0,0.207,-0.05,-0.27,0.207,0.05,-0.27,0,-0.8,1.6,0,-0.8,1.6
30,0,0,0,2.674,0,0.27,0,0,0,0.7,0,0,0.2,-0.05,-0.27,0.2,0.05,-0.27,0,-0.8,1.6,0,-0.8,1.6
30,0,0,0,2.681,0,0.27,0,0,0,0.7,0,0,0.193,-0.05,-0.27,0.193,0.05,-0.27,0,-0.8,1.6,0,-0.8,1.6
30,0,0,0,2.688,0,0.27,0,0,0,0.7,0,0,0.186,-0.05,-0.27,0.186,0.05,-0.27,0,-0.8,1.6,0,-0.8,1.6
30,0,0,0,2.695,0,0.27,0,0,0,0.7,0,0,0.179,-0.05,-0.27,0.179,0.05,-0.27,0,-0.8,1.6,0,-0.8,1.6
30,0,0,0,2.702,0,0.27,0,0,0,0.7,0,0,0.172,-0.05,-0.27,0.172,0.05,-0.27,0,-0.8,1.6,0,-0.8,1.6
30,0,0,0,2.709,0,0.27,0,0,0,0.7,0,0,0.165,-0.05,-0.27,0.165,0.05,-0.27,0,-0.8,1.6,0,-0.8,1.6
30,0,0,0,2.716,0,0.27,0,0,0,0.7,0,0,0.158,-0.05,-0.27,0.158,0.05,-0.27,0,-0.8,1.6,0,-0.8,1.6
30,0,0,0,2.723,0,0.27,0,0,0,0.7,0,0,0.151,-0.05,-0.27,0.151,0.05,-0.27,0,-0.8,1.6,0,-0.8,1.6
30,0,0,0,2.73,0,0.27,0,0,0,0.7,0,0,0.144,-0.05,-0.27,0.144,0.05,-0.27,0,-0.8,1.6,0,-0.8,1.6
30,0,0,0,2.737,0,0.27,0,0,0,0.7,0,0,0.137,-0.05,-0.27,0.137,0.05,-0.27,0,-0.8,1.6,0,-0.8,1.6
30,0,0,0,2.744,0,0.27,0,0,0,0.7,0,0,0.137,-0.05,-0.27,0.137,0.05,-0.27,0,-0.8,1.6,0,-0.8,1.6
31,0,0,0,2.744,0,0.27,0,0,0,0.7,0,0,0,-0.8,1.6,0,-0.8,1.6,0,-0.8,1.6,0,-0.8,1.6
31,0,0,0,2.751,0,0.27,0,0,0,0.7,0,0,0,-0.8,1.6,0,-0.8,1.6,0,-0.8,1.6,0,-0.8,1.6
31,0,0,0,2.758,0,0.27,0,0,0,0.7,0,0,0,-0.8,1.6,0,-0.8,1.6,0,-0.8,1.6,0,-0.8,1.6
31,0,0,0,2.765,0,0.27,0,0,0,0.7,0,0,0,-0.8,1.6,0,-0.8,1.6,0,-0.8,1.6,0,-0.8,1.6
31,0,0,0,2.772,0,0.27,0,0,0,0.7,0,0,0,-0.8,1.6,0,-0.8,1.6,0,-0.8,1.6,0,-0.8,1.6
32,0,0,0,2.772,0,0.27,0,0,0,0.7,0,0,0,-0.8,1.6,0,-0.8,1.6,-0.141,-0.14,-0.27,-0.141,0.14,-0.27
32,0,0,0,2.779,0,0.27,0,0,0,0.7,0,0,0,-0.8,1.6,0,-0.8,1.6,-0.148,-0.14,-0.27,-0.148,0.14,-0.27
32,0,0,0,2.786,0,0.27,0,0,0,0.7,0,0,0,-0.8,1.6,0,-0.8,1.6,-0.155,-0.14,-0.27,-0.155,0.14,-0.27
32,0,0,0,2.793,0,0.27,0,0,0,0.7,0,0,0,-0.8,1.6,0,-0.8,1.6,-0.162,-0.14,-0.27,-0.162,0.14,-0.27
32,0,0,0,2.8,0,0.27,0,0,0,0.7,0,0,0,-0.8,1.6,0,-0.8,1.6,-0.169,-0.14,-0.27,-0.169,0.14,-0.27
32,0,0,0,2.807,0,0.27,0,0,0,0.7,0,0,0,-0.8,1.6,0,-0.8,1.6,-0.176,-0.14,-0.27,-0.176,0.14,-0.27
32,0,0,0,2.814,0,0.27,0,0,0,0.7,0,0,0,-0.8,1.6,0,-0.8,1.6,-0.183,-0.14,-0.27,-0.183,0.14,-0.27
32,0,0,0,2.821,0,0.27,0,0,0,0.7,0,0,0,-0.8,1.6,0,-0.8,1.6,-0.19,-0.14,-0.27,-0.19,0.14,-0.27
32,0,0,0,2.828,0,0.27,0,0,0,0.7,0,0,0,-0.8,1.6,0,-0.8,1.6,-0.197,-0.14,-0.27,-0.197,0.14,-0.27
32,0,0,0,2.835,0,0.27,0,0,0,0.7,0,0,0,-0.8,1.6,0,-0.8,1.6,-0.204,-0.14,-0.27,-0.204,0.14,-0.27
32,0,0,0,2.842,0,0.27,0,0,0,0.7,0,0,0,-0.8,1.6,0,-0.8,1.6,-0.211,-0.14,-0.27,-0.211,0.14,-0.27
32,0,0,0,2.849,0,0.27,0,0,0,0.7,0,0,0,-0.8,1.6,0,-0.8,1.6,-0.218,-0.14,-0.27,-0.218,0.14,-0.27
32,0,0,0,2.856,0,0.27,0,0,0,0.7,0,0,0,-0.8,1.6,0,-0.8,1.6,-0.225,-0.14,-0.27,-0.225,0.14,-0.27
32,0,0,0,2.863,0,0.27,0,0,0,0.7,0,0,0,-0.8,1.6,0,-0.8,1.6,-0.232,-0.14,-0.27,-0.232,0.14,-0.27
32,0,0,0,2.87,0,0.27,0,0,0,0.7,0,0,0,-0.8,1.6,0,-0.8,1.6,-0.239,-0.14,-0.27,-0.239,0.14,-0.27
32,0,0,0,2.877,0,0.27,0,0,0,0.7,0,0,0,-0.8,1.6,0,-0.8,1.6,-0.246,-0.14,-0.27,-0.246,0.14,-0.27
32,0,0,0,2.884,0,0.27,0,0,0,0.7,0,0,0,-0.8,1.6,0,-0.8,1.6,-0.246,-0.14,-0.27,-0.246,0.14,-0.27
33,0,0,0,2.884,0,0.27,0,0,0,0.7,0,0,0,-0.8,1.6,0,-0.8,1.6,0,-0.8,1.6,0,-0.8,1.6
33,0,0,0,2.891,0,0.27,0,0,0,0.7,0,0,0,-0.8,1.6,0,-0.8,1.6,0,-0.8,1.6,0,-0.8,1.6
33,0,0,0,2.898,0,0.27,0,0,0,0.7,0,0,0,-0.8,1.6,0,-0.8,1.6,0,-0.8,1.6,0,-0.8,1.6
33,0,0,0,2.905,0,0.27,0,0,0,0.7,0,0,0,-0.8,1.6,0,-0.8,1.6,0,-0.8,1.6,0,-0.8,1.6
33,0,0,0,2.912,0,0.27,0,0,0,0.7,0,0,0,-0.8,1.6,0,-0.8,1.6,0,-0.8,1.6,0,-0.8,1.6
34,0,0,0,2.912,0,0.27,0,0,0,0.7,0,0,0.242,-0.05,-0.27,0.242,0.05,-0.27,0,-0.8,1.6,0,-0.8,1.6
34,0,0,0,2.919,0,0.27,0,0,0,0.7,0,0,0.235,-0.05,-0.27,0.235,0.05,-0.27,0,-0.8,1.6,0,-0.8,1.6
34,0,0,0,2.926,0,0.27,0,0,0,0.7,0,0,0.228,-0.05,-0.27,0.228,0.05,-0.27,0,-0.8,1.6,0,-0.8,1.6
34,0,0,0,2.933,0,0.27,0,0,0,0.7,0,0,0.221,-0.05,-0.27,0.221,0.05,-0.27,0,-0.8,1.6,0,-0.8,1.6
34,0,0,0,2.94,0,0.27,0,0,0,0.7,0,0,0.214,-0.05,-0.27,0.214,0.05,-0.27,0,-0.8,1.6,0,-0.8,1.6
34,0,0,0,2.947,0,0.27,0,0,0,0.7,0,0,0.207,-0.05,-0.27,0.207,0.05,-0.27,0,-0.8,1.6,0,-0.8,1.6
34,0,0,0,2.954,0,0.27,0,0,0,0.7,0,0,0.2,-0.05,-0.27,0.2,0.05,-0.27,0,-0.8,1.6,0,-0.8,1.6
34,0,0,0,2.961,0,0.27,0,0,0,0.7,0,0,0.193,-0.05,-0.27,0.193,0.05,-0.27,0,-0.8,1.6,0,-0.8,1.6
34,0,0,0,2.968,0,0.27,0,0,0,0.7,0,0,0.186,-0.05,-0.27,0.186,0.05,-0.27,0,-0.8,1.6,0,-0.8,1.6
34,0,0,0,2.975,0,0.27,0,0,0,0.7,0,0,0.179,-0.05,-0.27,0.179,0.05,-0.27,0,-0.8,1.6,0,-0.8,1.6
34,0,0,0,2.982,0,0.27,0,0,0,0.7,0,0,0.172,-0.05,-0.27,0.172,0.05,-0.27,0,-0.8,1.6,0,-0.8,1.6
34,0,0,0,2.989,0,0.27,0,0,0,0.7,0,0,0.165,-0.05,-0.27,0.165,0.05,-0.27,0,-0.8,1.6,0,-0.8,1.6
34,0,0,0,2.996,0,0.27,0,0,0,0.7,0,0,0.158,-0.05,-0.27,0.158,0.05,-0.27,0,-0.8,1.6,0,-0.8,1.6
34,0,0,0,3.003,0,0.27,0,0,0,0.7,0,0,0.151,-0.05,-0.27,0.151,0.05,-0.27,0,-0.8,1.6,0,-0.8,1.6
34,0,0,0,3.01,0,0.27,0,0,0,0.7,0,0,0.144,-0.05,-0.27,0.144,0.05,-0.27,0,-0.8,1.6,0,-0.8,1.6
34,0,0,0,3.017,0,0.27,0,0,0,0.7,0,0,0.137,-0.05,-0.27,0.137,0.05,-0.27,0,-0.8,1.6,0,-0.8,1.6
34,0,0,0,3.024,0,0.27,0,0,0,0.7,0,0,0.137,-0.05,-0.27,0.137,0.05,-0.27,0,-0.8,1.6,0,-0.8,1.6
35,0,0,0,3.024,0,0.27,0,0,0,0.7,0,0,0,-0.8,1.6,0,-0.8,1.6,0,-0.8,1.6,0,-0.8,1.6
35,0,0,0,3.031,0,0.27,0,0,0,0.7,0,0,0,-0.8,1.6,0,-0.8,1.6,0,-0.8,1.6,0,-0.8,1.6
35,0,0,0,3.038,0,0.27,0,0,0,0.7,0,0,0,-0.8,1.6,0,-0.8,1.6,0,-0.8,1.6,0,-0.8,1.6
35,0,0,0,3.045,0,0.27,0,0,0,0.7,0,0,0,-0.8,1.6,0,-0.8,1.6,0,-0.8,1.6,0,-0.8,1.6
35,0,0,0,3.052,0,0.27,0,0,0,0.7,0,0,0,-0.8,1.6,0,-0.8,1.6,0,-0.8,1.6,0,-0.8,1.6
36,0,0,0,3.052,0,0.27,0,0,0,0.7,0,0,0,-0.8,1.6,0,-0.8,1.6,-0.141,-0.14,-0.27,-0.141,0.14,-0.27
36,0,0,0,3.059,0,0.27,0,0,0,0.7,0,0,0,-0.8,1.6,0,-0.8,1.6,-0.148,-0.14,-0.27,-0.148,0.14,-0.27
36,0,0,0,3.066,0,0.27,0,0,0,0.7,0,0,0,-0.8,1.6,0,-0.8,1.6,-0.155,-0.14,-0.27,-0.155,0.14,-0.27
36,0,0,0,3.073,0,0.27,0,0,0,0.7,0,0,0,-0.8,1.6,0,-0.8,1.6,-0.162,-0.14,-0.27,-0.162,0.14,-0.27
36,0,0,0,3.08,0,0.27,0,0,0,0.7,0,0,0,-0.8,1.6,0,-0.8,1.6,-0.169,-0.14,-0.27,-0.169,0.14,-0.27
36,0,0,0,3.087,0,0.27,0,0,0,0.7,0,0,0,-0.8,1.6,0,-0.8,1.6,-0.176,-0.14,-0.27,-0.176,0.14,-0.27
36,0,0,0,3.094,0,0.27,0,0,0,0.7,0,0,0,-0.8,1.6,0,-0.8,1.6,-0.183,-0.14,-0.27,-0.183,0.14,-0.27
36,0,0,0,3.101,0,0.27,0,0,0,0.7,0,0,0,-0.8,1.6,0,-0.8,1.6,-0.19,-0.14,-0.27,-0.19,0.14,-0.27
36,0,0,0,3.108,0,0.27,0,0,0,0.7,0,0,0,-0.8,1.6,0,-0.8,1.6,-0.197,-0.14,-0.27,-0.197,0.14,-0.27
36,0,0,0,3.115,0,0.27,0,0,0,0.7,0,0,0,-0.8,1.6,0,-0.8,1.6,-0.204,-0.14,-0.27,-0.204,0.14,-0.27
36,0,0,0,3.122,0,0.27,0,0,0,0.7,0,0,0,-0.8,1.6,0,-0.8,1.6,-0.211,-0.14,-0.27,-0.211,0.14,-0.27
36,0,0,0,3.129,0,0.27,0,0,0,0.7,0,0,0,-0.8,1.6,0,-0.8,1.6,-0.218,-0.14,-0.27,-0.218,0.14,-0.27
36,0,0,0,3.136,0,0.27,0,0,0,0.7,0,0,0,-0.8,1.6,0,-0.8,1.6,-0.225,-0.14,-0.27,-0.225,0.14,-0.27
36,0,0,0,3.143,0,0.27,0,0,0,0.7,0,0,0,-0.8,1.6,0,-0.8,1.6,-0.232,-0.14,-0.27,-0.232,0.14,-0.27
36,0,0,0,3.15,0,0.27,0,0,0,0.7,0,0,0,-0.8,1.6,0,-0.8,1.6,-0.239,-0.14,-0.27,-0.239,0.14,-0.27
36,0,0,0,3.157,0,0.27,0,0,0,0.7,0,0,0,-0.8,1.6,0,-0.8,1.6,-0.239,-0.14,-0.27,-0.239,0.14,-0.27
37,0,0,0,3.157,0,0.27,0,0,0,0.7,0,0,0,-0.8,1.6,0,-0.8,1.6,0,-0.8,1.6,0,-0.8,1.6
37,0,0,0,3.164,0,0.27,0,0,0,0.7,0,0,0,-0.8,1.6,0,-0.8,1.6,0,-0.8,1.6,0,-0.8,1.6
37,0,0,0,3.171,0,0.27,0,0,0,0.7,0,0,0,-0.8,1.6,0,-0.8,1.6,0,-0.8,1.6,0,-0.8,1.6
37,0,0,0,3.178,0,0.27,0,0,0,0.7,0,0,0,-0.8,1.6,0,-0.8,1.6,0,-0.8,1.6,0,-0.8,1.6
37,0,0,0,3.185,0,0.27,0,0,0,0.7,0,0,0,-0.8,1.6,0,-0.8,1.6,0,-0.8,1.6,0,-0.8,1.6
38,0,0,0,3.185,0,0.27,0,0,0,0.7,0,0,0.242,-0.05,-0.27,0.242,0.05,-0.27,0,-0.8,1.6,0,-0.8,1.6
38,0,0,0,3.192,0,0.27,0,0,0,0.7,0,0,0.235,-0.05,-0.27,0.235,0.05,-0.27,0,-0.8,1.6,0,-0.8,1.6
38,0,0,0,3.199,0,0.27,0,0,0,0.7,0,0,0.228,-0.05,-0.27,0.228,0.05,-0.27,0,-0.8,1.6,0,-0.8,1.6
38,0,0,0,3.206,0,0.27,0,0,0,0.7,0,0,0.221,-0.05,-0.27,0.221,0.05,-0.27,0,-0.8,1.6,0,-0.8,1.6
38,0,0,0,3.213,0,0.27,0,0,0,0.7,0,0,0.214,-0.05,-0.27,0.214,0.05,-0.27,0,-0.8,1.6,0,-0.8,1.6
38,0,0,0,3.22,0,0.27,0,0,0,0.7,0,0,0.207,-0.05,-0.27,0.207,0.05,-0.27,0,-0.8,1.6,0,-0.8,1.6
38,0,0,0,3.227,0,0.27,0,0,0,0.7,0,0,0.2,-0.05,-0.27,0.2,0.05,-0.27,0,-0.8,1.6,0,-0.8,1.6
38,0,0,0,3.234,0,0.27,0,0,0,0.7,0,0,0.193,-0.05,-0.27,0.193,0.05,-0.27,0,-0.8,1.6,0,-0.8,1.6
38,0,0,0,3.241,0,0.27,0,0,0,0.7,0,0,0.186,-0.05,-0.27,0.186,0.05,-0.27,0,-0.8,1.6,0,-0.8,1.6
38,0,0,0,3.248,0,0.27,0,0,0,0.7,0,0,0.179,-0.05,-0.27,0.179,0.05,-0.27,0,-0.8,1.6,0,-0.8,1.6
38,0,0,0,3.255,0,0.27,0,0,0,0.7,0,0,0.172,-0.05,-0.27,0.172,0.05,-0.27,0,-0.8,1.6,0,-0.8,1.6
38,0,0,0,3.262,0,0.27,0,0,0,0.7,0,0,0.165,-0.05,-0.27,0.165,0.05,-0.27,0,-0.8,1.6,0,-0.8,1.6
38,0,0,0,3.269,0,0.27,0,0,0,0.7,0,0,0.158,-0.05,-0.27,0.158,0.05,-0.27,0,-0.8,1.6,0,-0.8,1.6
38,0,0,0,3.276,0,0.27,0,0,0,0.7,0,0,0.151,-0.05,-0.27,0.151,0.05,-0.27,0,-0.8,1.6,0,-0.8,1.6
38,0,0,0,3.283,0,0.27,0,0,0,0.7,0,0,0.144,-0.05,-0.27,0.144,0.05,-0.27,0,-0.8,1.6,0,-0.8,1.6
38,0,0,0,3.29,0,0.27,0,0,0,0.7,0,0,0.137,-0.05,-0.27,0.137,0.05,-0.27,0,-0.8,1.6,0,-0.8,1.6
38,0,0,0,3.297,0,0.27,0,0,0,0.7,0,0,0.137,-0.05,-0.27,0.137,0.05,-0.27,0,-0.8,1.6,0,-0.8,1.6
39,0,0,0,3.297,0,0.27,0,0,0,0.7,0,0,0,-0.8,1.6,0,-0.8,1.6,0,-0.8,1.6,0,-0.8,1.6
39,0,0,0,3.304,0,0.27,0,0,0,0.7,0,0,0,-0.8,1.6,0,-0.8,1.6,0,-0.8,1.6,0,-0.8,1.6
39,0,0,0,3.311,0,0.27,0,0,0,0.7,0,0,0,-0.8,1.6,0,-0.8,1.6,0,-0.8,1.6,0,-0.8,1.6
39,0,0,0,3.318,0,0.27,0,0,0,0.7,0,0,0,-0.8,1.6,0,-0.8,1.6,0,-0.8,1.6,0,-0.8,1.6
39,0,0,0,3.325,0,0.27,0,0,0,0.7,0,0,0,-0.8,1.6,0,-0.8,1.6,0,-0.8,1.6,0,-0.8,1.6
40,0,0,0,3.325,0,0.27,0,0,0,0.7,0,0,0,-0.8,1.6,0,-0.8,1.6,-0.141,-0.14,-0.27,-0.141,0.14,-0.27
40,0,0,0,3.332,0,0.27,0,0,0,0.7,0,0,0,-0.8,1.6,0,-0.8,1.6,-0.148,-0.14,-0.27,-0.148,0.14,-0.27
40,0,0,0,3.339,0,0.27,0,0,0,0.7,0,0,0,-0.8,1.6,0,-0.8,1.6,-0.155,-0.14,-0.27,-0.155,0.14,-0.27
40,0,0,0,3.346,0,0.27,0,0,0,0.7,0,0,0,-0.8,1.6,0,-0.8,1.6,-0.162,-0.14,-0.27,-0.162,0.14,-0.27
40,0,0,0,3.353,0,0.27,0,0,0,0.7,0,0,0,-0.8,1.6,0,-0.8,1.6,-0.169,-0.14,-0.27,-0.169,0.14,-0.27
40,0,0,0,3.36,0,0.27,0,0,0,0.7,0,0,0,-0.8,1.6,0,-0.8,1.6,-0.176,-0.14,-0.27,-0.176,0.14,-0.27
40,0,0,0,3.367,0,0.27,0,0,0,0.7,0,0,0,-0.8,1.6,0,-0.8,1.6,-0.183,-0.14,-0.27,-0.183,0.14,-0.27
40,0,0,0,3.374,0,0.27,0,0,0,0.7,0,0,0,-0.8,1.6,0,-0.8,1.6,-0.19,-0.14,-0.27,-0.19,0.14,-0.27
40,0,0,0,3.381,0,0.27,0,0,0,0.7,0,0,0,-0.8,1.6,0,-0.8,1.6,-0.197,-0.14,-0.27,-0.197,0.14,-0.27
40,0,0,0,3.388,0,0.27,0,0,0,0.7,0,0,0,-0.8,1.6,0,-0.8,1.6,-0.204,-0.14,-0.27,-0.204,0.14,-0.27
40,0,0,0,3.395,0,0.27,0,0,0,0.7,0,0,0,-0.8,1.6,0,-0.8,1.6,-0.211,-0.14,-0.27,-0.211,0.14,-0.27
40,0,0,0,3.402,0,0.27,0,0,0,0.7,0,0,0,-0.8,1.6,0,-0.8,1.6,-0.218,-0.14,-0.27,-0.218,0.14,-0.27
40,0,0,0,3.409,0,0.27,0,0,0,0.7,0,0,0,-0.8,1.6,0,-0.8,1.6,-0.225,-0.14,-0.27,-0.225,0.14,-0.27
40,0,0,0,3.416,0,0.27,0,0,0,0.7,0,0,0,-0.8,1.6,0,-0.8,1.6,-0.232,-0.14,-0.27,-0.232,0.14,-0.27
40,0,0,0,3.423,0,0.27,0,0,0,0.7,0,0,0,-0.8,1.6,0,-0.8,1.6,-0.239,-0.14,-0.27,-0.239,0.14,-0.27
40,0,0,0,3.43,0,0.27,0,0,0,0.7,0,0,0,-0.8,1.6,0,-0.8,1.6,-0.246,-0.14,-0.27,-0.246,0.14,-0.27
40,0,0,0,3.437,0,0.27,0,0,0,0.7,0,0,0,-0.8,1.6,0,-0.8,1.6,-0.253,-0.14,-0.27,-0.253,0.14,-0.27
40,0,0,0,3.444,0,0.27,0,0,0,0.7,0,0,0,-0.8,1.6,0,-0.8,1.6,-0.253,-0.14,-0.27,-0.253,0.14,-0.27
41,0,0,0,3.444,0,0.27,0,0,0,0.7,0,0,0,-0.8,1.6,0,-0.8,1.6,0,-0.8,1.6,0,-0.8,1.6
41,0,0,0,3.451,0,0.27,0,0,0,0.7,0,0,0,-0.8,1.6,0,-0.8,1.6,0,-0.8,1.6,0,-0.8,1.6
41,0,0,0,3.458,0,0.27,0,0,0,0.7,0,0,0,-0.8,1.6,0,-0.8,1.6,0,-0.8,1.6,0,-0.8,1.6
41,0,0,0,3.465,0,0.27,0,0,0,0.7,0,0,0,-0.8,1.6,0,-0.8,1.6,0,-0.8,1.6,0,-0.8,1.6
41,0,0,0,3.472,0,0.27,0,0,0,0.7,0,0,0,-0.8,1.6,0,-0.8,1.6,0,-0.8,1.6,0,-0.8,1.6
42,0,0,0,3.472,0,0.27,0,0,0,0.7,0,0,0.242,-0.05,-0.27,0.242,0.05,-0.27,0,-0.8,1.6,0,-0.8,1.6
42,0,0,0,3.479,0,0.27,0,0,0,0.7,0,0,0.235,-0.05,-0.27,0.235,0.05,-0.27,0,-0.8,1.6,0,-0.8,1.6
42,0,0,0,3.486,0,0.27,0,0,0,0.7,0,0,0.228,-0.05,-0.27,0.228,0.05,-0.27,0,-0.8,1.6,0,-0.8,1.6
42,0,0,0,3.493,0,0.27,0,0,0,0.7,0,0,0.221,-0.05,-0.27,0.221,0.05,-0.27,0,-0.8,1.6,0,-0.8,1.6
42,0,0,0,3.5,0,0.27,0,0,0,0.7,0,0,0.214,-0.05,-0.27,0.214,0.05,-0.27,0,-0.8,1.6,0,-0.8,1.6
42,0,0,0,3.507,0,0.27,0,0,0,0.7,0,0,0.207,-0.05,-0.27,0.207,0.05,-0.27,0,-0.8,1.6,0,-0.8,1.6
42,0,0,0,3.514,0,0.27,0,0,0,0.7,0,0,0.2,-0.05,-0.27,0.2,0.05,-0.27,0,-0.8,1.6,0,-0.8,1.6
42,0,0,0,3.521,0,0.27,0,0,0,0.7,0,0,0.193,-0.05,-0.27,0.193,0.05,-0.27,0,-0.8,1.6,0,-0.8,1.6
42,0,0,0,3.528,0,0.27,0,0,0,0.7,0,0,0.186,-0.05,-0.27,0.186,0.05,-0.27,0,-0.8,1.6,0,-0.8,1.6
42,0,0,0,3.535,0,0.27,0,0,0,0.7,0,0,0.179,-0.05,-0.27,0.179,0.05,-0.27,0,-0.8,1.6,0,-0.8,1.6
42,0,0,0,3.542,0,0.27,0,0,0,0.7,0,0,0.172,-0.05,-0.27,0.172,0.05,-0.27,0,-0.8,1.6,0,-0.8,1.6
42,0,0,0,3.549,0,0.27,0,0,0,0.7,0,0,0.165,-0.05,-0.27,0.165,0.05,-0.27,0,-0.8,1.6,0,-0.8,1.6
42,0,0,0,3.556,0,0.27,0,0,0,0.7,0,0,0.158,-0.05,-0.27,0.158,0.05,-0.27,0,-0.8,1.6,0,-0.8,1.6
42,0,0,0,3.563,0,0.27,0,0,0,0.7,0,0,0.151,-0.05,-0.27,0.151,0.05,-0.27,0,-0.8,1.6,0,-0.8,1.6
42,0,0,0,3.57,0,0.27,0,0,0,0.7,0,0,0.144,-0.05,-0.27,0.144,0.05,-0.27,0,-0.8,1.6,0,-0.8,1.6
42,0,0,0,3.577,0,0.27,0,0,0,0.7,0,0,0.137,-0.05,-0.27,0.137,0.05,-0.27,0,-0.8,1.6,0,-0.8,1.6
42,0,0,0,3.584,0,0.27,0,0,0,0.7,0,0,0.137,-0.05,-0.27,0.137,0.05,-0.27,0,-0.8,1.6,0,-0.8,1.6
43,0,0,0,3.584,0,0.27,0,0,0,0.7,0,0,0,-0.8,1.6,0,-0.8,1.6,0,-0.8,1.6,0,-0.8,1.6
43,0,0,0,3.591,0,0.27,0,0,0,0.7,0,0,0,-0.8,1.6,0,-0.8,1.6,0,-0.8,1.6,0,-0.8,1.6
43,0,0,0,3.598,0,0.27,0,0,0,0.7,0,0,0,-0.8,1.6,0,-0.8,1.6,0,-0.8,1.6,0,-0.8,1.6
43,0,0,0,3.605,0,0.27,0,0,0,0.7,0,0,0,-0.8,1.6,0,-0.8,1.6,0,-0.8,1.6,0,-0.8,1.6
43,0,0,0,3.612,0,0.27,0,0,0,0.7,0,0,0,-0.8,1.6,0,-0.8,1.6,0,-0.8,1.6,0,-0.8,1.6
44,0,0,0,3.612,0,0.27,0,0,0,0.7,0,0,0,-0.8,1.6,0,-0.8,1.6,-0.141,-0.14,-0.27,-0.141,0.14,-0.27
44,0,0,0,3.619,0,0.27,0,0,0,0.7,0,0,0,-0.8,1.6,0,-0.8,1.6,-0.148,-0.14,-0.27,-0.148,0.14,-0.27
44,0,0,0,3.626,0,0.27,0,0,0,0.7,0,0,0,-0.8,1.6,0,-0.8,1.6,-0.155,-0.14,-0.27,-0.155,0.14,-0.27
44,0,0,0,3.633,0,0.27,0,0,0,0.7,0,0,0,-0.8,1.6,0,-0.8,1.6,-0.162,-0.14,-0.27,-0.162,0.14,-0.27
44,0,0,0,3.64,0,0.27,0,0,0,0.7,0,0,0,-0.8,1.6,0,-0.8,1.6,-0.169,-0.14,-0.27,-0.169,0.14,-0.27
44,0,0,0,3.647,0,0.27,0,0,0,0.7,0,0,0,-0.8,1.6,0,-0.8,1.6,-0.176,-0.14,-0.27,-0.176,0.14,-0.27
44,0,0,0,3.654,0,0.27,0,0,0,0.7,0,0,0,-0.8,1.6,0,-0.8,1.6,-0.183,-0.14,-0.27,-0.183,0.14,-0.27
44,0,0,0,3.661,0,0.27,0,0,0,0.7,0,0,0,-0.8,1.6,0,-0.8,1.6,-0.19,-0.14,-0.27,-0.19,0.14,-0.27
44,0,0,0,3.668,0,0.27,0,0,0,0.7,0,0,0,-0.8,1.6,0,-0.8,1.6,-0.197,-0.14,-0.27,-0.197,0.14,-0.27
44,0,0,0,3.675,0,0.27,0,0,0,0.7,0,0,0,-0.8,1.6,0,-0.8,1.6,-0.204,-0.14,-0.27,-0.204,0.14,-0.27
44,0,0,0,3.682,0,0.27,0,0,0,0.7,0,0,0,-0.8,1.6,0,-0.8,1.6,-0.211,-0.14,-0.27,-0.211,0.14,-0.27
44,0,0,0,3.689,0,0.27,0,0,0,0.7,0,0,0,-0.8,1.6,0,-0.8,1.6,-0.218,-0.14,-0.27,-0.218,0.14,-0.27
44,0,0,0,3.696,0,0.27,0,0,0,0.7,0,0,0,-0.8,1.6,0,-0.8,1.6,-0.225,-0.14,-0.27,-0.225,0.14,-0.27
44,0,0,0,3.703,0,0.27,0,0,0,0.7,0,0,0,-0.8,1.6,0,-0.8,1.6,-0.232,-0.14,-0.27,-0.232,0.14,-0.27
44,0,0,0,3.71,0,0.27,0,0,0,0.7,0,0,0,-0.8,1.6,0,-0.8,1.6,-0.239,-0.14,-0.27,-0.239,0.14,-0.27
44,0,0,0,3.717,0,0.27,0,0,0,0.7,0,0,0,-0.8,1.6,0,-0.8,1.6,-0.246,-0.14,-0.27,-0.246,0.14,-0.27
44,0,0,0,3.724,0,0.27,0,0,0,0.7,0,0,0,-0.8,1.6,0,-0.8,1.6,-0.246,-0.14,-0.27,-0.246,0.14,-0.27
45,0,0,0,3.724,0,0.27,0,0,0,0.7,0,0,0,-0.8,1.6,0,-0.8,1.6,0,-0.8,1.6,0,-0.8,1.6
45,0,0,0,3.731,0,0.27,0,0,0,0.7,0,0,0,-0.8,1.6,0,-0.8,1.6,0,-0.8,1.6,0,-0.8,1.6
45,0,0,0,3.738,0,0.27,0,0,0,0.7,0,0,0,-0.8,1.6,0,-0.8,1.6,0,-0.8,1.6,0,-0.8,1.6
45,0,0,0,3.745,0,0.27,0,0,0,0.7,0,0,0,-0.8,1.6,0,-0.8,1.6,0,-0.8,1.6,0,-0.8,1.6
45,0,0,0,3.752,0,0.27,0,0,0,0.7,0,0,0,-0.8,1.6,0,-0.8,1.6,0,-0.8,1.6,0,-0.8,1.6
46,0,0,0,3.752,0,0.27,0,0,0,0.7,0,0,0.242,-0.05,-0.27,0.242,0.05,-0.27,0,-0.8,1.6,0,-0.8,1.6
46,0,0,0,3.759,0,0.27,0,0,0,0.7,0,0,0.235,-0.05,-0.27,0.235,0.05,-0.27,0,-0.8,1.6,0,-0.8,1.6
46,0,0,0,3.766,0,0.27,0,0,0,0.7,0,0,0.228,-0.05,-0.27,0.228,0.05,-0.27,0,-0.8,1.6,0,-0.8,1.6
46,0,0,0,3.773,0,0.27,0,0,0,0.7,0,0,0.221,-0.05,-0.27,0.221,0.05,-0.27,0,-0.8,1.6,0,-0.8,1.6
46,0,0,0,3.78,0,0.27,0,0,0,0.7,0,0,0.214,-0.05,-0.27,0.214,0.05,-0.27,0,-0.8,1.6,0,-0.8,1.6
46,0,0,0,3.787,0,0.27,0,0,0,0.7,0,0,0.207,-0.05,-0.27,0.207,0.05,-0.27,0,-0.8,1.6,0,-0.8,1.6
46,0,0,0,3.794,0,0.27,0,0,0,0.7,0,0,0.2,-0.05,-0.27,0.2,0.05,-0.27,0,-0.8,1.6,0,-0.8,1.6
46,0,0,0,3.801,0,0.27,0,0,0,0.7,0,0,0.193,-0.05,-0.27,0.193,0.05,-0.27,0,-0.8,1.6,0,-0.8,1.6
46,0,0,0,3.808,0,0.27,0,0,0,0.7,0,0,0.186,-0.05,-0.27,0.186,0.05,-0.27,0,-0.8,1.6,0,-0.8,1.6
46,0,0,0,3.815,0,0.27,0,0,0,0.7,0,0,0.179,-0.05,-0.27,0.179,0.05,-0.27,0,-0.8,1.6,0,-0.8,1.6
46,0,0,0,3.822,0,0.27,0,0,0,0.7,0,0,0.172,-0.05,-0.27,0.172,0.05,-0.27,0,-0.8,1.6,0,-0.8,1.6
46,0,0,0,3.829,0,0.27,0,0,0,0.7,0,0,0.165,-0.05,-0.27,0.165,0.05,-0.27,0,-0.8,1.6,0,-0.8,1.6
46,0,0,0,3.836,0,0.27,0,0,0,0.7,0,0,0.158,-0.05,-0.27,0.158,0.05,-0.27,0,-0.8,1.6,0,-0.8,1.6
46,0,0,0,3.843,0,0.27,0,0,0,0.7,0,0,0.151,-0.05,-0.27,0.151,0.05,-0.27,0,-0.8,1.6,0,-0.8,1.6
46,0,0,0,3.85,0,0.27,0,0,0,0.7,0,0,0.144,-0.05,-0.27,0.144,0.05,-0.27,0,-0.8,1.6,0,-0.8,1.6
46,0,0,0,3.857,0,0.27,0,0,0,0.7,0,0,0.137,-0.05,-0.27,0.137,0.05,-0.27,0,-0.8,1.6,0,-0.8,1.6
46,0,0,0,3.864,0,0.27,0,0,0,0.7,0,0,0.137,-0.05,-0.27,0.137,0.05,-0.27,0,-0.8,1.6,0,-0.8,1.6
47,0,0,0,3.864,0,0.27,0,0,0,0.7,0,0,0,-0.8,1.6,0,-0.8,1.6,0,-0.8,1.6,0,-0.8,1.6
47,0,0,0,3.871,0,0.27,0,0,0,0.7,0,0,0,-0.8,1.6,0,-0.8,1.6,0,-0.8,1.6,0,-0.8,1.6
47,0,0,0,3.878,0,0.27,0,0,0,0.7,0,0,0,-0.8,1.6,0,-0.8,1.6,0,-0.8,1.6,0,-0.8,1.6
47,0,0,0,3.885,0,0.27,0,0,0,0.7,0,0,0,-0.8,1.6,0,-0.8,1.6,0,-0.8,1.6,0,-0.8,1.6
47,0,0,0,3.892,0,0.27,0,0,0,0.7,0,0,0,-0.8,1.6,0,-0.8,1.6,0,-0.8,1.6,0,-0.8,1.6
48,0,0,0,3.892,0,0.27,0,0,0,0.7,0,0,0,-0.8,1.6,0,-0.8,1.6,-0.141,-0.14,-0.27,-0.141,0.14,-0.27
48,0,0,0,3.899,0,0.27,0,0,0,0.7,0,0,0,-0.8,1.6,0,-0.8,1.6,-0.148,-0.14,-0.27,-0.148,0.14,-0.27
48,0,0,0,3.906,0,0.27,0,0,0,0.7,0,0,0,-0.8,1.6,0,-0.8,1.6,-0.155,-0.14,-0.27,-0.155,0.14,-0.27
48,0,0,0,3.913,0,0.27,0,0,0,0.7,0,0,0,-0.8,1.6,0,-0.8,1.6,-0.162,-0.14,-0.27,-0.162,0.14,-0.27
48,0,0,0,3.92,0,0.27,0,0,0,0.7,0,0,0,-0.8,1.6,0,-0.8,1.6,-0.169,-0.14,-0.27,-0.169,0.14,-0.27
48,0,0,0,3.927,0,0.27,0,0,0,0.7,0,0,0,-0.8,1.6,0,-0.8,1.6,-0.176,-0.14,-0.27,-0.176,0.14,-0.27
48,0,0,0,3.934,0,0.27,0,0,0,0.7,0,0,0,-0.8,1.6,0,-0.8,1.6,-0.183,-0.14,-0.27,-0.183,0.14,-0.27
48,0,0,0,3.941,0,0.27,0,0,0,0.7,0,0,0,-0.8,1.6,0,-0.8,1.6,-0.19,-0.14,-0.27,-0.19,0.14,-0.27
48,0,0,0,3.948,0,0.27,0,0,0,0.7,0,0,0,-0.8,1.6,0,-0.8,1.6,-0.197,-0.14,-0.27,-0.197,0.14,-0.27
48,0,0,0,3.955,0,0.27,0,0,0,0.7,0,0,0,-0.8,1.6,0,-0.8,1.6,-0.204,-0.14,-0.27,-0.204,0.14,-0.27
48,0,0,0,3.962,0,0.27,0,0,0,0.7,0,0,0,-0.8,1.6,0,-0.8,1.6,-0.211,-0.14,-0.27,-0.211,0.14,-0.27
48,0,0,0,3.969,0,0.27,0,0,0,0.7,0,0,0,-0.8,1.6,0,-0.8,1.6,-0.218,-0.14,-0.27,-0.218,0.14,-0.27
48,0,0,0,3.976,0,0.27,0,0,0,0.7,0,0,0,-0.8,1.6,0,-0.8,1.6,-0.225,-0.14,-0.27,-0.225,0.14,-0.27
48,0,0,0,3.983,0,0.27,0,0,0,0.7,0,0,0,-0.8,1.6,0,-0.8,1.6,-0.232,-0.14,-0.27,-0.232,0.14,-0.27
48,0,0,0,3.99,0,0.27,0,0,0,0.7,0,0,0,-0.8,1.6,0,-0.8,1.6,-0.239,-0.14,-0.27,-0.239,0.14,-0.27
48,0,0,0,3.997,0,0.27,0,0,0,0.7,0,0,0,-0.8,1.6,0,-0.8,1.6,-0.246,-0.14,-0.27,-0.246,0.14,-0.27
48,0,0,0,4.004,0,0.27,0,0,0,0.7,0,0,0,-0.8,1.6,0,-0.8,1.6,-0.246,-0.14,-0.27,-0.246,0.14,-0.27
49,0,0,0,4.004,0,0.27,0,0,0,0.7,0,0,0,-0.8,1.6,0,-0.8,1.6,0,-0.8,1.6,0,-0.8,1.6
49,0,0,0,4.011,0,0.27,0,0,0,0.7,0,0,0,-0.8,1.6,0,-0.8,1.6,0,-0.8,1.6,0,-0.8,1.6
49,0,0,0,4.018,0,0.27,0,0,0,0.7,0,0,0,-0.8,1.6,0,-0.8,1.6,0,-0.8,1.6,0,-0.8,1.6
49,0,0,0,4.025,0,0.27,0,0,0,0.7,0,0,0,-0.8,1.6,0,-0.8,1.6,0,-0.8,1.6,0,-0.8,1.6
49,0,0,0,4.032,0,0.27,0,0,0,0.7,0,0,0,-0.8,1.6,0,-0.8,1.6,0,-0.8,1.6,0,-0.8,1.6
50,0,0,0,4.032,0,0.27,0,0,0,0.7,0,0,0.242,-0.05,-0.27,0.242,0.05,-0.27,0,-0.8,1.6,0,-0.8,1.6
50,0,0,0,4.039,0,0.27,0,0,0,0.7,0,0,0.235,-0.05,-0.27,0.235,0.05,-0.27,0,-0.8,1.6,0,-0.8,1.6
50,0,0,0,4.046,0,0.27,0,0,0,0.7,0,0,0.228,-0.05,-0.27,0.228,0.05,-0.27,0,-0.8,1.6,0,-0.8,1.6
50,0,0,0,4.053,0,0.27,0,0,0,0.7,0,0,0.221,-0.05,-0.27,0.221,0.05,-0.27,0,-0.8,1.6,0,-0.8,1.6
50,0,0,0,4.06,0,0.27,0,0,0,0.7,0,0,0.214,-0.05,-0.27,0.214,0.05,-0.27,0,-0.8,1.6,0,-0.8,1.6
50,0,0,0,4.067,0,0.27,0,0,0,0.7,0,0,0.207,-0.05,-0.27,0.207,0.05,-0.27,0,-0.8,1.6,0,-0.8,1.6
50,0,0,0,4.074,0,0.27,0,0,0,0.7,0,0,0.2,-0.05,-0.27,0.2,0.05,-0.27,0,-0.8,1.6,0,-0.8,1.6
50,0,0,0,4.081,0,0.27,0,0,0,0.7,0,0,0.193,-0.05,-0.27,0.193,0.05,-0.27,0,-0.8,1.6,0,-0.8,1.6
50,0,0,0,4.088,0,0.27,0,0,0,0.7,0,0,0.186,-0.05,-0.27,0.186,0.05,-0.27,0,-0.8,1.6,0,-0.8,1.6
50,0,0,0,4.095,0,0.27,0,0,0,0.7,0,0,0.179,-0.05,-0.27,0.179,0.05,-0.27,0,-0.8,1.6,0,-0.8,1.6
50,0,0,0,4.102,0,0.27,0,0,0,0.7,0,0,0.172,-0.05,-0.27,0.172,0.05,-0.27,0,-0.8,1.6,0,-0.8,1.6
50,0,0,0,4.109,0,0.27,0,0,0,0.7,0,0,0.165,-0.05,-0.27,0.165,0.05,-0.27,0,-0.8,1.6,0,-0.8,1.6
50,0,0,0,4.116,0,0.27,0,0,0,0.7,0,0,0.158,-0.05,-0.27,0.158,0.05,-0.27,0,-0.8,1.6,0,-0.8,1.6
50,0,0,0,4.123,0,0.27,0,0,0,0.7,0,0,0.151,-0.05,-0.27,0.151,0.05,-0.27,0,-0.8,1.6,0,-0.8,1.6
50,0,0,0,4.13,0,0.27,0,0,0,0.7,0,0,0.144,-0.05,-0.27,0.144,0.05,-0.27,0,-0.8,1.6,0,-0.8,1.6
50,0,0,0,4.137,0,0.27,0,0,0,0.7,0,0,0.137,-0.05,-0.27,0.137,0.05,-0.27,0,-0.8,1.6,0,-0.8,1.6
50,0,0,0,4.144,0,0.27,0,0,0,0.7,0,0,0.137,-0.05,-0.27,0.137,0.05,-0.27,0,-0.8,1.6,0,-0.8,1.6
51,0,0,0,4.144,0,0.27,0,0,0,0.7,0,0,0,-0.8,1.6,0,-0.8,1.6,0,-0.8,1.6,0,-0.8,1.6
51,0,0,0,4.151,0,0.27,0,0,0,0.7,0,0,0,-0.8,1.6,0,-0.8,1.6,0,-0.8,1.6,0,-0.8,1.6
51,0,0,0,4.158,0,0.27,0,0,0,0.7,0,0,0,-0.8,1.6,0,-0.8,1.6,0,-0.8,1.6,0,-0.8,1.6
51,0,0,0,4.165,0,0.27,0,0,0,0.7,0,0,0,-0.8,1.6,0,-0.8,1.6,0,-0.8,1.6,0,-0.8,1.6
51,0,0,0,4.172,0,0.27,0,0,0,0.7,0,0,0,-0.8,1.6,0,-0.8,1.6,0,-0.8,1.6,0,-0.8,1.6
52,0,0,0,4.172,0,0.27,0,0,0,0.7,0,0,0,-0.8,1.6,0,-0.8,1.6,-0.141,-0.14,-0.27,-0.141,0.14,-0.27
52,0,0,0,4.179,0,0.27,0,0,0,0.7,0,0,0,-0.8,1.6,0,-0.8,1.6,-0.148000000000001,-0.14,-0.27,-0.148000000000001,0.14,-0.27
52,0,0,0,4.186,0,0.27,0,0,0,0.7,0,0,0,-0.8,1.6,0,-0.8,1.6,-0.155,-0.14,-0.27,-0.155,0.14,-0.27
52,0,0,0,4.193,0,0.27,0,0,0,0.7,0,0,0,-0.8,1.6,0,-0.8,1.6,-0.162,-0.14,-0.27,-0.162,0.14,-0.27
52,0,0,0,4.2,0,0.27,0,0,0,0.7,0,0,0,-0.8,1.6,0,-0.8,1.6,-0.169,-0.14,-0.27,-0.169,0.14,-0.27
52,0,0,0,4.207,0,0.27,0,0,0,0.7,0,0,0,-0.8,1.6,0,-0.8,1.6,-0.176,-0.14,-0.27,-0.176,0.14,-0.27
52,0,0,0,4.214,0,0.27,0,0,0,0.7,0,0,0,-0.8,1.6,0,-0.8,1.6,-0.183000000000001,-0.14,-0.27,-0.183000000000001,0.14,-0.27
52,0,0,0,4.221,0,0.27,0,0,0,0.7,0,0,0,-0.8,1.6,0,-0.8,1.6,-0.19,-0.14,-0.27,-0.19,0.14,-0.27
52,0,0,0,4.228,0,0.27,0,0,0,0.7,0,0,0,-0.8,1.6,0,-0.8,1.6,-0.197,-0.14,-0.27,-0.197,0.14,-0.27
52,0,0,0,4.235,0,0.27,0,0,0,0.7,0,0,0,-0.8,1.6,0,-0.8,1.6,-0.204000000000001,-0.14,-0.27,-0.204000000000001,0.14,-0.27
52,0,0,0,4.242,0,0.27,0,0,0,0.7,0,0,0,-0.8,1.6,0,-0.8,1.6,-0.211,-0.14,-0.27,-0.211,0.14,-0.27
52,0,0,0,4.249,0,0.27,0,0,0,0.7,0,0,0,-0.8,1.6,0,-0.8,1.6,-0.218,-0.14,-0.27,-0.218,0.14,-0.27
52,0,0,0,4.256,0,0.27,0,0,0,0.7,0,0,0,-0.8,1.6,0,-0.8,1.6,-0.225000000000001,-0.14,-0.27,-0.225000000000001,0.14,-0.27
52,0,0,0,4.263,0,0.27,0,0,0,0.7,0,0,0,-0.8,1.6,0,-0.8,1.6,-0.232,-0.14,-0.27,-0.232,0.14,-0.27
52,0,0,0,4.27,0,0.27,0,0,0,0.7,0,0,0,-0.8,1.6,0,-0.8,1.6,-0.239,-0.14,-0.27,-0.239,0.14,-0.27
52,0,0,0,4.277,0,0.27,0,0,0,0.7,0,0,0,-0.8,1.6,0,-0.8,1.6,-0.246,-0.14,-0.27,-0.246,0.14,-0.27
52,0,0,0,4.284,0,0.27,0,0,0,0.7,0,0,0,-0.8,1.6,0,-0.8,1.6,-0.246,-0.14,-0.27,-0.246,0.14,-0.27
53,0,0,0,4.284,0,0.27,0,0,0,0.7,0,0,0,-0.8,1.6,0,-0.8,1.6,0,-0.8,1.6,0,-0.8,1.6
53,0,0,0,4.291,0,0.27,0,0,0,0.7,0,0,0,-0.8,1.6,0,-0.8,1.6,0,-0.8,1.6,0,-0.8,1.6
53,0,0,0,4.298,0,0.27,0,0,0,0.7,0,0,0,-0.8,1.6,0,-0.8,1.6,0,-0.8,1.6,0,-0.8,1.6
53,0,0,0,4.305,0,0.27,0,0,0,0.7,0,0,0,-0.8,1.6,0,-0.8,1.6,0,-0.8,1.6,0,-0.8,1.6
53,0,0,0,4.312,0,0.27,0,0,0,0.7,0,0,0,-0.8,1.6,0,-0.8,1.6,0,-0.8,1.6,0,-0.8,1.6
54,0,0,0,4.312,0,0.27,0,0,0,0.7,0,0,0.242,-0.05,-0.27,0.242,0.05,-0.27,0,-0.8,1.6,0,-0.8,1.6
54,0,0,0,4.319,0,0.27,0,0,0,0.7,0,0,0.235,-0.05,-0.27,0.235,0.05,-0.27,0,-0.8,1.6,0,-0.8,1.6
54,0,0,0,4.326,0,0.27,0,0,0,0.7,0,0,0.228000000000001,-0.05,-0.27,0.228000000000001,0.05,-0.27,0,-0.8,1.6,0,-0.8,1.6
54,0,0,0,4.333,0,0.27,0,0,0,0.7,0,0,0.221,-0.05,-0.27,0.221,0.05,-0.27,0,-0.8,1.6,0,-0.8,1.6
54,0,0,0,4.34,0,0.27,0,0,0,0.7,0,0,0.214,-0.05,-0.27,0.214,0.05,-0.27,0,-0.8,1.6,0,-0.8,1.6
54,0,0,0,4.347,0,0.27,0,0,0,0.7,0,0,0.207,-0.05,-0.27,0.207,0.05,-0.27,0,-0.8,1.6,0,-0.8,1.6
54,0,0,0,4.354,0,0.27,0,0,0,0.7,0,0,0.2,-0.05,-0.27,0.2,0.05,-0.27,0,-0.8,1.6,0,-0.8,1.6
54,0,0,0,4.361,0,0.27,0,0,0,0.7,0,0,0.193000000000001,-0.05,-0.27,0.193000000000001,0.05,-0.27,0,-0.8,1.6,0,-0.8,1.6
54,0,0,0,4.368,0,0.27,0,0,0,0.7,0,0,0.186,-0.05,-0.27,0.186,0.05,-0.27,0,-0.8,1.6,0,-0.8,1.6
54,0,0,0,4.375,0,0.27,0,0,0,0.7,0,0,0.179,-0.05,-0.27,0.179,0.05,-0.27,0,-0.8,1.6,0,-0.8,1.6
54,0,0,0,4.382,0,0.27,0,0,0,0.7,0,0,0.172000000000001,-0.05,-0.27,0.172000000000001,0.05,-0.27,0,-0.8,1.6,0,-0.8,1.6
54,0,0,0,4.389,0,0.27,0,0,0,0.7,0,0,0.165,-0.05,-0.27,0.165,0.05,-0.27,0,-0.8,1.6,0,-0.8,1.6
54,0,0,0,4.396,0,0.27,0,0,0,0.7,0,0,0.158,-0.05,-0.27,0.158,0.05,-0.27,0,-0.8,1.6,0,-0.8,1.6
54,0,0,0,4.403,0,0.27,0,0,0,0.7,0,0,0.151000000000001,-0.05,-0.27,0.151000000000001,0.05,-0.27,0,-0.8,1.6,0,-0.8,1.6
54,0,0,0,4.41,0,0.27,0,0,0,0.7,0,0,0.144,-0.05,-0.27,0.144,0.05,-0.27,0,-0.8,1.6,0,-0.8,1.6
54,0,0,0,4.417,0,0.27,0,0,0,0.7,0,0,0.137,-0.05,-0.27,0.137,0.05,-0.27,0,-0.8,1.6,0,-0.8,1.6
54,0,0,0,4.424,0,0.27,0,0,0,0.7,0,0,0.137,-0.05,-0.27,0.137,0.05,-0.27,0,-0.8,1.6,0,-0.8,1.6
55,0,0,0,4.424,0,0.27,0,0,0,0.7,0,0,0,-0.8,1.6,0,-0.8,1.6,0,-0.8,1.6,0,-0.8,1.6
55,0,0,0,4.431,0,0.27,0,0,0,0.7,0,0,0,-0.8,1.6,0,-0.8,1.6,0,-0.8,1.6,0,-0.8,1.6
55,0,0,0,4.438,0,0.27,0,0,0,0.7,0,0,0,-0.8,1.6,0,-0.8,1.6,0,-0.8,1.6,0,-0.8,1.6
55,0,0,0,4.445,0,0.27,0,0,0,0.7,0,0,0,-0.8,1.6,0,-0.8,1.6,0,-0.8,1.6,0,-0.8,1.6
