0,0,0,0,0,0,0.26,0,0,0,0.1,0,0,0.183,-0.1,-0.26,0.183,0.1,-0.26,-0.183,-0.1,-0.26,-0.183,0.1,-0.26
0,0,0,0,0.001,0,0.26,0,0,0,0.1,0,0,0.182,-0.1,-0.26,0.182,0.1,-0.26,-0.184,-0.1,-0.26,-0.184,0.1,-0.26
0,0,0,0,0.002,0,0.26,0,0,0,0.1,0,0,0.181,-0.1,-0.26,0.181,0.1,-0.26,-0.185,-0.1,-0.26,-0.185,0.1,-0.26
0,0,0,0,0.003,0,0.26,0,0,0,0.1,0,0,0.18,-0.1,-0.26,0.18,0.1,-0.26,-0.186,-0.1,-0.26,-0.186,0.1,-0.26
0,0,0,0,0.004,0,0.26,0,0,0,0.1,0,0,0.179,-0.1,-0.26,0.179,0.1,-0.26,-0.187,-0.1,-0.26,-0.187,0.1,-0.26
0,0,0,0,0.005,0,0.26,0,0,0,0.1,0,0,0.178,-0.1,-0.26,0.178,0.1,-0.26,-0.188,-0.1,-0.26,-0.188,0.1,-0.26
0,0,0,0,0.006,0,0.26,0,0,0,0.1,0,0,0.177,-0.1,-0.26,0.177,0.1,-0.26,-0.189,-0.1,-0.26,-0.189,0.1,-0.26
0,0,0,0,0.007,0,0.26,0,0,0,0.1,0,0,0.176,-0.1,-0.26,0.176,0.1,-0.26,-0.19,-0.1,-0.26,-0.19,0.1,-0.26
0,0,0,0,0.008,0,0.26,0,0,0,0.1,0,0,0.175,-0.1,-0.26,0.175,0.1,-0.26,-0.191,-0.1,-0.26,-0.191,0.1,-0.26
0,0,0,0,0.009,0,0.26,0,0,0,0.1,0,0,0.174,-0.1,-0.26,0.174,0.1,-0.26,-0.192,-0.1,-0.26,-0.192,0.1,-0.26
0,0,0,0,0.01,0,0.26,0,0,0,0.1,0,0,0.173,-0.1,-0.26,0.173,0.1,-0.26,-0.193,-0.1,-0.26,-0.193,0.1,-0.26
0,0,0,0,0.011,0,0.26,0,0,0,0.4,0,0,0.173,-0.1,-0.26,0.173,0.1,-0.26,-0.193,-0.1,-0.26,-0.193,0.1,-0.26
1,0,0,0,0.011,0,0.26,0,0,0,0.4,0,0,0,-0.8,1.6,0,-0.8,1.6,-0.194,-0.1,-0.26,-0.194,0.1,-0.26
1,0,0,0,0.015,0,0.26,0,0,0,0.4,0,0,0,-0.8,1.6,0,-0.8,1.6,-0.198,-0.1,-0.26,-0.198,0.1,-0.26
1,0,0,0,0.019,0,0.26,0,0,0,0.4,0,0,0,-0.8,1.6,0,-0.8,1.6,-0.202,-0.1,-0.26,-0.202,0.1,-0.26
1,0,0,0,0.023,0,0.26,0,0,0,0.4,0,0,0,-0.8,1.6,0,-0.8,1.6,-0.206,-0.1,-0.26,-0.206,0.1,-0.26
1,0,0,0,0.027,0,0.26,0,0,0,0.4,0,0,0,-0.8,1.6,0,-0.8,1.6,-0.21,-0.1,-0.26,-0.21,0.1,-0.26
1,0,0,0,0.031,0,0.26,0,0,0,0.4,0,0,0,-0.8,1.6,0,-0.8,1.6,-0.214,-0.1,-0.26,-0.214,0.1,-0.26
1,0,0,0,0.035,0,0.26,0,0,0,0.4,0,0,0,-0.8,1.6,0,-0.8,1.6,-0.218,-0.1,-0.26,-0.218,0.1,-0.26
1,0,0,0,0.039,0,0.26,0,0,0,0.4,0,0,0,-0.8,1.6,0,-0.8,1.6,-0.222,-0.1,-0.26,-0.222,0.1,-0.26
1,0,0,0,0.043,0,0.26,0,0,0,0.4,0,0,0,-0.8,1.6,0,-0.8,1.6,-0.226,-0.1,-0.26,-0.226,0.1,-0.26
1,0,0,0,0.047,0,0.26,0,0,0,0.4,0,0,0,-0.8,1.6,0,-0.8,1.6,-0.23,-0.1,-0.26,-0.23,0.1,-0.26
1,0,0,0,0.051,0,0.26,0,0,0,0.4,0,0,0,-0.8,1.6,0,-0.8,1.6,-0.234,-0.1,-0.26,-0.234,0.1,-0.26
1,0,0,0,0.055,0,0.26,0,0,0,0.4,0,0,0,-0.8,1.6,0,-0.8,1.6,-0.238,-0.1,-0.26,-0.238,0.1,-0.26
1,0,0,0,0.059,0,0.26,0,0,0,0.4,0,0,0,-0.8,1.6,0,-0.8,1.6,-0.242,-0.1,-0.26,-0.242,0.1,-0.26
1,0,0,0,0.063,0,0.26,0,0,0,0.4,0,0,0,-0.8,1.6,0,-0.8,1.6,-0.246,-0.1,-0.26,-0.246,0.1,-0.26
1,0,0,0,0.067,0,0.26,0,0,0,0.4,0,0,0,-0.8,1.6,0,-0.8,1.6,-0.25,-0.1,-0.26,-0.25,0.1,-0.26
1,0,0,0,0.071,0,0.26,0,0,0,0.4,0,0,0,-0.8,1.6,0,-0.8,1.6,-0.254,-0.1,-0.26,-0.254,0.1,-0.26
1,0,0,0,0.075,0,0.26,0,0,0,0.4,0,0,0,-0.8,1.6,0,-0.8,1.6,-0.254,-0.1,-0.26,-0.254,0.1,-0.26
2,0,0,0,0.075,0,0.26,0,0,0,0.4,0,0,0,-0.8,1.6,0,-0.8,1.6,0,-0.8,1.6,0,-0.8,1.6
2,0,0,0,0.079,0,0.26,0,0,0,0.4,0,0,0,-0.8,1.6,0,-0.8,1.6,0,-0.8,1.6,0,-0.8,1.6
2,0,0,0,0.083,0,0.26,0,0,0,0.4,0,0,0,-0.8,1.6,0,-0.8,1.6,0,-0.8,1.6,0,-0.8,1.6
2,0,0,0,0.087,0,0.26,0,0,0,0.4,0,0,0,-0.8,1.6,0,-0.8,1.6,0,-0.8,1.6,0,-0.8,1.6
2,0,0,0,0.091,0,0.26,0,0,0,0.4,0,0,0,-0.8,1.6,0,-0.8,1.6,0,-0.8,1.6,0,-0.8,1.6
3,0,0,0,0.091,0,0.26,0,0,0,0.4,0,0,0.224,-0.05,-0.26,0.224,0.05,-0.26,0,-0.8,1.6,0,-0.8,1.6
3,0,0,0,0.095,0,0.26,0,0,0,0.4,0,0,0.22,-0.05,-0.26,0.22,0.05,-0.26,0,-0.8,1.6,0,-0.8,1.6
3,0,0,0,0.099,0,0.26,0,0,0,0.4,0,0,0.216,-0.05,-0.26,0.216,0.05,-0.26,0,-0.8,1.6,0,-0.8,1.6
3,0,0,0,0.103,0,0.26,0,0,0,0.4,0,0,0.212,-0.05,-0.26,0.212,0.05,-0.26,0,-0.8,1.6,0,-0.8,1.6
3,0,0,0,0.107,0,0.26,0,0,0,0.4,0,0,0.208,-0.05,-0.26,0.208,0.05,-0.26,0,-0.8,1.6,0,-0.8,1.6
3,0,0,0,0.111,0,0.26,0,0,0,0.4,0,0,0.204,-0.05,-0.26,0.204,0.05,-0.26,0,-0.8,1.6,0,-0.8,1.6
3,0,0,0,0.115,0,0.26,0,0,0,0.4,0,0,0.2,-0.05,-0.26,0.2,0.05,-0.26,0,-0.8,1.6,0,-0.8,1.6
3,0,0,0,0.119,0,0.26,0,0,0,0.4,0,0,0.196,-0.05,-0.26,0.196,0.05,-0.26,0,-0.8,1.6,0,-0.8,1.6
3,0,0,0,0.123,0,0.26,0,0,0,0.4,0,0,0.192,-0.05,-0.26,0.192,0.05,-0.26,0,-0.8,1.6,0,-0.8,1.6
3,0,0,0,0.127,0,0.26,0,0,0,0.4,0,0,0.188,-0.05,-0.26,0.188,0.05,-0.26,0,-0.8,1.6,0,-0.8,1.6
3,0,0,0,0.131,0,0.26,0,0,0,0.4,0,0,0.184,-0.05,-0.26,0.184,0.05,-0.26,0,-0.8,1.6,0,-0.8,1.6
3,0,0,0,0.135,0,0.26,0,0,0,0.4,0,0,0.18,-0.05,-0.26,0.18,0.05,-0.26,0,-0.8,1.6,0,-0.8,1.6
3,0,0,0,0.139,0,0.26,0,0,0,0.4,0,0,0.176,-0.05,-0.26,0.176,0.05,-0.26,0,-0.8,1.6,0,-0.8,1.6
3,0,0,0,0.143,0,0.26,0,0,0,0.4,0,0,0.172,-0.05,-0.26,0.172,0.05,-0.26,0,-0.8,1.6,0,-0.8,1.6
3,0,0,0,0.147,0,0.26,0,0,0,0.4,0,0,0.168,-0.05,-0.26,0.168,0.05,-0.26,0,-0.8,1.6,0,-0.8,1.6
3,0,0,0,0.151,0,0.26,0,0,0,0.4,0,0,0.164,-0.05,-0.26,0.164,0.05,-0.26,0,-0.8,1.6,0,-0.8,1.6
3,0,0,0,0.155,0,0.26,0,0,0,0.4,0,0,0.164,-0.05,-0.26,0.164,0.05,-0.26,0,-0.8,1.6,0,-0.8,1.6
4,0,0,0,0.155,0,0.26,0,0,0,0.4,0,0,0,-0.8,1.6,0,-0.8,1.6,0,-0.8,1.6,0,-0.8,1.6
4,0,0,0,0.159,0,0.26,0,0,0,0.4,0,0,0,-0.8,1.6,0,-0.8,1.6,0,-0.8,1.6,0,-0.8,1.6
4,0,0,0,0.163,0,0.26,0,0,0,0.4,0,0,0,-0.8,1.6,0,-0.8,1.6,0,-0.8,1.6,0,-0.8,1.6
4,0,0,0,0.167,0,0.26,0,0,0,0.4,0,0,0,-0.8,1.6,0,-0.8,1.6,0,-0.8,1.6,0,-0.8,1.6
4,0,0,0,0.171,0,0.26,0,0,0,0.4,0,0,0,-0.8,1.6,0,-0.8,1.6,0,-0.8,1.6,0,-0.8,1.6
5,0,0,0,0.171,0,0.26,0,0,0,0.4,0,0,0,-0.8,1.6,0,-0.8,1.6,-0.159,-0.14,-0.26,-0.159,0.14,-0.26
5,0,0,0,0.175,0,0.26,0,0,0,0.4,0,0,0,-0.8,1.6,0,-0.8,1.6,-0.163,-0.14,-0.26,-0.163,0.14,-0.26
5,0,0,0,0.179,0,0.26,0,0,0,0.4,0,0,0,-0.8,1.6,0,-0.8,1.6,-0.167,-0.14,-0.26,-0.167,0.14,-0.26
5,0,0,0,0.183,0,0.26,0,0,0,0.4,0,0,0,-0.8,1.6,0,-0.8,1.6,-0.171,-0.14,-0.26,-0.171,0.14,-0.26
5,0,0,0,0.187,0,0.26,0,0,0,0.4,0,0,0,-0.8,1.6,0,-0.8,1.6,-0.175,-0.14,-0.26,-0.175,0.14,-0.26
5,0,0,0,0.191,0,0.26,0,0,0,0.4,0,0,0,-0.8,1.6,0,-0.8,1.6,-0.179,-0.14,-0.26,-0.179,0.14,-0.26
5,0,0,0,0.195,0,0.26,0,0,0,0.4,0,0,0,-0.8,1.6,0,-0.8,1.6,-0.183,-0.14,-0.26,-0.183,0.14,-0.26
5,0,0,0,0.199,0,0.26,0,0,0,0.4,0,0,0,-0.8,1.6,0,-0.8,1.6,-0.187,-0.14,-0.26,-0.187,0.14,-0.26
5,0,0,0,0.203,0,0.26,0,0,0,0.4,0,0,0,-0.8,1.6,0,-0.8,1.6,-0.191,-0.14,-0.26,-0.191,0.14,-0.26
5,0,0,0,0.207,0,0.26,0,0,0,0.4,0,0,0,-0.8,1.6,0,-0.8,1.6,-0.195,-0.14,-0.26,-0.195,0.14,-0.26
5,0,0,0,0.211,0,0.26,0,0,0,0.4,0,0,0,-0.8,1.6,0,-0.8,1.6,-0.199,-0.14,-0.26,-0.199,0.14,-0.26
5,0,0,0,0.215,0,0.26,0,0,0,0.4,0,0,0,-0.8,1.6,0,-0.8,1.6,-0.203,-0.14,-0.26,-0.203,0.14,-0.26
5,0,0,0,0.219,0,0.26,0,0,0,0.4,0,0,0,-0.8,1.6,0,-0.8,1.6,-0.207,-0.14,-0.26,-0.207,0.14,-0.26
5,0,0,0,0.223,0,0.26,0,0,0,0.4,0,0,0,-0.8,1.6,0,-0.8,1.6,-0.211,-0.14,-0.26,-0.211,0.14,-0.26
5,0,0,0,0.227,0,0.26,0,0,0,0.4,0,0,0,-0.8,1.6,0,-0.8,1.6,-0.215,-0.14,-0.26,-0.215,0.14,-0.26
5,0,0,0,0.231,0,0.26,0,0,0,0.4,0,0,0,-0.8,1.6,0,-0.8,1.6,-0.215,-0.14,-0.26,-0.215,0.14,-0.26
6,0,0,0,0.231,0,0.26,0,0,0,0.4,0,0,0,-0.8,1.6,0,-0.8,1.6,0,-0.8,1.6,0,-0.8,1.6
6,0,0,0,0.235,0,0.26,0,0,0,0.4,0,0,0,-0.8,1.6,0,-0.8,1.6,0,-0.8,1.6,0,-0.8,1.6
6,0,0,0,0.239,0,0.26,0,0,0,0.4,0,0,0,-0.8,1.6,0,-0.8,1.6,0,-0.8,1.6,0,-0.8,1.6
6,0,0,0,0.243,0,0.26,0,0,0,0.4,0,0,0,-0.8,1.6,0,-0.8,1.6,0,-0.8,1.6,0,-0.8,1.6
6,0,0,0,0.247,0,0.26,0,0,0,0.4,0,0,0,-0.8,1.6,0,-0.8,1.6,0,-0.8,1.6,0,-0.8,1.6
6,0,0,0,0.251,0,0.26,0,0,0,0.4,0,0,0,-0.8,1.6,0,-0.8,1.6,0,-0.8,1.6,0,-0.8,1.6
7,0,0,0,0.251,0,0.26,0,0,0,0.4,0,0,0.224,-0.05,-0.26,0.224,0.05,-0.26,0,-0.8,1.6,0,-0.8,1.6
7,0,0,0,0.255,0,0.26,0,0,0,0.4,0,0,0.22,-0.05,-0.26,0.22,0.05,-0.26,0,-0.8,1.6,0,-0.8,1.6
7,0,0,0,0.259,0,0.26,0,0,0,0.4,0,0,0.216,-0.05,-0.26,0.216,0.05,-0.26,0,-0.8,1.6,0,-0.8,1.6
7,0,0,0,0.263,0,0.26,0,0,0,0.4,0,0,0.212,-0.05,-0.26,0.212,0.05,-0.26,0,-0.8,1.6,0,-0.8,1.6
7,0,0,0,0.267,0,0.26,0,0,0,0.4,0,0,0.208,-0.05,-0.26,0.208,0.05,-0.26,0,-0.8,1.6,0,-0.8,1.6
7,0,0,0,0.271,0,0.26,0,0,0,0.4,0,0,0.204,-0.05,-0.26,0.204,0.05,-0.26,0,-0.8,1.6,0,-0.8,1.6
7,0,0,0,0.275,0,0.26,0,0,0,0.4,0,0,0.2,-0.05,-0.26,0.2,0.05,-0.26,0,-0.8,1.6,0,-0.8,1.6
7,0,0,0,0.279,0,0.26,0,0,0,0.4,0,0,0.196,-0.05,-0.26,0.196,0.05,-0.26,0,-0.8,1.6,0,-0.8,1.6
7,0,0,0,0.283,0,0.26,0,0,0,0.4,0,0,0.192,-0.05,-0.26,0.192,0.05,-0.26,0,-0.8,1.6,0,-0.8,1.6
7,0,0,0,0.287,0,0.26,0,0,0,0.4,0,0,0.188,-0.05,-0.26,0.188,0.05,-0.26,0,-0.8,1.6,0,-0.8,1.6
7,0,0,0,0.291,0,0.26,0,0,0,0.4,0,0,0.184,-0.05,-0.26,0.184,0.05,-0.26,0,-0.8,1.6,0,-0.8,1.6
7,0,0,0,0.295,0,0.26,0,0,0,0.4,0,0,0.18,-0.05,-0.26,0.18,0.05,-0.26,0,-0.8,1.6,0,-0.8,1.6
7,0,0,0,0.299,0,0.26,0,0,0,0.4,0,0,0.176,-0.05,-0.26,0.176,0.05,-0.26,0,-0.8,1.6,0,-0.8,1.6
7,0,0,0,0.303,0,0.26,0,0,0,0.4,0,0,0.172,-0.05,-0.26,0.172,0.05,-0.26,0,-0.8,1.6,0,-0.8,1.6
7,0,0,0,0.307,0,0.26,0,0,0,0.4,0,0,0.168,-0.05,-0.26,0.168,0.05,-0.26,0,-0.8,1.6,0,-0.8,1.6
7,0,0,0,0.311,0,0.26,0,0,0,0.4,0,0,0.164,-0.05,-0.26,0.164,0.05,-0.26,0,-0.8,1.6,0,-0.8,1.6
7,0,0,0,0.315,0,0.26,0,0,0,0.4,0,0,0.164,-0.05,-0.26,0.164,0.05,-0.26,0,-0.8,1.6,0,-0.8,1.6
8,0,0,0,0.315,0,0.26,0,0,0,0.4,0,0,0,-0.8,1.6,0,-0.8,1.6,0,-0.8,1.6,0,-0.8,1.6
8,0,0,0,0.319,0,0.26,0,0,0,0.4,0,0,0,-0.8,1.6,0,-0.8,1.6,0,-0.8,1.6,0,-0.8,1.6
8,0,0,0,0.323,0,0.26,0,0,0,0.4,0,0,0,-0.8,1.6,0,-0.8,1.6,0,-0.8,1.6,0,-0.8,1.6
8,0,0,0,0.327,0,0.26,0,0,0,0.4,0,0,0,-0.8,1.6,0,-0.8,1.6,0,-0.8,1.6,0,-0.8,1.6
8,0,0,0,0.331,0,0.26,0,0,0,0.4,0,0,0,-0.8,1.6,0,-0.8,1.6,0,-0.8,1.6,0,-0.8,1.6
9,0,0,0,0.331,0,0.26,0,0,0,0.4,0,0,0,-0.8,1.6,0,-0.8,1.6,-0.159,-0.14,-0.26,-0.159,0.14,-0.26
9,0,0,0,0.335,0,0.26,0,0,0,0.4,0,0,0,-0.8,1.6,0,-0.8,1.6,-0.163,-0.14,-0.26,-0.163,0.14,-0.26
9,0,0,0,0.339,0,0.26,0,0,0,0.4,0,0,0,-0.8,1.6,0,-0.8,1.6,-0.167,-0.14,-0.26,-0.167,0.14,-0.26
9,0,0,0,0.343,0,0.26,0,0,0,0.4,0,0,0,-0.8,1.6,0,-0.8,1.6,-0.171,-0.14,-0.26,-0.171,0.14,-0.26
9,0,0,0,0.347,0,0.26,0,0,0,0.4,0,0,0,-0.8,1.6,0,-0.8,1.6,-0.175,-0.14,-0.26,-0.175,0.14,-0.26
9,0,0,0,0.351,0,0.26,0,0,0,0.4,0,0,0,-0.8,1.6,0,-0.8,1.6,-0.179,-0.14,-0.26,-0.179,0.14,-0.26
9,0,0,0,0.355,0,0.26,0,0,0,0.4,0,0,0,-0.8,1.6,0,-0.8,1.6,-0.183,-0.14,-0.26,-0.183,0.14,-0.26
9,0,0,0,0.359,0,0.26,0,0,0,0.4,0,0,0,-0.8,1.6,0,-0.8,1.6,-0.187,-0.14,-0.26,-0.187,0.14,-0.26
9,0,0,0,0.363,0,0.26,0,0,0,0.4,0,0,0,-0.8,1.6,0,-0.8,1.6,-0.191,-0.14,-0.26,-0.191,0.14,-0.26
9,0,0,0,0.367,0,0.26,0,0,0,0.4,0,0,0,-0.8,1.6,0,-0.8,1.6,-0.195,-0.14,-0.26,-0.195,0.14,-0.26
9,0,0,0,0.371,0,0.26,0,0,0,0.4,0,0,0,-0.8,1.6,0,-0.8,1.6,-0.199,-0.14,-0.26,-0.199,0.14,-0.26
9,0,0,0,0.375,0,0.26,0,0,0,0.4,0,0,0,-0.8,1.6,0,-0.8,1.6,-0.203,-0.14,-0.26,-0.203,0.14,-0.26
9,0,0,0,0.379,0,0.26,0,0,0,0.4,0,0,0,-0.8,1.6,0,-0.8,1.6,-0.207,-0.14,-0.26,-0.207,0.14,-0.26
9,0,0,0,0.383,0,0.26,0,0,0,0.4,0,0,0,-0.8,1.6,0,-0.8,1.6,-0.211,-0.14,-0.26,-0.211,0.14,-0.26
9,0,0,0,0.387,0,0.26,0,0,0,0.4,0,0,0,-0.8,1.6,0,-0.8,1.6,-0.215,-0.14,-0.26,-0.215,0.14,-0.26
9,0,0,0,0.391,0,0.26,0,0,0,0.4,0,0,0,-0.8,1.6,0,-0.8,1.6,-0.215,-0.14,-0.26,-0.215,0.14,-0.26
10,0,0,0,0.391,0,0.26,0,0,0,0.4,0,0,0,-0.8,1.6,0,-0.8,1.6,0,-0.8,1.6,0,-0.8,1.6
10,0,0,0,0.395,0,0.26,0,0,0,0.4,0,0,0,-0.8,1.6,0,-0.8,1.6,0,-0.8,1.6,0,-0.8,1.6
10,0,0,0,0.399,0,0.26,0,0,0,0.4,0,0,0,-0.8,1.6,0,-0.8,1.6,0,-0.8,1.6,0,-0.8,1.6
10,0,0,0,0.403,0,0.26,0,0,0,0.4,0,0,0,-0.8,1.6,0,-0.8,1.6,0,-0.8,1.6,0,-0.8,1.6
10,0,0,0,0.407,0,0.26,0,0,0,0.4,0,0,0,-0.8,1.6,0,-0.8,1.6,0,-0.8,1.6,0,-0.8,1.6
10,0,0,0,0.411,0,0.26,0,0,0,0.4,0,0,0,-0.8,1.6,0,-0.8,1.6,0,-0.8,1.6,0,-0.8,1.6
11,0,0,0,0.411,0,0.26,0,0,0,0.4,0,0,0.224,-0.05,-0.26,0.224,0.05,-0.26,0,-0.8,1.6,0,-0.8,1.6
11,0,0,0,0.415,0,0.26,0,0,0,0.4,0,0,0.22,-0.05,-0.26,0.22,0.05,-0.26,0,-0.8,1.6,0,-0.8,1.6
11,0,0,0,0.419,0,0.26,0,0,0,0.4,0,0,0.216,-0.05,-0.26,0.216,0.05,-0.26,0,-0.8,1.6,0,-0.8,1.6
11,0,0,0,0.423,0,0.26,0,0,0,0.4,0,0,0.212,-0.05,-0.26,0.212,0.05,-0.26,0,-0.8,1.6,0,-0.8,1.6
11,0,0,0,0.427,0,0.26,0,0,0,0.4,0,0,0.208,-0.05,-0.26,0.208,0.05,-0.26,0,-0.8,1.6,0,-0.8,1.6
11,0,0,0,0.431,0,0.26,0,0,0,0.4,0,0,0.204,-0.05,-0.26,0.204,0.05,-0.26,0,-0.8,1.6,0,-0.8,1.6
11,0,0,0,0.435,0,0.26,0,0,0,0.4,0,0,0.2,-0.05,-0.26,0.2,0.05,-0.26,0,-0.8,1.6,0,-0.8,1.6
11,0,0,0,0.439,0,0.26,0,0,0,0.4,0,0,0.196,-0.05,-0.26,0.196,0.05,-0.26,0,-0.8,1.6,0,-0.8,1.6
11,0,0,0,0.443,0,0.26,0,0,0,0.4,0,0,0.192,-0.05,-0.26,0.192,0.05,-0.26,0,-0.8,1.6,0,-0.8,1.6
11,0,0,0,0.447,0,0.26,0,0,0,0.4,0,0,0.188,-0.05,-0.26,0.188,0.05,-0.26,0,-0.8,1.6,0,-0.8,1.6
11,0,0,0,0.451,0,0.26,0,0,0,0.4,0,0,0.184,-0.05,-0.26,0.184,0.05,-0.26,0,-0.8,1.6,0,-0.8,1.6
11,0,0,0,0.455,0,0.26,0,0,0,0.4,0,0,0.18,-0.05,-0.26,0.18,0.05,-0.26,0,-0.8,1.6,0,-0.8,1.6
11,0,0,0,0.459,0,0.26,0,0,0,0.4,0,0,0.176,-0.05,-0.26,0.176,0.05,-0.26,0,-0.8,1.6,0,-0.8,1.6
11,0,0,0,0.463,0,0.26,0,0,0,0.4,0,0,0.172,-0.05,-0.26,0.172,0.05,-0.26,0,-0.8,1.6,0,-0.8,1.6
11,0,0,0,0.467,0,0.26,0,0,0,0.4,0,0,0.168,-0.05,-0.26,0.168,0.05,-0.26,0,-0.8,1.6,0,-0.8,1.6
11,0,0,0,0.471,0,0.26,0,0,0,0.4,0,0,0.164,-0.05,-0.26,0.164,0.05,-0.26,0,-0.8,1.6,0,-0.8,1.6
11,0,0,0,0.475,0,0.26,0,0,0,0.4,0,0,0.164,-0.05,-0.26,0.164,0.05,-0.26,0,-0.8,1.6,0,-0.8,1.6
12,0,0,0,0.475,0,0.26,0,0,0,0.4,0,0,0,-0.8,1.6,0,-0.8,1.6,0,-0.8,1.6,0,-0.8,1.6
12,0,0,0,0.479,0,0.26,0,0,0,0.4,0,0,0,-0.8,1.6,0,-0.8,1.6,0,-0.8,1.6,0,-0.8,1.6
12,0,0,0,0.483,0,0.26,0,0,0,0.4,0,0,0,-0.8,1.6,0,-0.8,1.6,0,-0.8,1.6,0,-0.8,1.6
12,0,0,0,0.487,0,0.26,0,0,0,0.4,0,0,0,-0.8,1.6,0,-0.8,1.6,0,-0.8,1.6,0,-0.8,1.6
12,0,0,0,0.491,0,0.26,0,0,0,0.4,0,0,0,-0.8,1.6,0,-0.8,1.6,0,-0.8,1.6,0,-0.8,1.6
13,0,0,0,0.491,0,0.26,0,0,0,0.4,0,0,0,-0.8,1.6,0,-0.8,1.6,-0.159,-0.14,-0.26,-0.159,0.14,-0.26
13,0,0,0,0.495,0,0.26,0,0,0,0.4,0,0,0,-0.8,1.6,0,-0.8,1.6,-0.163,-0.14,-0.26,-0.163,0.14,-0.26
13,0,0,0,0.499,0,0.26,0,0,0,0.4,0,0,0,-0.8,1.6,0,-0.8,1.6,-0.167,-0.14,-0.26,-0.167,0.14,-0.26
13,0,0,0,0.503,0,0.26,0,0,0,0.4,0,0,0,-0.8,1.6,0,-0.8,1.6,-0.171,-0.14,-0.26,-0.171,0.14,-0.26
13,0,0,0,0.507,0,0.26,0,0,0,0.4,0,0,0,-0.8,1.6,0,-0.8,1.6,-0.175,-0.14,-0.26,-0.175,0.14,-0.26
13,0,0,0,0.511,0,0.26,0,0,0,0.4,0,0,0,-0.8,1.6,0,-0.8,1.6,-0.179,-0.14,-0.26,-0.179,0.14,-0.26
13,0,0,0,0.515,0,0.26,0,0,0,0.4,0,0,0,-0.8,1.6,0,-0.8,1.6,-0.183,-0.14,-0.26,-0.183,0.14,-0.26
13,0,0,0,0.519,0,0.26,0,0,0,0.4,0,0,0,-0.8,1.6,0,-0.8,1.6,-0.187,-0.14,-0.26,-0.187,0.14,-0.26
13,0,0,0,0.523,0,0.26,0,0,0,0.4,0,0,0,-0.8,1.6,0,-0.8,1.6,-0.191,-0.14,-0.26,-0.191,0.14,-0.26
13,0,0,0,0.527,0,0.26,0,0,0,0.4,0,0,0,-0.8,1.6,0,-0.8,1.6,-0.195,-0.14,-0.26,-0.195,0.14,-0.26
13,0,0,0,0.531,0,0.26,0,0,0,0.4,0,0,0,-0.8,1.6,0,-0.8,1.6,-0.199,-0.14,-0.26,-0.199,0.14,-0.26
13,0,0,0,0.535,0,0.26,0,0,0,0.4,0,0,0,-0.8,1.6,0,-0.8,1.6,-0.203,-0.14,-0.26,-0.203,0.14,-0.26
13,0,0,0,0.539,0,0.26,0,0,0,0.4,0,0,0,-0.8,1.6,0,-0.8,1.6,-0.207,-0.14,-0.26,-0.207,0.14,-0.26
13,0,0,0,0.543,0,0.26,0,0,0,0.4,0,0,0,-0.8,1.6,0,-0.8,1.6,-0.211,-0.14,-0.26,-0.211,0.14,-0.26
13,0,0,0,0.547,0,0.26,0,0,0,0.4,0,0,0,-0.8,1.6,0,-0.8,1.6,-0.215,-0.14,-0.26,-0.215,0.14,-0.26
13,0,0,0,0.551,0,0.26,0,0,0,0.4,0,0,0,-0.8,1.6,0,-0.8,1.6,-0.219,-0.14,-0.26,-0.219,0.14,-0.26
13,0,0,0,0.555,0,0.26,0,0,0,0.4,0,0,0,-0.8,1.6,0,-0.8,1.6,-0.219,-0.14,-0.26,-0.219,0.14,-0.26
14,0,0,0,0.555,0,0.26,0,0,0,0.4,0,0,0,-0.8,1.6,0,-0.8,1.6,0,-0.8,1.6,0,-0.8,1.6
14,0,0,0,0.559,0,0.26,0,0,0,0.4,0,0,0,-0.8,1.6,0,-0.8,1.6,0,-0.8,1.6,0,-0.8,1.6
14,0,0,0,0.563,0,0.26,0,0,0,0.4,0,0,0,-0.8,1.6,0,-0.8,1.6,0,-0.8,1.6,0,-0.8,1.6
14,0,0,0,0.567,0,0.26,0,0,0,0.4,0,0,0,-0.8,1.6,0,-0.8,1.6,0,-0.8,1.6,0,-0.8,1.6
14,0,0,0,0.571,0,0.26,0,0,0,0.4,0,0,0,-0.8,1.6,0,-0.8,1.6,0,-0.8,1.6,0,-0.8,1.6
15,0,0,0,0.571,0,0.26,0,0,0,0.4,0,0,0.224,-0.05,-0.26,0.224,0.05,-0.26,0,-0.8,1.6,0,-0.8,1.6
15,0,0,0,0.575,0,0.26,0,0,0,0.4,0,0,0.22,-0.05,-0.26,0.22,0.05,-0.26,0,-0.8,1.6,0,-0.8,1.6
15,0,0,0,0.579,0,0.26,0,0,0,0.4,0,0,0.216,-0.05,-0.26,0.216,0.05,-0.26,0,-0.8,1.6,0,-0.8,1.6
15,0,0,0,0.583,0,0.26,0,0,0,0.4,0,0,0.212,-0.05,-0.26,0.212,0.05,-0.26,0,-0.8,1.6,0,-0.8,1.6
15,0,0,0,0.587,0,0.26,0,0,0,0.4,0,0,0.208,-0.05,-0.26,0.208,0.05,-0.26,0,-0.8,1.6,0,-0.8,1.6
15,0,0,0,0.591,0,0.26,0,0,0,0.4,0,0,0.204,-0.05,-0.26,0.204,0.05,-0.26,0,-0.8,1.6,0,-0.8,1.6
15,0,0,0,0.595,0,0.26,0,0,0,0.4,0,0,0.2,-0.05,-0.26,0.2,0.05,-0.26,0,-0.8,1.6,0,-0.8,1.6
15,0,0,0,0.599,0,0.26,0,0,0,0.4,0,0,0.196,-0.05,-0.26,0.196,0.05,-0.26,0,-0.8,1.6,0,-0.8,1.6
15,0,0,0,0.603,0,0.26,0,0,0,0.4,0,0,0.192,-0.05,-0.26,0.192,0.05,-0.26,0,-0.8,1.6,0,-0.8,1.6
15,0,0,0,0.607,0,0.26,0,0,0,0.4,0,0,0.188,-0.05,-0.26,0.188,0.05,-0.26,0,-0.8,1.6,0,-0.8,1.6
15,0,0,0,0.611,0,0.26,0,0,0,0.4,0,0,0.184,-0.05,-0.26,0.184,0.05,-0.26,0,-0.8,1.6,0,-0.8,1.6
15,0,0,0,0.615,0,0.26,0,0,0,0.4,0,0,0.18,-0.05,-0.26,0.18,0.05,-0.26,0,-0.8,1.6,0,-0.8,1.6
15,0,0,0,0.619,0,0.26,0,0,0,0.4,0,0,0.176,-0.05,-0.26,0.176,0.05,-0.26,0,-0.8,1.6,0,-0.8,1.6
15,0,0,0,0.623,0,0.26,0,0,0,0.4,0,0,0.172,-0.05,-0.26,0.172,0.05,-0.26,0,-0.8,1.6,0,-0.8,1.6
15,0,0,0,0.627,0,0.26,0,0,0,0.4,0,0,0.168,-0.05,-0.26,0.168,0.05,-0.26,0,-0.8,1.6,0,-0.8,1.6
15,0,0,0,0.631,0,0.26,0,0,0,0.4,0,0,0.168,-0.05,-0.26,0.168,0.05,-0.26,0,-0.8,1.6,0,-0.8,1.6
16,0,0,0,0.631,0,0.26,0,0,0,0.4,0,0,0,-0.8,1.6,0,-0.8,1.6,0,-0.8,1.6,0,-0.8,1.6
16,0,0,0,0.635,0,0.26,0,0,0,0.4,0,0,0,-0.8,1.6,0,-0.8,1.6,0,-0.8,1.6,0,-0.8,1.6
16,0,0,0,0.639,0,0.26,0,0,0,0.4,0,0,0,-0.8,1.6,0,-0.8,1.6,0,-0.8,1.6,0,-0.8,1.6
16,0,0,0,0.643,0,0.26,0,0,0,0.4,0,0,0,-0.8,1.6,0,-0.8,1.6,0,-0.8,1.6,0,-0.8,1.6
16,0,0,0,0.647,0,0.26,0,0,0,0.4,0,0,0,-0.8,1.6,0,-0.8,1.6,0,-0.8,1.6,0,-0.8,1.6
16,0,0,0,0.651,0,0.26,0,0,0,0.4,0,0,0,-0.8,1.6,0,-0.8,1.6,0,-0.8,1.6,0,-0.8,1.6
17,0,0,0,0.651,0,0.26,0,0,0,0.4,0,0,0,-0.8,1.6,0,-0.8,1.6,-0.159,-0.14,-0.26,-0.159,0.14,-0.26
17,0,0,0,0.655,0,0.26,0,0,0,0.4,0,0,0,-0.8,1.6,0,-0.8,1.6,-0.163,-0.14,-0.26,-0.163,0.14,-0.26
17,0,0,0,0.659,0,0.26,0,0,0,0.4,0,0,0,-0.8,1.6,0,-0.8,1.6,-0.167,-0.14,-0.26,-0.167,0.14,-0.26
17,0,0,0,0.663,0,0.26,0,0,0,0.4,0,0,0,-0.8,1.6,0,-0.8,1.6,-0.171,-0.14,-0.26,-0.171,0.14,-0.26
17,0,0,0,0.667,0,0.26,0,0,0,0.4,0,0,0,-0.8,1.6,0,-0.8,1.6,-0.175,-0.14,-0.26,-0.175,0.14,-0.26
17,0,0,0,0.671,0,0.26,0,0,0,0.4,0,0,0,-0.8,1.6,0,-0.8,1.6,-0.179,-0.14,-0.26,-0.179,0.14,-0.26
17,0,0,0,0.675,0,0.26,0,0,0,0.4,0,0,0,-0.8,1.6,0,-0.8,1.6,-0.183,-0.14,-0.26,-0.183,0.14,-0.26
17,0,0,0,0.679,0,0.26,0,0,0,0.4,0,0,0,-0.8,1.6,0,-0.8,1.6,-0.187,-0.14,-0.26,-0.187,0.14,-0.26
17,0,0,0,0.683,0,0.26,0,0,0,0.4,0,0,0,-0.8,1.6,0,-0.8,1.6,-0.191,-0.14,-0.26,-0.191,0.14,-0.26
17,0,0,0,0.687,0,0.26,0,0,0,0.4,0,0,0,-0.8,1.6,0,-0.8,1.6,-0.195,-0.14,-0.26,-0.195,0.14,-0.26
17,0,0,0,0.691,0,0.26,0,0,0,0.4,0,0,0,-0.8,1.6,0,-0.8,1.6,-0.199,-0.14,-0.26,-0.199,0.14,-0.26
17,0,0,0,0.695,0,0.26,0,0,0,0.4,0,0,0,-0.8,1.6,0,-0.8,1.6,-0.203,-0.14,-0.26,-0.203,0.14,-0.26
17,0,0,0,0.699,0,0.26,0,0,0,0.4,0,0,0,-0.8,1.6,0,-0.8,1.6,-0.207,-0.14,-0.26,-0.207,0.14,-0.26
17,0,0,0,0.703,0,0.26,0,0,0,0.4,0,0,0,-0.8,1.6,0,-0.8,1.6,-0.211,-0.14,-0.26,-0.211,0.14,-0.26
17,0,0,0,0.707,0,0.26,0,0,0,0.4,0,0,0,-0.8,1.6,0,-0.8,1.6,-0.215,-0.14,-0.26,-0.215,0.14,-0.26
17,0,0,0,0.711,0,0.26,0,0,0,0.4,0,0,0,-0.8,1.6,0,-0.8,1.6,-0.219,-0.14,-0.26,-0.219,0.14,-0.26
17,0,0,0,0.715,0,0.26,0,0,0,0.4,0,0,0,-0.8,1.6,0,-0.8,1.6,-0.219,-0.14,-0.26,-0.219,0.14,-0.26
18,0,0,0,0.715,0,0.26,0,0,0,0.4,0,0,0,-0.8,1.6,0,-0.8,1.6,0,-0.8,1.6,0,-0.8,1.6
18,0,0,0,0.719,0,0.26,0,0,0,0.4,0,0,0,-0.8,1.6,0,-0.8,1.6,0,-0.8,1.6,0,-0.8,1.6
18,0,0,0,0.723,0,0.26,0,0,0,0.4,0,0,0,-0.8,1.6,0,-0.8,1.6,0,-0.8,1.6,0,-0.8,1.6
18,0,0,0,0.727,0,0.26,0,0,0,0.4,0,0,0,-0.8,1.6,0,-0.8,1.6,0,-0.8,1.6,0,-0.8,1.6
18,0,0,0,0.731,0,0.26,0,0,0,0.4,0,0,0,-0.8,1.6,0,-0.8,1.6,0,-0.8,1.6,0,-0.8,1.6
19,0,0,0,0.731,0,0.26,0,0,0,0.4,0,0,0.224,-0.05,-0.26,0.224,0.05,-0.26,0,-0.8,1.6,0,-0.8,1.6
19,0,0,0,0.735,0,0.26,0,0,0,0.4,0,0,0.22,-0.05,-0.26,0.22,0.05,-0.26,0,-0.8,1.6,0,-0.8,1.6
19,0,0,0,0.739,0,0.26,0,0,0,0.4,0,0,0.216,-0.05,-0.26,0.216,0.05,-0.26,0,-0.8,1.6,0,-0.8,1.6
19,0,0,0,0.743,0,0.26,0,0,0,0.4,0,0,0.212,-0.05,-0.26,0.212,0.05,-0.26,0,-0.8,1.6,0,-0.8,1.6
19,0,0,0,0.747,0,0.26,0,0,0,0.4,0,0,0.208,-0.05,-0.26,0.208,0.05,-0.26,0,-0.8,1.6,0,-0.8,1.6
19,0,0,0,0.751,0,0.26,0,0,0,0.4,0,0,0.204,-0.05,-0.26,0.204,0.05,-0.26,0,-0.8,1.6,0,-0.8,1.6
19,0,0,0,0.755,0,0.26,0,0,0,0.4,0,0,0.2,-0.05,-0.26,0.2,0.05,-0.26,0,-0.8,1.6,0,-0.8,1.6
19,0,0,0,0.759,0,0.26,0,0,0,0.4,0,0,0.196,-0.05,-0.26,0.196,0.05,-0.26,0,-0.8,1.6,0,-0.8,1.6
19,0,0,0,0.763,0,0.26,0,0,0,0.4,0,0,0.192,-0.05,-0.26,0.192,0.05,-0.26,0,-0.8,1.6,0,-0.8,1.6
19,0,0,0,0.767,0,0.26,0,0,0,0.4,0,0,0.188,-0.05,-0.26,0.188,0.05,-0.26,0,-0.8,1.6,0,-0.8,1.6
19,0,0,0,0.771,0,0.26,0,0,0,0.4,0,0,0.184,-0.05,-0.26,0.184,0.05,-0.26,0,-0.8,1.6,0,-0.8,1.6
19,0,0,0,0.775,0,0.26,0,0,0,0.4,0,0,0.18,-0.05,-0.26,0.18,0.05,-0.26,0,-0.8,1.6,0,-0.8,1.6
19,0,0,0,0.779,0,0.26,0,0,0,0.4,0,0,0.176,-0.05,-0.26,0.176,0.05,-0.26,0,-0.8,1.6,0,-0.8,1.6
19,0,0,0,0.783,0,0.26,0,0,0,0.4,0,0,0.172,-0.05,-0.26,0.172,0.05,-0.26,0,-0.8,1.6,0,-0.8,1.6
19,0,0,0,0.787,0,0.26,0,0,0,0.4,0,0,0.168,-0.05,-0.26,0.168,0.05,-0.26,0,-0.8,1.6,0,-0.8,1.6
19,0,0,0,0.791,0,0.26,0,0,0,0.4,0,0,0.164,-0.05,-0.26,0.164,0.05,-0.26,0,-0.8,1.6,0,-0.8,1.6
19,0,0,0,0.795,0,0.26,0,0,0,0.4,0,0,0.164,-0.05,-0.26,0.164,0.05,-0.26,0,-0.8,1.6,0,-0.8,1.6
20,0,0,0,0.795,0,0.26,0,0,0,0.4,0,0,0,-0.8,1.6,0,-0.8,1.6,0,-0.8,1.6,0,-0.8,1.6
20,0,0,0,0.799,0,0.26,0,0,0,0.4,0,0,0,-0.8,1.6,0,-0.8,1.6,0,-0.8,1.6,0,-0.8,1.6
20,0,0,0,0.803,0,0.26,0,0,0,0.4,0,0,0,-0.8,1.6,0,-0.8,1.6,0,-0.8,1.6,0,-0.8,1.6
20,0,0,0,0.807,0,0.26,0,0,0,0.4,0,0,0,-0.8,1.6,0,-0.8,1.6,0,-0.8,1.6,0,-0.8,1.6
20,0,0,0,0.811,0,0.26,0,0,0,0.4,0,0,0,-0.8,1.6,0,-0.8,1.6,0,-0.8,1.6,0,-0.8,1.6
21,0,0,0,0.811,0,0.26,0,0,0,0.4,0,0,0,-0.8,1.6,0,-0.8,1.6,-0.159,-0.14,-0.26,-0.159,0.14,-0.26
21,0,0,0,0.815,0,0.26,0,0,0,0.4,0,0,0,-0.8,1.6,0,-0.8,1.6,-0.163,-0.14,-0.26,-0.163,0.14,-0.26
21,0,0,0,0.819,0,0.26,0,0,0,0.4,0,0,0,-0.8,1.6,0,-0.8,1.6,-0.167,-0.14,-0.26,-0.167,0.14,-0.26
21,0,0,0,0.823,0,0.26,0,0,0,0.4,0,0,0,-0.8,1.6,0,-0.8,1.6,-0.171,-0.14,-0.26,-0.171,0.14,-0.26
21,0,0,0,0.827,0,0.26,0,0,0,0.4,0,0,0,-0.8,1.6,0,-0.8,1.6,-0.175,-0.14,-0.26,-0.175,0.14,-0.26
21,0,0,0,0.831,0,0.26,0,0,0,0.4,0,0,0,-0.8,1.6,0,-0.8,1.6,-0.179,-0.14,-0.26,-0.179,0.14,-0.26
21,0,0,0,0.835,0,0.26,0,0,0,0.4,0,0,0,-0.8,1.6,0,-0.8,1.6,-0.183,-0.14,-0.26,-0.183,0.14,-0.26
21,0,0,0,0.839,0,0.26,0,0,0,0.4,0,0,0,-0.8,1.6,0,-0.8,1.6,-0.187,-0.14,-0.26,-0.187,0.14,-0.26
21,0,0,0,0.843,0,0.26,0,0,0,0.4,0,0,0,-0.8,1.6,0,-0.8,1.6,-0.191,-0.14,-0.26,-0.191,0.14,-0.26
21,0,0,0,0.847,0,0.26,0,0,0,0.4,0,0,0,-0.8,1.6,0,-0.8,1.6,-0.195,-0.14,-0.26,-0.195,0.14,-0.26
21,0,0,0,0.851,0,0.26,0,0,0,0.4,0,0,0,-0.8,1.6,0,-0.8,1.6,-0.199,-0.14,-0.26,-0.199,0.14,-0.26
21,0,0,0,0.855,0,0.26,0,0,0,0.4,0,0,0,-0.8,1.6,0,-0.8,1.6,-0.203,-0.14,-0.26,-0.203,0.14,-0.26
21,0,0,0,0.859,0,0.26,0,0,0,0.4,0,0,0,-0.8,1.6,0,-0.8,1.6,-0.207,-0.14,-0.26,-0.207,0.14,-0.26
21,0,0,0,0.863,0,0.26,0,0,0,0.4,0,0,0,-0.8,1.6,0,-0.8,1.6,-0.211,-0.14,-0.26,-0.211,0.14,-0.26
21,0,0,0,0.867,0,0.26,0,0,0,0.4,0,0,0,-0.8,1.6,0,-0.8,1.6,-0.215,-0.14,-0.26,-0.215,0.14,-0.26
21,0,0,0,0.871,0,0.26,0,0,0,0.4,0,0,0,-0.8,1.6,0,-0.8,1.6,-0.215,-0.14,-0.26,-0.215,0.14,-0.26
22,0,0,0,0.871,0,0.26,0,0,0,0.4,0,0,0,-0.8,1.6,0,-0.8,1.6,0,-0.8,1.6,0,-0.8,1.6
22,0,0,0,0.875,0,0.26,0,0,0,0.4,0,0,0,-0.8,1.6,0,-0.8,1.6,0,-0.8,1.6,0,-0.8,1.6
22,0,0,0,0.879,0,0.26,0,0,0,0.4,0,0,0,-0.8,1.6,0,-0.8,1.6,0,-0.8,1.6,0,-0.8,1.6
22,0,0,0,0.883,0,0.26,0,0,0,0.4,0,0,0,-0.8,1.6,0,-0.8,1.6,0,-0.8,1.6,0,-0.8,1.6
22,0,0,0,0.887,0,0.26,0,0,0,0.4,0,0,0,-0.8,1.6,0,-0.8,1.6,0,-0.8,1.6,0,-0.8,1.6
23,0,0,0,0.887,0,0.26,0,0,0,0.4,0,0,0.224,-0.05,-0.26,0.224,0.05,-0.26,0,-0.8,1.6,0,-0.8,1.6
23,0,0,0,0.891,0,0.26,0,0,0,0.4,0,0,0.22,-0.05,-0.26,0.22,0.05,-0.26,0,-0.8,1.6,0,-0.8,1.6
23,0,0,0,0.895,0,0.26,0,0,0,0.4,0,0,0.216,-0.05,-0.26,0.216,0.05,-0.26,0,-0.8,1.6,0,-0.8,1.6
23,0,0,0,0.899,0,0.26,0,0,0,0.4,0,0,0.212,-0.05,-0.26,0.212,0.05,-0.26,0,-0.8,1.6,0,-0.8,1.6
23,0,0,0,0.903,0,0.26,0,0,0,0.4,0,0,0.208,-0.05,-0.26,0.208,0.05,-0.26,0,-0.8,1.6,0,-0.8,1.6
23,0,0,0,0.907,0,0.26,0,0,0,0.4,0,0,0.204,-0.05,-0.26,0.204,0.05,-0.26,0,-0.8,1.6,0,-0.8,1.6
23,0,0,0,0.911,0,0.26,0,0,0,0.4,0,0,0.2,-0.05,-0.26,0.2,0.05,-0.26,0,-0.8,1.6,0,-0.8,1.6
23,0,0,0,0.915,0,0.26,0,0,0,0.4,0,0,0.196,-0.05,-0.26,0.196,0.05,-0.26,0,-0.8,1.6,0,-0.8,1.6
23,0,0,0,0.919,0,0.26,0,0,0,0.4,0,0,0.192,-0.05,-0.26,0.192,0.05,-0.26,0,-0.8,1.6,0,-0.8,1.6
23,0,0,0,0.923,0,0.26,0,0,0,0.4,0,0,0.188,-0.05,-0.26,0.188,0.05,-0.26,0,-0.8,1.6,0,-0.8,1.6
23,0,0,0,0.927,0,0.26,0,0,0,0.4,0,0,0.184,-0.05,-0.26,0.184,0.05,-0.26,0,-0.8,1.6,0,-0.8,1.6
23,0,0,0,0.931,0,0.26,0,0,0,0.4,0,0,0.18,-0.05,-0.26,0.18,0.05,-0.26,0,-0.8,1.6,0,-0.8,1.6
23,0,0,0,0.935,0,0.26,0,0,0,0.4,0,0,0.176,-0.05,-0.26,0.176,0.05,-0.26,0,-0.8,1.6,0,-0.8,1.6
23,0,0,0,0.939,0,0.26,0,0,0,0.4,0,0,0.172,-0.05,-0.26,0.172,0.05,-0.26,0,-0.8,1.6,0,-0.8,1.6
23,0,0,0,0.943,0,0.26,0,0,0,0.4,0,0,0.168,-0.05,-0.26,0.168,0.05,-0.26,0,-0.8,1.6,0,-0.8,1.6
23,0,0,0,0.947,0,0.26,0,0,0,0.4,0,0,0.164,-0.05,-0.26,0.164,0.05,-0.26,0,-0.8,1.6,0,-0.8,1.6
23,0,0,0,0.951,0,0.26,0,0,0,0.4,0,0,0.16,-0.05,-0.26,0.16,0.05,-0.26,0,-0.8,1.6,0,-0.8,1.6
23,0,0,0,0.955,0,0.26,0,0,0,0.4,0,0,0.16,-0.05,-0.26,0.16,0.05,-0.26,0,-0.8,1.6,0,-0.8,1.6
24,0,0,0,0.955,0,0.26,0,0,0,0.4,0,0,0,-0.8,1.6,0,-0.8,1.6,0,-0.8,1.6,0,-0.8,1.6
24,0,0,0,0.959,0,0.26,0,0,0,0.4,0,0,0,-0.8,1.6,0,-0.8,1.6,0,-0.8,1.6,0,-0.8,1.6
24,0,0,0,0.963,0,0.26,0,0,0,0.4,0,0,0,-0.8,1.6,0,-0.8,1.6,0,-0.8,1.6,0,-0.8,1.6
24,0,0,0,0.967,0,0.26,0,0,0,0.4,0,0,0,-0.8,1.6,0,-0.8,1.6,0,-0.8,1.6,0,-0.8,1.6
24,0,0,0,0.971,0,0.26,0,0,0,0.4,0,0,0,-0.8,1.6,0,-0.8,1.6,0,-0.8,1.6,0,-0.8,1.6
25,0,0,0,0.971,0,0.26,0,0,0,0.4,0,0,0,-0.8,1.6,0,-0.8,1.6,-0.159,-0.14,-0.26,-0.159,0.14,-0.26
25,0,0,0,0.975,0,0.26,0,0,0,0.4,0,0,0,-0.8,1.6,0,-0.8,1.6,-0.163,-0.14,-0.26,-0.163,0.14,-0.26
25,0,0,0,0.979,0,0.26,0,0,0,0.4,0,0,0,-0.8,1.6,0,-0.8,1.6,-0.167,-0.14,-0.26,-0.167,0.14,-0.26
25,0,0,0,0.983,0,0.26,0,0,0,0.4,0,0,0,-0.8,1.6,0,-0.8,1.6,-0.171,-0.14,-0.26,-0.171,0.14,-0.26
25,0,0,0,0.987,0,0.26,0,0,0,0.4,0,0,0,-0.8,1.6,0,-0.8,1.6,-0.175,-0.14,-0.26,-0.175,0.14,-0.26
25,0,0,0,0.991,0,0.26,0,0,0,0.4,0,0,0,-0.8,1.6,0,-0.8,1.6,-0.179,-0.14,-0.26,-0.179,0.14,-0.26
25,0,0,0,0.995,0,0.26,0,0,0,0.4,0,0,0,-0.8,1.6,0,-0.8,1.6,-0.183,-0.14,-0.26,-0.183,0.14,-0.26
25,0,0,0,0.999,0,0.26,0,0,0,0.4,0,0,0,-0.8,1.6,0,-0.8,1.6,-0.187,-0.14,-0.26,-0.187,0.14,-0.26
25,0,0,0,1.003,0,0.26,0,0,0,0.4,0,0,0,-0.8,1.6,0,-0.8,1.6,-0.191,-0.14,-0.26,-0.191,0.14,-0.26
25,0,0,0,1.007,0,0.26,0,0,0,0.4,0,0,0,-0.8,1.6,0,-0.8,1.6,-0.195,-0.14,-0.26,-0.195,0.14,-0.26
25,0,0,0,1.011,0,0.26,0,0,0,0.4,0,0,0,-0.8,1.6,0,-0.8,1.6,-0.199,-0.14,-0.26,-0.199,0.14,-0.26
25,0,0,0,1.015,0,0.26,0,0,0,0.4,0,0,0,-0.8,1.6,0,-0.8,1.6,-0.203,-0.14,-0.26,-0.203,0.14,-0.26
25,0,0,0,1.019,0,0.26,0,0,0,0.4,0,0,0,-0.8,1.6,0,-0.8,1.6,-0.207,-0.14,-0.26,-0.207,0.14,-0.26
25,0,0,0,1.023,0,0.26,0,0,0,0.4,0,0,0,-0.8,1.6,0,-0.8,1.6,-0.211,-0.14,-0.26,-0.211,0.14,-0.26
25,0,0,0,1.027,0,0.26,0,0,0,0.4,0,0,0,-0.8,1.6,0,-0.8,1.6,-0.215,-0.14,-0.26,-0.215,0.14,-0.26
25,0,0,0,1.031,0,0.26,0,0,0,0.4,0,0,0,-0.8,1.6,0,-0.8,1.6,-0.215,-0.14,-0.26,-0.215,0.14,-0.26
26,0,0,0,1.031,0,0.26,0,0,0,0.4,0,0,0,-0.8,1.6,0,-0.8,1.6,0,-0.8,1.6,0,-0.8,1.6
26,0,0,0,1.035,0,0.26,0,0,0,0.4,0,0,0,-0.8,1.6,0,-0.8,1.6,0,-0.8,1.6,0,-0.8,1.6
26,0,0,0,1.039,0,0.26,0,0,0,0.4,0,0,0,-0.8,1.6,0,-0.8,1.6,0,-0.8,1.6,0,-0.8,1.6
26,0,0,0,1.043,0,0.26,0,0,0,0.4,0,0,0,-0.8,1.6,0,-0.8,1.6,0,-0.8,1.6,0,-0.8,1.6
26,0,0,0,1.047,0,0.26,0,0,0,0.4,0,0,0,-0.8,1.6,0,-0.8,1.6,0,-0.8,1.6,0,-0.8,1.6
27,0,0,0,1.047,0,0.26,0,0,0,0.4,0,0,0.224,-0.05,-0.26,0.224,0.05,-0.26,0,-0.8,1.6,0,-0.8,1.6
27,0,0,0,1.051,0,0.26,0,0,0,0.4,0,0,0.22,-0.05,-0.26,0.22,0.05,-0.26,0,-0.8,1.6,0,-0.8,1.6
27,0,0,0,1.055,0,0.26,0,0,0,0.4,0,0,0.216,-0.05,-0.26,0.216,0.05,-0.26,0,-0.8,1.6,0,-0.8,1.6
27,0,0,0,1.059,0,0.26,0,0,0,0.4,0,0,0.212,-0.05,-0.26,0.212,0.05,-0.26,0,-0.8,1.6,0,-0.8,1.6
27,0,0,0,1.063,0,0.26,0,0,0,0.4,0,0,0.208,-0.05,-0.26,0.208,0.05,-0.26,0,-0.8,1.6,0,-0.8,1.6
27,0,0,0,1.067,0,0.26,0,0,0,0.4,0,0,0.204,-0.05,-0.26,0.204,0.05,-0.26,0,-0.8,1.6,0,-0.8,1.6
27,0,0,0,1.071,0,0.26,0,0,0,0.4,0,0,0.2,-0.05,-0.26,0.2,0.05,-0.26,0,-0.8,1.6,0,-0.8,1.6
27,0,0,0,1.075,0,0.26,0,0,0,0.4,0,0,0.196,-0.05,-0.26,0.196,0.05,-0.26,0,-0.8,1.6,0,-0.8,1.6
27,0,0,0,1.079,0,0.26,0,0,0,0.4,0,0,0.192,-0.05,-0.26,0.192,0.05,-0.26,0,-0.8,1.6,0,-0.8,1.6
27,0,0,0,1.083,0,0.26,0,0,0,0.4,0,0,0.188,-0.05,-0.26,0.188,0.05,-0.26,0,-0.8,1.6,0,-0.8,1.6
27,0,0,0,1.087,0,0.26,0,0,0,0.4,0,0,0.184,-0.05,-0.26,0.184,0.05,-0.26,0,-0.8,1.6,0,-0.8,1.6
27,0,0,0,1.091,0,0.26,0,0,0,0.4,0,0,0.18,-0.05,-0.26,0.18,0.05,-0.26,0,-0.8,1.6,0,-0.8,1.6
27,0,0,0,1.095,0,0.26,0,0,0,0.4,0,0,0.176,-0.05,-0.26,0.176,0.05,-0.26,0,-0.8,1.6,0,-0.8,1.6
27,0,0,0,1.099,0,0.26,0,0,0,0.4,0,0,0.172,-0.05,-0.26,0.172,0.05,-0.26,0,-0.8,1.6,0,-0.8,1.6
27,0,0,0,1.103,0,0.26,0,0,0,0.4,0,0,0.168,-0.05,-0.26,0.168,0.05,-0.26,0,-0.8,1.6,0,-0.8,1.6
27,0,0,0,1.107,0,0.26,0,0,0,0.4,0,0,0.164,-0.05,-0.26,0.164,0.05,-0.26,0,-0.8,1.6,0,-0.8,1.6
27,0,0,0,1.111,0,0.26,0,0,0,0.4,0,0,0.16,-0.05,-0.26,0.16,0.05,-0.26,0,-0.8,1.6,0,-0.8,1.6
27,0,0,0,1.115,0,0.26,0,0,0,0.4,0,0,0.16,-0.05,-0.26,0.16,0.05,-0.26,0,-0.8,1.6,0,-0.8,1.6
28,0,0,0,1.115,0,0.26,0,0,0,0.4,0,0,0,-0.8,1.6,0,-0.8,1.6,0,-0.8,1.6,0,-0.8,1.6
28,0,0,0,1.119,0,0.26,0,0,0,0.4,0,0,0,-0.8,1.6,0,-0.8,1.6,0,-0.8,1.6,0,-0.8,1.6
28,0,0,0,1.123,0,0.26,0,0,0,0.4,0,0,0,-0.8,1.6,0,-0.8,1.6,0,-0.8,1.6,0,-0.8,1.6
28,0,0,0,1.127,0,0.26,0,0,0,0.4,0,0,0,-0.8,1.6,0,-0.8,1.6,0,-0.8,1.6,0,-0.8,1.6
28,0,0,0,1.131,0,0.26,0,0,0,0.4,0,0,0,-0.8,1.6,0,-0.8,1.6,0,-0.8,1.6,0,-0.8,1.6
29,0,0,0,1.131,0,0.26,0,0,0,0.4,0,0,0,-0.8,1.6,0,-0.8,1.6,-0.159,-0.14,-0.26,-0.159,0.14,-0.26
29,0,0,0,1.135,0,0.26,0,0,0,0.4,0,0,0,-0.8,1.6,0,-0.8,1.6,-0.163,-0.14,-0.26,-0.163,0.14,-0.26
29,0,0,0,1.139,0,0.26,0,0,0,0.4,0,0,0,-0.8,1.6,0,-0.8,1.6,-0.167,-0.14,-0.26,-0.167,0.14,-0.26
29,0,0,0,1.143,0,0.26,0,0,0,0.4,0,0,0,-0.8,1.6,0,-0.8,1.6,-0.171,-0.14,-0.26,-0.171,0.14,-0.26
29,0,0,0,1.147,0,0.26,0,0,0,0.4,0,0,0,-0.8,1.6,0,-0.8,1.6,-0.175,-0.14,-0.26,-0.175,0.14,-0.26
29,0,0,0,1.151,0,0.26,0,0,0,0.4,0,0,0,-0.8,1.6,0,-0.8,1.6,-0.179,-0.14,-0.26,-0.179,0.14,-0.26
29,0,0,0,1.155,0,0.26,0,0,0,0.4,0,0,0,-0.8,1.6,0,-0.8,1.6,-0.183,-0.14,-0.26,-0.183,0.14,-0.26
29,0,0,0,1.159,0,0.26,0,0,0,0.4,0,0,0,-0.8,1.6,0,-0.8,1.6,-0.187,-0.14,-0.26,-0.187,0.14,-0.26
29,0,0,0,1.163,0,0.26,0,0,0,0.4,0,0,0,-0.8,1.6,0,-0.8,1.6,-0.191,-0.14,-0.26,-0.191,0.14,-0.26
29,0,0,0,1.167,0,0.26,0,0,0,0.4,0,0,0,-0.8,1.6,0,-0.8,1.6,-0.195,-0.14,-0.26,-0.195,0.14,-0.26
29,0,0,0,1.171,0,0.26,0,0,0,0.4,0,0,0,-0.8,1.6,0,-0.8,1.6,-0.199,-0.14,-0.26,-0.199,0.14,-0.26
29,0,0,0,1.175,0,0.26,0,0,0,0.4,0,0,0,-0.8,1.6,0,-0.8,1.6,-0.203,-0.14,-0.26,-0.203,0.14,-0.26
29,0,0,0,1.179,0,0.26,0,0,0,0.4,0,0,0,-0.8,1.6,0,-0.8,1.6,-0.207,-0.14,-0.26,-0.207,0.14,-0.26
29,0,0,0,1.183,0,0.26,0,0,0,0.4,0,0,0,-0.8,1.6,0,-0.8,1.6,-0.211,-0.14,-0.26,-0.211,0.14,-0.26
29,0,0,0,1.187,0,0.26,0,0,0,0.4,0,0,0,-0.8,1.6,0,-0.8,1.6,-0.215,-0.14,-0.26,-0.215,0.14,-0.26
29,0,0,0,1.191,0,0.26,0,0,0,0.4,0,0,0,-0.8,1.6,0,-0.8,1.6,-0.215,-0.14,-0.26,-0.215,0.14,-0.26
30,0,0,0,1.191,0,0.26,0,0,0,0.4,0,0,0,-0.8,1.6,0,-0.8,1.6,0,-0.8,1.6,0,-0.8,1.6
30,0,0,0,1.195,0,0.26,0,0,0,0.4,0,0,0,-0.8,1.6,0,-0.8,1.6,0,-0.8,1.6,0,-0.8,1.6
30,0,0,0,1.199,0,0.26,0,0,0,0.4,0,0,0,-0.8,1.6,0,-0.8,1.6,0,-0.8,1.6,0,-0.8,1.6
30,0,0,0,1.203,0,0.26,0,0,0,0.4,0,0,0,-0.8,1.6,0,-0.8,1.6,0,-0.8,1.6,0,-0.8,1.6
30,0,0,0,1.207,0,0.26,0,0,0,0.4,0,0,0,-0.8,1.6,0,-0.8,1.6,0,-0.8,1.6,0,-0.8,1.6
31,0,0,0,1.207,0,0.26,0,0,0,0.4,0,0,0.224,-0.05,-0.26,0.224,0.05,-0.26,0,-0.8,1.6,0,-0.8,1.6
31,0,0,0,1.211,0,0.26,0,0,0,0.4,0,0,0.22,-0.05,-0.26,0.22,0.05,-0.26,0,-0.8,1.6,0,-0.8,1.6
31,0,0,0,1.215,0,0.26,0,0,0,0.4,0,0,0.216,-0.05,-0.26,0.216,0.05,-0.26,0,-0.8,1.6,0,-0.8,1.6
31,0,0,0,1.219,0,0.26,0,0,0,0.4,0,0,0.212,-0.05,-0.26,0.212,0.05,-0.26,0,-0.8,1.6,0,-0.8,1.6
31,0,0,0,1.223,0,0.26,0,0,0,0.4,0,0,0.208,-0.05,-0.26,0.208,0.05,-0.26,0,-0.8,1.6,0,-0.8,1.6
31,0,0,0,1.227,0,0.26,0,0,0,0.4,0,0,0.204,-0.05,-0.26,0.204,0.05,-0.26,0,-0.8,1.6,0,-0.8,1.6
31,0,0,0,1.231,0,0.26,0,0,0,0.4,0,0,0.2,-0.05,-0.26,0.2,0.05,-0.26,0,-0.8,1.6,0,-0.8,1.6
31,0,0,0,1.235,0,0.26,0,0,0,0.4,0,0,0.196,-0.05,-0.26,0.196,0.05,-0.26,0,-0.8,1.6,0,-0.8,1.6
31,0,0,0,1.239,0,0.26,0,0,0,0.4,0,0,0.192,-0.05,-0.26,0.192,0.05,-0.26,0,-0.8,1.6,0,-0.8,1.6
31,0,0,0,1.243,0,0.26,0,0,0,0.4,0,0,0.188,-0.05,-0.26,0.188,0.05,-0.26,0,-0.8,1.6,0,-0.8,1.6
31,0,0,0,1.247,0,0.26,0,0,0,0.4,0,0,0.184,-0.05,-0.26,0.184,0.05,-0.26,0,-0.8,1.6,0,-0.8,1.6
31,0,0,0,1.251,0,0.26,0,0,0,0.4,0,0,0.18,-0.05,-0.26,0.18,0.05,-0.26,0,-0.8,1.6,0,-0.8,1.6
31,0,0,0,1.255,0,0.26,0,0,0,0.4,0,0,0.176,-0.05,-0.26,0.176,0.05,-0.26,0,-0.8,1.6,0,-0.8,1.6
31,0,0,0,1.259,0,0.26,0,0,0,0.4,0,0,0.172,-0.05,-0.26,0.172,0.05,-0.26,0,-0.8,1.6,0,-0.8,1.6
31,0,0,0,1.263,0,0.26,0,0,0,0.4,0,0,0.168,-0.05,-0.26,0.168,0.05,-0.26,0,-0.8,1.6,0,-0.8,1.6
31,0,0,0,1.267,0,0.26,0,0,0,0.4,0,0,0.164,-0.05,-0.26,0.164,0.05,-0.26,0,-0.8,1.6,0,-0.8,1.6
31,0,0,0,1.271,0,0.26,0,0,0,0.4,0,0,0.164,-0.05,-0.26,0.164,0.05,-0.26,0,-0.8,1.6,0,-0.8,1.6
32,0,0,0,1.271,0,0.26,0,0,0,0.4,0,0,0,-0.8,1.6,0,-0.8,1.6,0,-0.8,1.6,0,-0.8,1.6
32,0,0,0,1.275,0,0.26,0,0,0,0.4,0,0,0,-0.8,1.6,0,-0.8,1.6,0,-0.8,1.6,0,-0.8,1.6
32,0,0,0,1.279,0,0.26,0,0,0,0.4,0,0,0,-0.8,1.6,0,-0.8,1.6,0,-0.8,1.6,0,-0.8,1.6
32,0,0,0,1.283,0,0.26,0,0,0,0.4,0,0,0,-0.8,1.6,0,-0.8,1.6,0,-0.8,1.6,0,-0.8,1.6
32,0,0,0,1.287,0,0.26,0,0,0,0.4,0,0,0,-0.8,1.6,0,-0.8,1.6,0,-0.8,1.6,0,-0.8,1.6
33,0,0,0,1.287,0,0.26,0,0,0,0.4,0,0,0,-0.8,1.6,0,-0.8,1.6,-0.159,-0.14,-0.26,-0.159,0.14,-0.26
33,0,0,0,1.291,0,0.26,0,0,0,0.4,0,0,0,-0.8,1.6,0,-0.8,1.6,-0.163,-0.14,-0.26,-0.163,0.14,-0.26
33,0,0,0,1.295,0,0.26,0,0,0,0.4,0,0,0,-0.8,1.6,0,-0.8,1.6,-0.167,-0.14,-0.26,-0.167,0.14,-0.26
33,0,0,0,1.299,0,0.26,0,0,0,0.4,0,0,0,-0.8,1.6,0,-0.8,1.6,-0.171,-0.14,-0.26,-0.171,0.14,-0.26
33,0,0,0,1.303,0,0.26,0,0,0,0.4,0,0,0,-0.8,1.6,0,-0.8,1.6,-0.175,-0.14,-0.26,-0.175,0.14,-0.26
33,0,0,0,1.307,0,0.26,0,0,0,0.4,0,0,0,-0.8,1.6,0,-0.8,1.6,-0.179,-0.14,-0.26,-0.179,0.14,-0.26
33,0,0,0,1.311,0,0.26,0,0,0,0.4,0,0,0,-0.8,1.6,0,-0.8,1.6,-0.183,-0.14,-0.26,-0.183,0.14,-0.26
33,0,0,0,1.315,0,0.26,0,0,0,0.4,0,0,0,-0.8,1.6,0,-0.8,1.6,-0.187,-0.14,-0.26,-0.187,0.14,-0.26
33,0,0,0,1.319,0,0.26,0,0,0,0.4,0,0,0,-0.8,1.6,0,-0.8,1.6,-0.191,-0.14,-0.26,-0.191,0.14,-0.26
33,0,0,0,1.323,0,0.26,0,0,0,0.4,0,0,0,-0.8,1.6,0,-0.8,1.6,-0.195,-0.14,-0.26,-0.195,0.14,-0.26
33,0,0,0,1.327,0,0.26,0,0,0,0.4,0,0,0,-0.8,1.6,0,-0.8,1.6,-0.199,-0.14,-0.26,-0.199,0.14,-0.26
33,0,0,0,1.331,0,0.26,0,0,0,0.4,0,0,0,-0.8,1.6,0,-0.8,1.6,-0.203,-0.14,-0.26,-0.203,0.14,-0.26
33,0,0,0,1.335,0,0.26,0,0,0,0.4,0,0,0,-0.8,1.6,0,-0.8,1.6,-0.207,-0.14,-0.26,-0.207,0.14,-0.26
33,0,0,0,1.339,0,0.26,0,0,0,0.4,0,0,0,-0.8,1.6,0,-0.8,1.6,-0.211,-0.14,-0.26,-0.211,0.14,-0.26
33,0,0,0,1.343,0,0.26,0,0,0,0.4,0,0,0,-0.8,1.6,0,-0.8,1.6,-0.215,-0.14,-0.26,-0.215,0.14,-0.26
33,0,0,0,1.347,0,0.26,0,0,0,0.4,0,0,0,-0.8,1.6,0,-0.8,1.6,-0.219,-0.14,-0.26,-0.219,0.14,-0.26
33,0,0,0,1.351,0,0.26,0,0,0,0.4,0,0,0,-0.8,1.6,0,-0.8,1.6,-0.219,-0.14,-0.26,-0.219,0.14,-0.26
34,0,0,0,1.351,0,0.26,0,0,0,0.4,0,0,0,-0.8,1.6,0,-0.8,1.6,0,-0.8,1.6,0,-0.8,1.6
34,0,0,0,1.355,0,0.26,0,0,0,0.4,0,0,0,-0.8,1.6,0,-0.8,1.6,0,-0.8,1.6,0,-0.8,1.6
34,0,0,0,1.359,0,0.26,0,0,0,0.4,0,0,0,-0.8,1.6,0,-0.8,1.6,0,-0.8,1.6,0,-0.8,1.6
34,0,0,0,1.363,0,0.26,0,0,0,0.4,0,0,0,-0.8,1.6,0,-0.8,1.6,0,-0.8,1.6,0,-0.8,1.6
34,0,0,0,1.367,0,0.26,0,0,0,0.4,0,0,0,-0.8,1.6,0,-0.8,1.6,0,-0.8,1.6,0,-0.8,1.6
35,0,0,0,1.367,0,0.26,0,0,0,0.4,0,0,0.224,-0.05,-0.26,0.224,0.05,-0.26,0,-0.8,1.6,0,-0.8,1.6
35,0,0,0,1.371,0,0.26,0,0,0,0.4,0,0,0.22,-0.05,-0.26,0.22,0.05,-0.26,0,-0.8,1.6,0,-0.8,1.6
35,0,0,0,1.375,0,0.26,0,0,0,0.4,0,0,0.216,-0.05,-0.26,0.216,0.05,-0.26,0,-0.8,1.6,0,-0.8,1.6
35,0,0,0,1.379,0,0.26,0,0,0,0.4,0,0,0.212,-0.05,-0.26,0.212,0.05,-0.26,0,-0.8,1.6,0,-0.8,1.6
35,0,0,0,1.383,0,0.26,0,0,0,0.4,0,0,0.208,-0.05,-0.26,0.208,0.05,-0.26,0,-0.8,1.6,0,-0.8,1.6
35,0,0,0,1.387,0,0.26,0,0,0,0.4,0,0,0.204,-0.05,-0.26,0.204,0.05,-0.26,0,-0.8,1.6,0,-0.8,1.6
35,0,0,0,1.391,0,0.26,0,0,0,0.4,0,0,0.2,-0.05,-0.26,0.2,0.05,-0.26,0,-0.8,1.6,0,-0.8,1.6
35,0,0,0,1.395,0,0.26,0,0,0,0.4,0,0,0.196,-0.05,-0.26,0.196,0.05,-0.26,0,-0.8,1.6,0,-0.8,1.6
35,0,0,0,1.399,0,0.26,0,0,0,0.4,0,0,0.192,-0.05,-0.26,0.192,0.05,-0.26,0,-0.8,1.6,0,-0.8,1.6
35,0,0,0,1.403,0,0.26,0,0,0,0.4,0,0,0.188,-0.05,-0.26,0.188,0.05,-0.26,0,-0.8,1.6,0,-0.8,1.6
35,0,0,0,1.407,0,0.26,0,0,0,0.4,0,0,0.184,-0.05,-0.26,0.184,0.05,-0.26,0,-0.8,1.6,0,-0.8,1.6
35,0,0,0,1.411,0,0.26,0,0,0,0.4,0,0,0.18,-0.05,-0.26,0.18,0.05,-0.26,0,-0.8,1.6,0,-0.8,1.6
35,0,0,0,1.415,0,0.26,0,0,0,0.4,0,0,0.176,-0.05,-0.26,0.176,0.05,-0.26,0,-0.8,1.6,0,-0.8,1.6
35,0,0,0,1.419,0,0.26,0,0,0,0.4,0,0,0.172,-0.05,-0.26,0.172,0.05,-0.26,0,-0.8,1.6,0,-0.8,1.6
35,0,0,0,1.423,0,0.26,0,0,0,0.4,0,0,0.168,-0.05,-0.26,0.168,0.05,-0.26,0,-0.8,1.6,0,-0.8,1.6
35,0,0,0,1.427,0,0.26,0,0,0,0.4,0,0,0.164,-0.05,-0.26,0.164,0.05,-0.26,0,-0.8,1.6,0,-0.8,1.6
35,0,0,0,1.431,0,0.26,0,0,0,0.4,0,0,0.164,-0.05,-0.26,0.164,0.05,-0.26,0,-0.8,1.6,0,-0.8,1.6
36,0,0,0,1.431,0,0.26,0,0,0,0.4,0,0,0,-0.8,1.6,0,-0.8,1.6,0,-0.8,1.6,0,-0.8,1.6
36,0,0,0,1.435,0,0.26,0,0,0,0.4,0,0,0,-0.8,1.6,0,-0.8,1.6,0,-0.8,1.6,0,-0.8,1.6
36,0,0,0,1.439,0,0.26,0,0,0,0.4,0,0,0,-0.8,1.6,0,-0.8,1.6,0,-0.8,1.6,0,-0.8,1.6
36,0,0,0,1.443,0,0.26,0,0,0,0.4,0,0,0,-0.8,1.6,0,-0.8,1.6,0,-0.8,1.6,0,-0.8,1.6
36,0,0,0,1.447,0,0.26,0,0,0,0.4,0,0,0,-0.8,1.6,0,-0.8,1.6,0,-0.8,1.6,0,-0.8,1.6
37,0,0,0,1.447,0,0.26,0,0,0,0.4,0,0,0,-0.8,1.6,0,-0.8,1.6,-0.159,-0.14,-0.26,-0.159,0.14,-0.26
37,0,0,0,1.451,0,0.26,0,0,0,0.4,0,0,0,-0.8,1.6,0,-0.8,1.6,-0.163,-0.14,-0.26,-0.163,0.14,-0.26
37,0,0,0,1.455,0,0.26,0,0,0,0.4,0,0,0,-0.8,1.6,0,-0.8,1.6,-0.167,-0.14,-0.26,-0.167,0.14,-0.26
37,0,0,0,1.459,0,0.26,0,0,0,0.4,0,0,0,-0.8,1.6,0,-0.8,1.6,-0.171,-0.14,-0.26,-0.171,0.14,-0.26
37,0,0,0,1.463,0,0.26,0,0,0,0.4,0,0,0,-0.8,1.6,0,-0.8,1.6,-0.175,-0.14,-0.26,-0.175,0.14,-0.26
37,0,0,0,1.467,0,0.26,0,0,0,0.4,0,0,0,-0.8,1.6,0,-0.8,1.6,-0.179,-0.14,-0.26,-0.179,0.14,-0.26
37,0,0,0,1.471,0,0.26,0,0,0,0.4,0,0,0,-0.8,1.6,0,-0.8,1.6,-0.183,-0.14,-0.26,-0.183,0.14,-0.26
37,0,0,0,1.475,0,0.26,0,0,0,0.4,0,0,0,-0.8,1.6,0,-0.8,1.6,-0.187,-0.14,-0.26,-0.187,0.14,-0.26
37,0,0,0,1.479,0,0.26,0,0,0,0.4,0,0,0,-0.8,1.6,0,-0.8,1.6,-0.191,-0.14,-0.26,-0.191,0.14,-0.26
37,0,0,0,1.483,0,0.26,0,0,0,0.4,0,0,0,-0.8,1.6,0,-0.8,1.6,-0.195,-0.14,-0.26,-0.195,0.14,-0.26
37,0,0,0,1.487,0,0.26,0,0,0,0.4,0,0,0,-0.8,1.6,0,-0.8,1.6,-0.199,-0.14,-0.26,-0.199,0.14,-0.26
37,0,0,0,1.491,0,0.26,0,0,0,0.4,0,0,0,-0.8,1.6,0,-0.8,1.6,-0.203,-0.14,-0.26,-0.203,0.14,-0.26
37,0,0,0,1.495,0,0.26,0,0,0,0.4,0,0,0,-0.8,1.6,0,-0.8,1.6,-0.207,-0.14,-0.26,-0.207,0.14,-0.26
37,0,0,0,1.499,0,0.26,0,0,0,0.4,0,0,0,-0.8,1.6,0,-0.8,1.6,-0.211,-0.14,-0.26,-0.211,0.14,-0.26
37,0,0,0,1.503,0,0.26,0,0,0,0.4,0,0,0,-0.8,1.6,0,-0.8,1.6,-0.215,-0.14,-0.26,-0.215,0.14,-0.26
37,0,0,0,1.507,0,0.26,0,0,0,0.4,0,0,0,-0.8,1.6,0,-0.8,1.6,-0.219,-0.14,-0.26,-0.219,0.14,-0.26
37,0,0,0,1.511,0,0.26,0,0,0,0.4,0,0,0,-0.8,1.6,0,-0.8,1.6,-0.219,-0.14,-0.26,-0.219,0.14,-0.26
38,0,0,0,1.511,0,0.26,0,0,0,0.4,0,0,0,-0.8,1.6,0,-0.8,1.6,0,-0.8,1.6,0,-0.8,1.6
38,0,0,0,1.515,0,0.26,0,0,0,0.4,0,0,0,-0.8,1.6,0,-0.8,1.6,0,-0.8,1.6,0,-0.8,1.6
38,0,0,0,1.519,0,0.26,0,0,0,0.4,0,0,0,-0.8,1.6,0,-0.8,1.6,0,-0.8,1.6,0,-0.8,1.6
38,0,0,0,1.523,0,0.26,0,0,0,0.4,0,0,0,-0.8,1.6,0,-0.8,1.6,0,-0.8,1.6,0,-0.8,1.6
38,0,0,0,1.527,0,0.26,0,0,0,0.4,0,0,0,-0.8,1.6,0,-0.8,1.6,0,-0.8,1.6,0,-0.8,1.6
39,0,0,0,1.527,0,0.26,0,0,0,0.4,0,0,0.224,-0.05,-0.26,0.224,0.05,-0.26,0,-0.8,1.6,0,-0.8,1.6
39,0,0,0,1.531,0,0.26,0,0,0,0.4,0,0,0.22,-0.05,-0.26,0.22,0.05,-0.26,0,-0.8,1.6,0,-0.8,1.6
39,0,0,0,1.535,0,0.26,0,0,0,0.4,0,0,0.216,-0.05,-0.26,0.216,0.05,-0.26,0,-0.8,1.6,0,-0.8,1.6
39,0,0,0,1.539,0,0.26,0,0,0,0.4,0,0,0.212,-0.05,-0.26,0.212,0.05,-0.26,0,-0.8,1.6,0,-0.8,1.6
39,0,0,0,1.543,0,0.26,0,0,0,0.4,0,0,0.208,-0.05,-0.26,0.208,0.05,-0.26,0,-0.8,1.6,0,-0.8,1.6
39,0,0,0,1.547,0,0.26,0,0,0,0.4,0,0,0.204,-0.05,-0.26,0.204,0.05,-0.26,0,-0.8,1.6,0,-0.8,1.6
39,0,0,0,1.551,0,0.26,0,0,0,0.4,0,0,0.2,-0.05,-0.26,0.2,0.05,-0.26,0,-0.8,1.6,0,-0.8,1.6
39,0,0,0,1.555,0,0.26,0,0,0,0.4,0,0,0.196,-0.05,-0.26,0.196,0.05,-0.26,0,-0.8,1.6,0,-0.8,1.6
39,0,0,0,1.559,0,0.26,0,0,0,0.4,0,0,0.192,-0.05,-0.26,0.192,0.05,-0.26,0,-0.8,1.6,0,-0.8,1.6
39,0,0,0,1.563,0,0.26,0,0,0,0.4,0,0,0.188,-0.05,-0.26,0.188,0.05,-0.26,0,-0.8,1.6,0,-0.8,1.6
39,0,0,0,1.567,0,0.26,0,0,0,0.4,0,0,0.184,-0.05,-0.26,0.184,0.05,-0.26,0,-0.8,1.6,0,-0.8,1.6
39,0,0,0,1.571,0,0.26,0,0,0,0.4,0,0,0.18,-0.05,-0.26,0.18,0.05,-0.26,0,-0.8,1.6,0,-0.8,1.6
39,0,0,0,1.575,0,0.26,0,0,0,0.4,0,0,0.176,-0.05,-0.26,0.176,0.05,-0.26,0,-0.8,1.6,0,-0.8,1.6
39,0,0,0,1.579,0,0.26,0,0,0,0.4,0,0,0.172,-0.05,-0.26,0.172,0.05,-0.26,0,-0.8,1.6,0,-0.8,1.6
39,0,0,0,1.583,0,0.26,0,0,0,0.4,0,0,0.168,-0.05,-0.26,0.168,0.05,-0.26,0,-0.8,1.6,0,-0.8,1.6
39,0,0,0,1.587,0,0.26,0,0,0,0.4,0,0,0.164,-0.05,-0.26,0.164,0.05,-0.26,0,-0.8,1.6,0,-0.8,1.6
39,0,0,0,1.591,0,0.26,0,0,0,0.4,0,0,0.164,-0.05,-0.26,0.164,0.05,-0.26,0,-0.8,1.6,0,-0.8,1.6
40,0,0,0,1.591,0,0.26,0,0,0,0.4,0,0,0,-0.8,1.6,0,-0.8,1.6,0,-0.8,1.6,0,-0.8,1.6
40,0,0,0,1.595,0,0.26,0,0,0,0.4,0,0,0,-0.8,1.6,0,-0.8,1.6,0,-0.8,1.6,0,-0.8,1.6
40,0,0,0,1.599,0,0.26,0,0,0,0.4,0,0,0,-0.8,1.6,0,-0.8,1.6,0,-0.8,1.6,0,-0.8,1.6
40,0,0,0,1.603,0,0.26,0,0,0,0.4,0,0,0,-0.8,1.6,0,-0.8,1.6,0,-0.8,1.6,0,-0.8,1.6
40,0,0,0,1.607,0,0.26,0,0,0,0.4,0,0,0,-0.8,1.6,0,-0.8,1.6,0,-0.8,1.6,0,-0.8,1.6
40,0,0,0,1.611,0,0.26,0,0,0,0.4,0,0,0,-0.8,1.6,0,-0.8,1.6,0,-0.8,1.6,0,-0.8,1.6
41,0,0,0,1.611,0,0.26,0,0,0,0.4,0,0,0,-0.8,1.6,0,-0.8,1.6,-0.159,-0.14,-0.26,-0.159,0.14,-0.26
41,0,0,0,1.615,0,0.26,0,0,0,0.4,0,0,0,-0.8,1.6,0,-0.8,1.6,-0.163,-0.14,-0.26,-0.163,0.14,-0.26
41,0,0,0,1.619,0,0.26,0,0,0,0.4,0,0,0,-0.8,1.6,0,-0.8,1.6,-0.167,-0.14,-0.26,-0.167,0.14,-0.26
41,0,0,0,1.623,0,0.26,0,0,0,0.4,0,0,0,-0.8,1.6,0,-0.8,1.6,-0.171,-0.14,-0.26,-0.171,0.14,-0.26
41,0,0,0,1.627,0,0.26,0,0,0,0.4,0,0,0,-0.8,1.6,0,-0.8,1.6,-0.175,-0.14,-0.26,-0.175,0.14,-0.26
41,0,0,0,1.631,0,0.26,0,0,0,0.4,0,0,0,-0.8,1.6,0,-0.8,1.6,-0.179,-0.14,-0.26,-0.179,0.14,-0.26
41,0,0,0,1.635,0,0.26,0,0,0,0.4,0,0,0,-0.8,1.6,0,-0.8,1.6,-0.183,-0.14,-0.26,-0.183,0.14,-0.26
41,0,0,0,1.639,0,0.26,0,0,0,0.4,0,0,0,-0.8,1.6,0,-0.8,1.6,-0.187,-0.14,-0.26,-0.187,0.14,-0.26
41,0,0,0,1.643,0,0.26,0,0,0,0.4,0,0,0,-0.8,1.6,0,-0.8,1.6,-0.191,-0.14,-0.26,-0.191,0.14,-0.26
41,0,0,0,1.647,0,0.26,0,0,0,0.4,0,0,0,-0.8,1.6,0,-0.8,1.6,-0.195,-0.14,-0.26,-0.195,0.14,-0.26
41,0,0,0,1.651,0,0.26,0,0,0,0.4,0,0,0,-0.8,1.6,0,-0.8,1.6,-0.199,-0.14,-0.26,-0.199,0.14,-0.26
41,0,0,0,1.655,0,0.26,0,0,0,0.4,0,0,0,-0.8,1.6,0,-0.8,1.6,-0.203,-0.14,-0.26,-0.203,0.14,-0.26
41,0,0,0,1.659,0,0.26,0,0,0,0.4,0,0,0,-0.8,1.6,0,-0.8,1.6,-0.207,-0.14,-0.26,-0.207,0.14,-0.26
41,0,0,0,1.663,0,0.26,0,0,0,0.4,0,0,0,-0.8,1.6,0,-0.8,1.6,-0.211,-0.14,-0.26,-0.211,0.14,-0.26
41,0,0,0,1.667,0,0.26,0,0,0,0.4,0,0,0,-0.8,1.6,0,-0.8,1.6,-0.215,-0.14,-0.26,-0.215,0.14,-0.26
41,0,0,0,1.671,0,0.26,0,0,0,0.4,0,0,0,-0.8,1.6,0,-0.8,1.6,-0.215,-0.14,-0.26,-0.215,0.14,-0.26
42,0,0,0,1.671,0,0.26,0,0,0,0.4,0,0,0,-0.8,1.6,0,-0.8,1.6,0,-0.8,1.6,0,-0.8,1.6
42,0,0,0,1.675,0,0.26,0,0,0,0.4,0,0,0,-0.8,1.6,0,-0.8,1.6,0,-0.8,1.6,0,-0.8,1.6
42,0,0,0,1.679,0,0.26,0,0,0,0.4,0,0,0,-0.8,1.6,0,-0.8,1.6,0,-0.8,1.6,0,-0.8,1.6
42,0,0,0,1.683,0,0.26,0,0,0,0.4,0,0,0,-0.8,1.6,0,-0.8,1.6,0,-0.8,1.6,0,-0.8,1.6
42,0,0,0,1.687,0,0.26,0,0,0,0.4,0,0,0,-0.8,1.6,0,-0.8,1.6,0,-0.8,1.6,0,-0.8,1.6
43,0,0,0,1.687,0,0.26,0,0,0,0.4,0,0,0.224,-0.05,-0.26,0.224,0.05,-0.26,0,-0.8,1.6,0,-0.8,1.6
43,0,0,0,1.691,0,0.26,0,0,0,0.4,0,0,0.22,-0.05,-0.26,0.22,0.05,-0.26,0,-0.8,1.6,0,-0.8,1.6
43,0,0,0,1.695,0,0.26,0,0,0,0.4,0,0,0.216,-0.05,-0.26,0.216,0.05,-0.26,0,-0.8,1.6,0,-0.8,1.6
43,0,0,0,1.699,0,0.26,0,0,0,0.4,0,0,0.212,-0.05,-0.26,0.212,0.05,-0.26,0,-0.8,1.6,0,-0.8,1.6
43,0,0,0,1.703,0,0.26,0,0,0,0.4,0,0,0.208,-0.05,-0.26,0.208,0.05,-0.26,0,-0.8,1.6,0,-0.8,1.6
43,0,0,0,1.707,0,0.26,0,0,0,0.4,0,0,0.204,-0.05,-0.26,0.204,0.05,-0.26,0,-0.8,1.6,0,-0.8,1.6
43,0,0,0,1.711,0,0.26,0,0,0,0.4,0,0,0.2,-0.05,-0.26,0.2,0.05,-0.26,0,-0.8,1.6,0,-0.8,1.6
43,0,0,0,1.715,0,0.26,0,0,0,0.4,0,0,0.196,-0.05,-0.26,0.196,0.05,-0.26,0,-0.8,1.6,0,-0.8,1.6
43,0,0,0,1.719,0,0.26,0,0,0,0.4,0,0,0.192,-0.05,-0.26,0.192,0.05,-0.26,0,-0.8,1.6,0,-0.8,1.6
43,0,0,0,1.723,0,0.26,0,0,0,0.4,0,0,0.188,-0.05,-0.26,0.188,0.05,-0.26,0,-0.8,1.6,0,-0.8,1.6
43,0,0,0,1.727,0,0.26,0,0,0,0.4,0,0,0.184,-0.05,-0.26,0.184,0.05,-0.26,0,-0.8,1.6,0,-0.8,1.6
43,0,0,0,1.731,0,0.26,0,0,0,0.4,0,0,0.18,-0.05,-0.26,0.18,0.05,-0.26,0,-0.8,1.6,0,-0.8,1.6
43,0,0,0,1.735,0,0.26,0,0,0,0.4,0,0,0.176,-0.05,-0.26,0.176,0.05,-0.26,0,-0.8,1.6,0,-0.8,1.6
43,0,0,0,1.739,0,0.26,0,0,0,0.4,0,0,0.172,-0.05,-0.26,0.172,0.05,-0.26,0,-0.8,1.6,0,-0.8,1.6
43,0,0,0,1.743,0,0.26,0,0,0,0.4,0,0,0.168,-0.05,-0.26,0.168,0.05,-0.26,0,-0.8,1.6,0,-0.8,1.6
43,0,0,0,1.747,0,0.26,0,0,0,0.4,0,0,0.164,-0.05,-0.26,0.164,0.05,-0.26,0,-0.8,1.6,0,-0.8,1.6
43,0,0,0,1.751,0,0.26,0,0,0,0.4,0,0,0.164,-0.05,-0.26,0.164,0.05,-0.26,0,-0.8,1.6,0,-0.8,1.6
44,0,0,0,1.751,0,0.26,0,0,0,0.4,0,0,0,-0.8,1.6,0,-0.8,1.6,0,-0.8,1.6,0,-0.8,1.6
44,0,0,0,1.755,0,0.26,0,0,0,0.4,0,0,0,-0.8,1.6,0,-0.8,1.6,0,-0.8,1.6,0,-0.8,1.6
44,0,0,0,1.759,0,0.26,0,0,0,0.4,0,0,0,-0.8,1.6,0,-0.8,1.6,0,-0.8,1.6,0,-0.8,1.6
44,0,0,0,1.763,0,0.26,0,0,0,0.4,0,0,0,-0.8,1.6,0,-0.8,1.6,0,-0.8,1.6,0,-0.8,1.6
44,0,0,0,1.767,0,0.26,0,0,0,0.4,0,0,0,-0.8,1.6,0,-0.8,1.6,0,-0.8,1.6,0,-0.8,1.6
45,0,0,0,1.767,0,0.26,0,0,0,0.4,0,0,0,-0.8,1.6,0,-0.8,1.6,-0.159,-0.14,-0.26,-0.159,0.14,-0.26
45,0,0,0,1.771,0,0.26,0,0,0,0.4,0,0,0,-0.8,1.6,0,-0.8,1.6,-0.163,-0.14,-0.26,-0.163,0.14,-0.26
45,0,0,0,1.775,0,0.26,0,0,0,0.4,0,0,0,-0.8,1.6,0,-0.8,1.6,-0.167,-0.14,-0.26,-0.167,0.14,-0.26
45,0,0,0,1.779,0,0.26,0,0,0,0.4,0,0,0,-0.8,1.6,0,-0.8,1.6,-0.171,-0.14,-0.26,-0.171,0.14,-0.26
45,0,0,0,1.783,0,0.26,0,0,0,0.4,0,0,0,-0.8,1.6,0,-0.8,1.6,-0.175,-0.14,-0.26,-0.175,0.14,-0.26
45,0,0,0,1.787,0,0.26,0,0,0,0.4,0,0,0,-0.8,1.6,0,-0.8,1.6,-0.179,-0.14,-0.26,-0.179,0.14,-0.26
45,0,0,0,1.791,0,0.26,0,0,0,0.4,0,0,0,-0.8,1.6,0,-0.8,1.6,-0.183,-0.14,-0.26,-0.183,0.14,-0.26
45,0,0,0,1.795,0,0.26,0,0,0,0.4,0,0,0,-0.8,1.6,0,-0.8,1.6,-0.187,-0.14,-0.26,-0.187,0.14,-0.26
45,0,0,0,1.799,0,0.26,0,0,0,0.4,0,0,0,-0.8,1.6,0,-0.8,1.6,-0.191,-0.14,-0.26,-0.191,0.14,-0.26
45,0,0,0,1.803,0,0.26,0,0,0,0.4,0,0,0,-0.8,1.6,0,-0.8,1.6,-0.195,-0.14,-0.26,-0.195,0.14,-0.26
45,0,0,0,1.807,0,0.26,0,0,0,0.4,0,0,0,-0.8,1.6,0,-0.8,1.6,-0.199,-0.14,-0.26,-0.199,0.14,-0.26
45,0,0,0,1.811,0,0.26,0,0,0,0.4,0,0,0,-0.8,1.6,0,-0.8,1.6,-0.203,-0.14,-0.26,-0.203,0.14,-0.26
45,0,0,0,1.815,0,0.26,0,0,0,0.4,0,0,0,-0.8,1.6,0,-0.8,1.6,-0.207,-0.14,-0.26,-0.207,0.14,-0.26
45,0,0,0,1.819,0,0.26,0,0,0,0.4,0,0,0,-0.8,1.6,0,-0.8,1.6,-0.211,-0.14,-0.26,-0.211,0.14,-0.26
45,0,0,0,1.823,0,0.26,0,0,0,0.4,0,0,0,-0.8,1.6,0,-0.8,1.6,-0.215,-0.14,-0.26,-0.215,0.14,-0.26
45,0,0,0,1.827,0,0.26,0,0,0,0.4,0,0,0,-0.8,1.6,0,-0.8,1.6,-0.219,-0.14,-0.26,-0.219,0.14,-0.26
45,0,0,0,1.831,0,0.26,0,0,0,0.4,0,0,0,-0.8,1.6,0,-0.8,1.6,-0.219,-0.14,-0.26,-0.219,0.14,-0.26
46,0,0,0,1.831,0,0.26,0,0,0,0.4,0,0,0,-0.8,1.6,0,-0.8,1.6,0,-0.8,1.6,0,-0.8,1.6
46,0,0,0,1.835,0,0.26,0,0,0,0.4,0,0,0,-0.8,1.6,0,-0.8,1.6,0,-0.8,1.6,0,-0.8,1.6
46,0,0,0,1.839,0,0.26,0,0,0,0.4,0,0,0,-0.8,1.6,0,-0.8,1.6,0,-0.8,1.6,0,-0.8,1.6
46,0,0,0,1.843,0,0.26,0,0,0,0.4,0,0,0,-0.8,1.6,0,-0.8,1.6,0,-0.8,1.6,0,-0.8,1.6
46,0,0,0,1.847,0,0.26,0,0,0,0.4,0,0,0,-0.8,1.6,0,-0.8,1.6,0,-0.8,1.6,0,-0.8,1.6
47,0,0,0,1.847,0,0.26,0,0,0,0.4,0,0,0.224,-0.05,-0.26,0.224,0.05,-0.26,0,-0.8,1.6,0,-0.8,1.6
47,0,0,0,1.851,0,0.26,0,0,0,0.4,0,0,0.22,-0.05,-0.26,0.22,0.05,-0.26,0,-0.8,1.6,0,-0.8,1.6
47,0,0,0,1.855,0,0.26,0,0,0,0.4,0,0,0.216,-0.05,-0.26,0.216,0.05,-0.26,0,-0.8,1.6,0,-0.8,1.6
47,0,0,0,1.859,0,0.26,0,0,0,0.4,0,0,0.212,-0.05,-0.26,0.212,0.05,-0.26,0,-0.8,1.6,0,-0.8,1.6
47,0,0,0,1.863,0,0.26,0,0,0,0.4,0,0,0.208,-0.05,-0.26,0.208,0.05,-0.26,0,-0.8,1.6,0,-0.8,1.6
47,0,0,0,1.867,0,0.26,0,0,0,0.4,0,0,0.204,-0.05,-0.26,0.204,0.05,-0.26,0,-0.8,1.6,0,-0.8,1.6
47,0,0,0,1.871,0,0.26,0,0,0,0.4,0,0,0.2,-0.05,-0.26,0.2,0.05,-0.26,0,-0.8,1.6,0,-0.8,1.6
47,0,0,0,1.875,0,0.26,0,0,0,0.4,0,0,0.196,-0.05,-0.26,0.196,0.05,-0.26,0,-0.8,1.6,0,-0.8,1.6
47,0,0,0,1.879,0,0.26,0,0,0,0.4,0,0,0.192,-0.05,-0.26,0.192,0.05,-0.26,0,-0.8,1.6,0,-0.8,1.6
47,0,0,0,1.883,0,0.26,0,0,0,0.4,0,0,0.188,-0.05,-0.26,0.188,0.05,-0.26,0,-0.8,1.6,0,-0.8,1.6
47,0,0,0,1.887,0,0.26,0,0,0,0.4,0,0,0.184,-0.05,-0.26,0.184,0.05,-0.26,0,-0.8,1.6,0,-0.8,1.6
47,0,0,0,1.891,0,0.26,0,0,0,0.4,0,0,0.18,-0.05,-0.26,0.18,0.05,-0.26,0,-0.8,1.6,0,-0.8,1.6
47,0,0,0,1.895,0,0.26,0,0,0,0.4,0,0,0.176,-0.05,-0.26,0.176,0.05,-0.26,0,-0.8,1.6,0,-0.8,1.6
47,0,0,0,1.899,0,0.26,0,0,0,0.4,0,0,0.172,-0.05,-0.26,0.172,0.05,-0.26,0,-0.8,1.6,0,-0.8,1.6
47,0,0,0,1.903,0,0.26,0,0,0,0.4,0,0,0.168,-0.05,-0.26,0.168,0.05,-0.26,0,-0.8,1.6,0,-0.8,1.6
47,0,0,0,1.907,0,0.26,0,0,0,0.4,0,0,0.164,-0.05,-0.26,0.164,0.05,-0.26,0,-0.8,1.6,0,-0.8,1.6
47,0,0,0,1.911,0,0.26,0,0,0,0.4,0,0,0.164,-0.05,-0.26,0.164,0.05,-0.26,0,-0.8,1.6,0,-0.8,1.6
48,0,0,0,1.911,0,0.26,0,0,0,0.4,0,0,0,-0.8,1.6,0,-0.8,1.6,0,-0.8,1.6,0,-0.8,1.6
48,0,0,0,1.915,0,0.26,0,0,0,0.4,0,0,0,-0.8,1.6,0,-0.8,1.6,0,-0.8,1.6,0,-0.8,1.6
48,0,0,0,1.919,0,0.26,0,0,0,0.4,0,0,0,-0.8,1.6,0,-0.8,1.6,0,-0.8,1.6,0,-0.8,1.6
48,0,0,0,1.923,0,0.26,0,0,0,0.4,0,0,0,-0.8,1.6,0,-0.8,1.6,0,-0.8,1.6,0,-0.8,1.6
48,0,0,0,1.927,0,0.26,0,0,0,0.4,0,0,0,-0.8,1.6,0,-0.8,1.6,0,-0.8,1.6,0,-0.8,1.6
49,0,0,0,1.927,0,0.26,0,0,0,0.4,0,0,0,-0.8,1.6,0,-0.8,1.6,-0.159,-0.14,-0.26,-0.159,0.14,-0.26
49,0,0,0,1.931,0,0.26,0,0,0,0.4,0,0,0,-0.8,1.6,0,-0.8,1.6,-0.163,-0.14,-0.26,-0.163,0.14,-0.26
49,0,0,0,1.935,0,0.26,0,0,0,0.4,0,0,0,-0.8,1.6,0,-0.8,1.6,-0.167,-0.14,-0.26,-0.167,0.14,-0.26
49,0,0,0,1.939,0,0.26,0,0,0,0.4,0,0,0,-0.8,1.6,0,-0.8,1.6,-0.171,-0.14,-0.26,-0.171,0.14,-0.26
49,0,0,0,1.943,0,0.26,0,0,0,0.4,0,0,0,-0.8,1.6,0,-0.8,1.6,-0.175,-0.14,-0.26,-0.175,0.14,-0.26
49,0,0,0,1.947,0,0.26,0,0,0,0.4,0,0,0,-0.8,1.6,0,-0.8,1.6,-0.179,-0.14,-0.26,-0.179,0.14,-0.26
49,0,0,0,1.951,0,0.26,0,0,0,0.4,0,0,0,-0.8,1.6,0,-0.8,1.6,-0.183,-0.14,-0.26,-0.183,0.14,-0.26
49,0,0,0,1.955,0,0.26,0,0,0,0.4,0,0,0,-0.8,1.6,0,-0.8,1.6,-0.187,-0.14,-0.26,-0.187,0.14,-0.26
49,0,0,0,1.959,0,0.26,0,0,0,0.4,0,0,0,-0.8,1.6,0,-0.8,1.6,-0.191,-0.14,-0.26,-0.191,0.14,-0.26
49,0,0,0,1.963,0,0.26,0,0,0,0.4,0,0,0,-0.8,1.6,0,-0.8,1.6,-0.195,-0.14,-0.26,-0.195,0.14,-0.26
49,0,0,0,1.967,0,0.26,0,0,0,0.4,0,0,0,-0.8,1.6,0,-0.8,1.6,-0.199,-0.14,-0.26,-0.199,0.14,-0.26
49,0,0,0,1.971,0,0.26,0,0,0,0.4,0,0,0,-0.8,1.6,0,-0.8,1.6,-0.203,-0.14,-0.26,-0.203,0.14,-0.26
49,0,0,0,1.975,0,0.26,0,0,0,0.4,0,0,0,-0.8,1.6,0,-0.8,1.6,-0.207,-0.14,-0.26,-0.207,0.14,-0.26
49,0,0,0,1.979,0,0.26,0,0,0,0.4,0,0,0,-0.8,1.6,0,-0.8,1.6,-0.211,-0.14,-0.26,-0.211,0.14,-0.26
49,0,0,0,1.983,0,0.26,0,0,0,0.4,0,0,0,-0.8,1.6,0,-0.8,1.6,-0.215,-0.14,-0.26,-0.215,0.14,-0.26
49,0,0,0,1.987,0,0.26,0,0,0,0.4,0,0,0,-0.8,1.6,0,-0.8,1.6,-0.219,-0.14,-0.26,-0.219,0.14,-0.26
49,0,0,0,1.991,0,0.26,0,0,0,0.4,0,0,0,-0.8,1.6,0,-0.8,1.6,-0.219,-0.14,-0.26,-0.219,0.14,-0.26
50,0,0,0,1.991,0,0.26,0,0,0,0.4,0,0,0,-0.8,1.6,0,-0.8,1.6,0,-0.8,1.6,0,-0.8,1.6
50,0,0,0,1.995,0,0.26,0,0,0,0.4,0,0,0,-0.8,1.6,0,-0.8,1.6,0,-0.8,1.6,0,-0.8,1.6
50,0,0,0,1.999,0,0.26,0,0,0,0.4,0,0,0,-0.8,1.6,0,-0.8,1.6,0,-0.8,1.6,0,-0.8,1.6
50,0,0,0,2.003,0,0.26,0,0,0,0.4,0,0,0,-0.8,1.6,0,-0.8,1.6,0,-0.8,1.6,0,-0.8,1.6
50,0,0,0,2.007,0,0.26,0,0,0,0.4,0,0,0,-0.8,1.6,0,-0.8,1.6,0,-0.8,1.6,0,-0.8,1.6
51,0,0,0,2.007,0,0.26,0,0,0,0.4,0,0,0.224,-0.05,-0.26,0.224,0.05,-0.26,0,-0.8,1.6,0,-0.8,1.6
51,0,0,0,2.011,0,0.26,0,0,0,0.4,0,0,0.22,-0.05,-0.26,0.22,0.05,-0.26,0,-0.8,1.6,0,-0.8,1.6
51,0,0,0,2.015,0,0.26,0,0,0,0.4,0,0,0.216,-0.05,-0.26,0.216,0.05,-0.26,0,-0.8,1.6,0,-0.8,1.6
51,0,0,0,2.019,0,0.26,0,0,0,0.4,0,0,0.212,-0.05,-0.26,0.212,0.05,-0.26,0,-0.8,1.6,0,-0.8,1.6
51,0,0,0,2.023,0,0.26,0,0,0,0.4,0,0,0.208,-0.05,-0.26,0.208,0.05,-0.26,0,-0.8,1.6,0,-0.8,1.6
51,0,0,0,2.027,0,0.26,0,0,0,0.4,0,0,0.204,-0.05,-0.26,0.204,0.05,-0.26,0,-0.8,1.6,0,-0.8,1.6
51,0,0,0,2.031,0,0.26,0,0,0,0.4,0,0,0.2,-0.05,-0.26,0.2,0.05,-0.26,0,-0.8,1.6,0,-0.8,1.6
51,0,0,0,2.035,0,0.26,0,0,0,0.4,0,0,0.196,-0.05,-0.26,0.196,0.05,-0.26,0,-0.8,1.6,0,-0.8,1.6
51,0,0,0,2.039,0,0.26,0,0,0,0.4,0,0,0.192,-0.05,-0.26,0.192,0.05,-0.26,0,-0.8,1.6,0,-0.8,1.6
51,0,0,0,2.043,0,0.26,0,0,0,0.4,0,0,0.188,-0.05,-0.26,0.188,0.05,-0.26,0,-0.8,1.6,0,-0.8,1.6
51,0,0,0,2.047,0,0.26,0,0,0,0.4,0,0,0.184,-0.05,-0.26,0.184,0.05,-0.26,0,-0.8,1.6,0,-0.8,1.6
51,0,0,0,2.051,0,0.26,0,0,0,0.4,0,0,0.18,-0.05,-0.26,0.18,0.05,-0.26,0,-0.8,1.6,0,-0.8,1.6
51,0,0,0,2.055,0,0.26,0,0,0,0.4,0,0,0.176,-0.05,-0.26,0.176,0.05,-0.26,0,-0.8,1.6,0,-0.8,1.6
51,0,0,0,2.059,0,0.26,0,0,0,0.4,0,0,0.172,-0.05,-0.26,0.172,0.05,-0.26,0,-0.8,1.6,0,-0.8,1.6
51,0,0,0,2.063,0,0.26,0,0,0,0.4,0,0,0.168,-0.05,-0.26,0.168,0.05,-0.26,0,-0.8,1.6,0,-0.8,1.6
51,0,0,0,2.067,0,0.26,0,0,0,0.4,0,0,0.164,-0.05,-0.26,0.164,0.05,-0.26,0,-0.8,1.6,0,-0.8,1.6
51,0,0,0,2.071,0,0.26,0,0,0,0.4,0,0,0.16,-0.05,-0.26,0.16,0.05,-0.26,0,-0.8,1.6,0,-0.8,1.6
51,0,0,0,2.075,0,0.26,0,0,0,0.4,0,0,0.16,-0.05,-0.26,0.16,0.05,-0.26,0,-0.8,1.6,0,-0.8,1.6
52,0,0,0,2.075,0,0.26,0,0,0,0.4,0,0,0,-0.8,1.6,0,-0.8,1.6,0,-0.8,1.6,0,-0.8,1.6
52,0,0,0,2.079,0,0.26,0,0,0,0.4,0,0,0,-0.8,1.6,0,-0.8,1.6,0,-0.8,1.6,0,-0.8,1.6
52,0,0,0,2.083,0,0.26,0,0,0,0.4,0,0,0,-0.8,1.6,0,-0.8,1.6,0,-0.8,1.6,0,-0.8,1.6
52,0,0,0,2.087,0,0.26,0,0,0,0.4,0,0,0,-0.8,1.6,0,-0.8,1.6,0,-0.8,1.6,0,-0.8,1.6
