0,0,0,0,0,0,0.3,0,0,0,0,0,0,0.19,-0.11,-0.3,0.19,0.11,-0.3,-0.19,-0.11,-0.3,-0.19,0.11,-0.3
0,-0,0.0001,0,-0.0001,0,0.2999,0.0005,0.0163,-0.0014,-0.0193,0.0001,-0.0167,0.1901,-0.11,-0.2999,0.1901,0.11,-0.2999,-0.1899,-0.11,-0.2999,-0.1899,0.11,-0.2999
0,-0,0.0003,0,-0.0004,0,0.2997,0.001,0.0283,-0.0025,-0.0406,0.0001,-0.0334,0.1904,-0.11,-0.2997,0.1904,0.11,-0.2997,-0.1896,-0.11,-0.2997,-0.1896,0.11,-0.2997
0,-0.0001,0.0006,0,-0.0009,0,0.2992,0.0013,0.0361,-0.0035,-0.0641,0.0002,-0.0504,0.1909,-0.11,-0.2992,0.1909,0.11,-0.2992,-0.1891,-0.11,-0.2992,-0.1891,0.11,-0.2992
0,-0.0001,0.001,0,-0.0017,0,0.2987,0.0016,0.0395,-0.0042,-0.0897,0.0002,-0.0675,0.1917,-0.11,-0.2987,0.1917,0.11,-0.2987,-0.1883,-0.11,-0.2987,-0.1883,0.11,-0.2987
0,-0.0001,0.0014,0.0001,-0.0027,0,0.2979,0.0018,0.0387,-0.0047,-0.1175,0.0003,-0.0847,0.1927,-0.11,-0.2979,0.1927,0.11,-0.2979,-0.1873,-0.11,-0.2979,-0.1873,0.11,-0.2979
0,-0.0002,0.0018,0.0001,-0.004,0,0.297,0.0019,0.0337,-0.0051,-0.1473,0.0003,-0.102,0.194,-0.11,-0.297,0.194,0.11,-0.297,-0.186,-0.11,-0.297,-0.186,0.11,-0.297
0,-0.0002,0.0021,0.0001,-0.0057,0,0.2959,0.0019,0.0243,-0.0052,-0.1793,0.0004,-0.1195,0.1957,-0.11,-0.2959,0.1957,0.11,-0.2959,-0.1843,-0.11,-0.2959,-0.1843,0.11,-0.2959
0,-0.0003,0.0023,0.0001,-0.0076,0,0.2946,0.0018,0.0107,-0.0051,-0.2134,0.0004,-0.1371,0.1976,-0.11,-0.2946,0.1976,0.11,-0.2946,-0.1824,-0.11,-0.2946,-0.1824,0.11,-0.2946
0,-0.0003,0.0023,0.0001,-0.0099,0,0.2931,0.0017,-0.0072,-0.0048,-0.2496,0.0005,-0.1549,0.1999,-0.11,-0.2931,0.1999,0.11,-0.2931,-0.1801,-0.11,-0.2931,-0.1801,0.11,-0.2931
0,-0.0004,0.0021,0.0001,-0.0126,0,0.2915,0.0015,-0.0293,-0.0043,-0.2879,0.0005,-0.1728,0.2026,-0.11,-0.2915,0.2026,0.11,-0.2915,-0.1774,-0.11,-0.2915,-0.1774,0.11,-0.2915
0,-0.0004,0.0017,0.0002,-0.0157,0,0.2897,0.0012,-0.0513,-0.0037,-0.3221,0.0005,-0.1887,0.2057,-0.11,-0.2897,0.2057,0.11,-0.2897,-0.1743,-0.11,-0.2897,-0.1743,0.11,-0.2897
0,-0.0005,0.0011,0.0002,-0.019,0,0.2877,0.001,-0.0688,-0.0032,-0.3461,0.0006,-0.2005,0.209,-0.11,-0.2877,0.209,0.11,-0.2877,-0.171,-0.11,-0.2877,-0.171,0.11,-0.2877
0,-0.0005,0.0003,0.0002,-0.0226,0,0.2857,0.0008,-0.0818,-0.0028,-0.3598,0.0006,-0.2081,0.2126,-0.11,-0.2857,0.2126,0.11,-0.2857,-0.1674,-0.11,-0.2857,-0.1674,0.11,-0.2857
0,-0.0005,-0.0005,0.0002,-0.0262,0,0.2836,0.0006,-0.0903,-0.0024,-0.3632,0.0007,-0.2115,0.2162,-0.11,-0.2836,0.2162,0.11,-0.2836,-0.1638,-0.11,-0.2836,-0.1638,0.11,-0.2836
0,-0.0005,-0.0015,0.0002,-0.0298,0.0001,0.2815,0.0005,-0.0943,-0.0021,-0.3563,0.0007,-0.2108,0.2198,-0.1101,-0.2815,0.2198,0.1099,-0.2815,-0.1602,-0.1101,-0.2815,-0.1602,0.1099,-0.2815
0,-0.0006,-0.0024,0.0002,-0.0333,0.0001,0.2794,0.0004,-0.0937,-0.0018,-0.3391,0.0008,-0.2059,0.2233,-0.1101,-0.2794,0.2233,0.1099,-0.2794,-0.1567,-0.1101,-0.2794,-0.1567,0.1099,-0.2794
0,-0.0006,-0.0033,0.0002,-0.0366,0.0001,0.2773,0.0003,-0.0886,-0.0016,-0.3117,0.0008,-0.1969,0.2266,-0.1101,-0.2773,0.2266,0.1099,-0.2773,-0.1534,-0.1101,-0.2773,-0.1534,0.1099,-0.2773
0,-0.0006,-0.0042,0.0002,-0.0395,0.0001,0.2754,0.0002,-0.079,-0.0015,-0.274,0.0009,-0.1837,0.2295,-0.1101,-0.2754,0.2295,0.1099,-0.2754,-0.1505,-0.1101,-0.2754,-0.1505,0.1099,-0.2754
0,-0.0006,-0.0049,0.0002,-0.042,0.0001,0.2737,0.0002,-0.0649,-0.0015,-0.226,0.001,-0.1664,0.232,-0.1101,-0.2737,0.232,0.1099,-0.2737,-0.148,-0.1101,-0.2737,-0.148,0.1099,-0.2737
0,-0.0006,-0.0054,0.0002,-0.044,0.0001,0.2721,0.0002,-0.0462,-0.0015,-0.1678,0.001,-0.1449,0.232,-0.1101,-0.2737,0.232,0.1099,-0.2737,-0.148,-0.1101,-0.2737,-0.148,0.1099,-0.2737
1,-0.0006,-0.0054,0.0002,-0.044,0.0001,0.2721,0.0002,-0.0462,-0.0015,-0.1678,0.001,-0.1449,0.09,0.5886,-1.6357,-0.0735,0.5861,-1.6297,-0.146,-0.1101,-0.2721,-0.146,0.1099,-0.2721
1,-0.0006,-0.0058,0.0002,-0.0453,0.0001,0.2708,0.0002,-0.0269,-0.0015,-0.102,0.0011,-0.1183,0.0908,0.5846,-1.6485,-0.0742,0.5822,-1.6424,-0.1447,-0.1101,-0.2708,-0.1447,0.1099,-0.2708
1,-0.0007,-0.006,0.0002,-0.046,0.0001,0.2698,0.0002,-0.0106,-0.0015,-0.0316,0.0012,-0.0858,0.0924,0.5791,-1.6714,-0.0755,0.5768,-1.6653,-0.144,-0.1101,-0.2698,-0.144,0.1099,-0.2698
1,-0.0007,-0.006,0.0002,-0.0459,0.0001,0.2691,0.0002,0.0025,-0.0015,0.0436,0.0013,-0.0474,0.0946,0.5714,-1.7017,-0.0772,0.5691,-1.6954,-0.1441,-0.1101,-0.2691,-0.1441,0.1099,-0.2691
1,-0.0007,-0.006,0.0002,-0.0451,0.0001,0.2689,0.0002,0.0126,-0.0014,0.1234,0.0014,-0.0031,0.0975,0.561,-1.7362,-0.0794,0.5587,-1.7298,-0.1449,-0.1101,-0.2689,-0.1449,0.1099,-0.2689
1,-0.0007,-0.0058,0.0002,-0.0435,0.0002,0.2691,0.0002,0.0196,-0.0013,0.2079,0.0015,0.0473,0.1008,0.5474,-1.7725,-0.0819,0.5453,-1.7657,-0.1465,-0.1102,-0.2691,-0.1465,0.1098,-0.2691
1,-0.0007,-0.0056,0.0002,-0.0409,0.0002,0.2698,0.0002,0.0234,-0.0012,0.297,0.0016,0.1035,0.1046,0.5309,-1.808,-0.0847,0.5288,-1.801,-0.1491,-0.1102,-0.2698,-0.1491,0.1098,-0.2698
1,-0.0007,-0.0053,0.0002,-0.0375,0.0002,0.2712,0.0002,0.0242,-0.001,0.3909,0.0018,0.1657,0.1086,0.5116,-1.8408,-0.0877,0.5098,-1.8334,-0.1525,-0.1102,-0.2712,-0.1525,0.1098,-0.2712
1,-0.0007,-0.0051,0.0002,-0.0331,0.0002,0.2732,0.0003,0.0219,-0.0008,0.4895,0.0019,0.2339,0.1128,0.4909,-1.8694,-0.0907,0.4892,-1.8617,-0.1569,-0.1102,-0.2732,-0.1569,0.1098,-0.2732
1,-0.0007,-0.0049,0.0002,-0.0277,0.0002,0.2759,0.0003,0.0165,-0.0006,0.5927,0.0021,0.3079,0.1167,0.4703,-1.8927,-0.0935,0.4687,-1.8847,-0.1623,-0.1102,-0.2759,-0.1623,0.1098,-0.2759
1,-0.0007,-0.0048,0.0002,-0.0212,0.0003,0.2793,0.0003,0.0079,-0.0004,0.7006,0.0023,0.388,0.1201,0.4516,-1.9097,-0.0959,0.4502,-1.9014,-0.1688,-0.1103,-0.2793,-0.1688,0.1097,-0.2793
1,-0.0007,-0.0048,0.0002,-0.0137,0.0003,0.2836,0.0003,-0.0016,-0.0001,0.8054,0.0024,0.4619,0.1228,0.4367,-1.9201,-0.0976,0.4355,-1.9115,-0.1763,-0.1103,-0.2836,-0.1763,0.1097,-0.2836
1,-0.0007,-0.0048,0.0002,-0.0052,0.0003,0.2885,0.0003,-0.0102,0.0001,0.8991,0.0026,0.5178,0.1243,0.4272,-1.9237,-0.0985,0.426,-1.9149,-0.1848,-0.1103,-0.2885,-0.1848,0.1097,-0.2885
1,-0.0007,-0.005,0.0002,0.0042,0.0003,0.2939,0.0003,-0.0177,0.0003,0.9818,0.0027,0.5555,0.1246,0.4238,-1.9205,-0.0985,0.4226,-1.9116,-0.1942,-0.1103,-0.2939,-0.1942,0.1097,-0.2939
1,-0.0007,-0.0052,0.0002,0.0144,0.0004,0.2996,0.0003,-0.0242,0.0005,1.0535,0.0029,0.5751,0.1236,0.4272,-1.9102,-0.0974,0.4258,-1.9011,-0.2044,-0.1104,-0.2996,-0.2044,0.1096,-0.2996
1,-0.0007,-0.0054,0.0002,0.0253,0.0004,0.3053,0.0003,-0.0298,0.0006,1.1141,0.003,0.5766,0.1212,0.4371,-1.8916,-0.0953,0.4355,-1.8825,-0.2153,-0.1104,-0.3053,-0.2153,0.1096,-0.3053
1,-0.0007,-0.0058,0.0002,0.0367,0.0004,0.311,0.0003,-0.0343,0.0007,1.1637,0.003,0.56,0.1176,0.4474,-1.861,-0.0924,0.4455,-1.8519,-0.2267,-0.1104,-0.311,-0.2267,0.1096,-0.311
1,-0.0007,-0.0061,0.0002,0.0485,0.0004,0.3165,0.0003,-0.0378,0.0008,1.2023,0.0031,0.5254,0.1133,0.452,-1.8169,-0.0888,0.4497,-1.8078,-0.2385,-0.1104,-0.3165,-0.2385,0.1096,-0.3165
1,-0.0007,-0.0065,0.0002,0.0607,0.0005,0.3215,0.0003,-0.0403,0.0009,1.2299,0.0032,0.4726,0.1089,0.4508,-1.7618,-0.0851,0.4482,-1.7527,-0.2507,-0.1105,-0.3215,-0.2507,0.1095,-0.3215
1,-0.0007,-0.0069,0.0002,0.0731,0.0005,0.3259,0.0003,-0.0418,0.0009,1.2464,0.0032,0.4016,0.1043,0.4443,-1.6984,-0.0813,0.4414,-1.6893,-0.2631,-0.1105,-0.3259,-0.2631,0.1095,-0.3259
1,-0.0007,-0.0073,0.0003,0.0856,0.0005,0.3294,0.0003,-0.0423,0.0009,1.252,0.0032,0.3126,0.1001,0.4337,-1.6298,-0.0777,0.4305,-1.6206,-0.2756,-0.1105,-0.3294,-0.2756,0.1095,-0.3294
1,-0.0007,-0.0078,0.0003,0.0981,0.0006,0.3321,0.0003,-0.0423,0.0009,1.252,0.0032,0.2146,0.0961,0.42,-1.5588,-0.0744,0.4166,-1.5496,-0.2756,-0.1105,-0.3294,-0.2756,0.1095,-0.3294
2,-0.0007,-0.0078,0.0003,0.0981,0.0006,0.3321,0.0003,-0.0423,0.0009,1.252,0.0032,0.2146,0.0961,0.42,-1.5588,-0.0744,0.4166,-1.5496,0.0736,0.8525,-1.1439,-0.0618,0.8494,-1.139
2,-0.0007,-0.0082,0.0003,0.1106,0.0006,0.3337,0.0003,-0.0423,0.0009,1.252,0.0032,0.1165,0.0927,0.4053,-1.4885,-0.0716,0.4017,-1.4793,0.0737,0.8678,-1.1311,-0.062,0.865,-1.1267
2,-0.0007,-0.0086,0.0003,0.1231,0.0006,0.3344,0.0003,-0.0423,0.0009,1.252,0.0032,0.0184,0.0898,0.3916,-1.4218,-0.0692,0.3878,-1.4126,0.0744,0.8898,-1.1452,-0.0626,0.8874,-1.1415
2,-0.0007,-0.009,0.0003,0.1357,0.0007,0.3341,0.0003,-0.0423,0.0009,1.252,0.0032,-0.0796,0.0874,0.3811,-1.362,-0.0672,0.377,-1.3527,0.0755,0.9182,-1.1833,-0.0636,0.9163,-1.1805
2,-0.0006,-0.0095,0.0003,0.1482,0.0007,0.3328,0.0003,-0.0423,0.0009,1.252,0.0032,-0.1777,0.0855,0.3763,-1.3132,-0.0656,0.3721,-1.3038,0.0772,0.952,-1.2412,-0.0649,0.9506,-1.2393
2,-0.0006,-0.0099,0.0003,0.1607,0.0007,0.3306,0.0003,-0.0423,0.0009,1.252,0.0032,-0.2758,0.0842,0.3799,-1.2792,-0.0645,0.3755,-1.2698,0.0794,0.9893,-1.3141,-0.0666,0.9885,-1.3131
2,-0.0006,-0.0103,0.0003,0.1732,0.0008,0.3273,0.0003,-0.0423,0.0009,1.252,0.0032,-0.3738,0.0834,0.3946,-1.2641,-0.0639,0.3901,-1.2547,0.0821,1.0285,-1.3975,-0.0688,1.0282,-1.3974
2,-0.0006,-0.0107,0.0003,0.1857,0.0008,0.3231,0.0003,-0.0423,0.0009,1.252,0.0032,-0.4719,0.0832,0.4229,-1.2711,-0.0638,0.4184,-1.2619,0.0853,1.0684,-1.4875,-0.0713,1.0686,-1.4881
2,-0.0006,-0.0112,0.0003,0.1983,0.0008,0.3179,0.0003,-0.0423,0.0009,1.252,0.0032,-0.57,0.0837,0.467,-1.3024,-0.0642,0.4625,-1.2934,0.089,1.108,-1.5809,-0.0743,1.1085,-1.5821
2,-0.0006,-0.0116,0.0003,0.2108,0.0009,0.3117,0.0003,-0.0423,0.0009,1.252,0.0032,-0.668,0.085,0.5287,-1.3589,-0.0654,0.5242,-1.3502,0.0933,1.1467,-1.6753,-0.0777,1.1475,-1.6769
2,-0.0006,-0.012,0.0003,0.2233,0.0009,0.3046,0.0003,-0.0422,0.0009,1.2458,0.0032,-0.7535,0.0868,0.6007,-1.4283,-0.067,0.5963,-1.4198,0.0982,1.1842,-1.7684,-0.0816,1.1852,-1.7703
3,-0.0006,-0.012,0.0003,0.2233,0.0009,0.3046,0.0003,-0.0422,0.0009,1.2458,0.0032,-0.7535,0.2082,-0.108,-0.3046,0.2083,0.1094,-0.3046,0.0982,1.1842,-1.7684,-0.0816,1.1852,-1.7703
3,-0.0006,-0.0124,0.0003,0.2357,0.0009,0.2967,0.0002,-0.0417,0.001,1.2273,0.0031,-0.8139,0.1958,-0.108,-0.2967,0.1959,0.1094,-0.2967,0.1036,1.2195,-1.8574,-0.0859,1.2207,-1.8595
3,-0.0006,-0.0128,0.0003,0.2478,0.001,0.2884,0.0001,-0.0408,0.001,1.1966,0.003,-0.8491,0.1837,-0.1081,-0.2884,0.1838,0.1093,-0.2884,0.1094,1.2519,-1.9396,-0.0905,1.2531,-1.9417
3,-0.0006,-0.0132,0.0003,0.2595,0.001,0.2798,-0.0001,-0.0396,0.0011,1.1535,0.0029,-0.8592,0.172,-0.1081,-0.2798,0.1721,0.1093,-0.2798,0.1151,1.2807,-2.0125,-0.0951,1.2818,-2.0144
3,-0.0005,-0.0136,0.0003,0.2708,0.001,0.2713,-0.0003,-0.0381,0.0012,1.0981,0.0028,-0.8441,0.1607,-0.1081,-0.2713,0.1608,0.1093,-0.2713,0.1205,1.3058,-2.0738,-0.0993,1.3066,-2.0753
3,-0.0005,-0.014,0.0003,0.2815,0.001,0.263,-0.0005,-0.0362,0.0013,1.0304,0.0026,-0.8039,0.15,-0.1081,-0.263,0.1501,0.1093,-0.263,0.1251,1.3192,-2.1241,-0.1029,1.3196,-2.1251
3,-0.0005,-0.0143,0.0003,0.2914,0.0011,0.2553,-0.0009,-0.034,0.0015,0.9504,0.0024,-0.7386,0.1401,-0.1082,-0.2553,0.1402,0.1092,-0.2553,0.1289,1.3126,-2.1651,-0.1056,1.3125,-2.1655
3,-0.0005,-0.0147,0.0003,0.3004,0.0011,0.2483,-0.0012,-0.0314,0.0016,0.8581,0.0022,-0.6481,0.1311,-0.1082,-0.2483,0.1312,0.1092,-0.2483,0.1314,1.2855,-2.1954,-0.1073,1.2849,-2.195
3,-0.0005,-0.015,0.0003,0.3085,0.0011,0.2424,-0.0016,-0.0286,0.0018,0.7535,0.0019,-0.5324,0.123,-0.1082,-0.2424,0.1231,0.1092,-0.2424,0.1328,1.2384,-2.2129,-0.108,1.2373,-2.2116
3,-0.0005,-0.0152,0.0002,0.3155,0.0011,0.2377,-0.0021,-0.0253,0.002,0.6366,0.0016,-0.3917,0.116,-0.1082,-0.2377,0.1161,0.1092,-0.2377,0.1328,1.173,-2.2155,-0.1075,1.1716,-2.2133
3,-0.0005,-0.0155,0.0002,0.3212,0.0011,0.2346,-0.0025,-0.0223,0.0022,0.5187,0.0013,-0.2483,0.1103,-0.1082,-0.2346,0.1104,0.1092,-0.2346,0.1314,1.093,-2.2017,-0.1058,1.0913,-2.1986
3,-0.0004,-0.0157,0.0002,0.3259,0.0012,0.2327,-0.0027,-0.0202,0.0024,0.411,0.001,-0.1249,0.1056,-0.1083,-0.2327,0.1057,0.1091,-0.2327,0.1288,1.0044,-2.1722,-0.1033,1.0025,-2.1682
3,-0.0004,-0.0159,0.0002,0.3295,0.0012,0.232,-0.0028,-0.0189,0.0025,0.3137,0.0008,-0.0214,0.102,-0.1083,-0.232,0.1021,0.1091,-0.232,0.1255,0.9132,-2.1294,-0.1001,0.9113,-2.1246
3,-0.0004,-0.0161,0.0001,0.3322,0.0012,0.2322,-0.0028,-0.0185,0.0027,0.2266,0.0006,0.0621,0.0993,-0.1083,-0.2322,0.0994,0.1091,-0.2322,0.1218,0.8244,-2.0764,-0.0967,0.8226,-2.0708
3,-0.0003,-0.0163,0.0001,0.334,0.0012,0.2332,-0.0026,-0.0189,0.0028,0.1498,0.0005,0.1257,0.0975,-0.1083,-0.2332,0.0976,0.1091,-0.2332,0.1181,0.7418,-2.0172,-0.0933,0.74,-2.0109
3,-0.0003,-0.0165,0.0001,0.3352,0.0012,0.2347,-0.0023,-0.0202,0.0029,0.0832,0.0004,0.1694,0.0963,-0.1083,-0.2347,0.0964,0.1091,-0.2347,0.1145,0.6682,-1.9559,-0.0901,0.6663,-1.949
3,-0.0003,-0.0167,0.0001,0.3357,0.0012,0.2365,-0.0018,-0.0224,0.003,0.027,0.0003,0.1931,0.0958,-0.1083,-0.2365,0.0959,0.1091,-0.2365,0.1114,0.6057,-1.8975,-0.0874,0.6039,-1.89
3,-0.0003,-0.0169,0,0.3358,0.0012,0.2385,-0.0012,-0.0253,0.0031,-0.019,0.0003,0.1968,0.0957,-0.1083,-0.2385,0.0958,0.1091,-0.2385,0.1088,0.5565,-1.8466,-0.0852,0.5547,-1.8387
3,-0.0002,-0.0172,0,0.3354,0.0012,0.2404,-0.0004,-0.0292,0.0031,-0.0547,0.0003,0.1807,0.0961,-0.1083,-0.2404,0.0962,0.1091,-0.2404,0.1069,0.523,-1.8084,-0.0836,0.521,-1.8002
3,-0.0002,-0.0175,0,0.3347,0.0012,0.242,0.0005,-0.0339,0.0031,-0.0801,0.0004,0.1445,0.0968,-0.1083,-0.242,0.0969,0.1091,-0.242,0.1057,0.5075,-1.7877,-0.0827,0.5055,-1.7794
3,-0.0002,-0.0179,0,0.3338,0.0012,0.2432,0.0014,-0.0385,0.0032,-0.0986,0.0004,0.0981,0.0968,-0.1083,-0.242,0.0969,0.1091,-0.242,0.1051,0.5018,-1.7785,-0.0824,0.4998,-1.7701
4,-0.0002,-0.0179,0,0.3338,0.0012,0.2432,0.0014,-0.0385,0.0032,-0.0986,0.0004,0.0981,0.0977,-0.1083,-0.2432,0.0978,0.1091,-0.2432,-0.0962,-0.1093,-0.2432,-0.0962,0.1102,-0.2432
4,-0.0001,-0.0183,0.0001,0.3328,0.0012,0.244,0.0021,-0.042,0.0032,-0.1134,0.0005,0.051,0.0987,-0.1083,-0.244,0.0988,0.1091,-0.244,-0.0952,-0.1093,-0.244,-0.0952,0.1102,-0.244
4,-0.0001,-0.0187,0.0001,0.3316,0.0012,0.2442,0.0026,-0.0445,0.0032,-0.1246,0.0005,0.0032,0.0999,-0.1083,-0.2442,0.1,0.1091,-0.2442,-0.094,-0.1093,-0.2442,-0.094,0.1102,-0.2442
4,-0.0001,-0.0191,0.0001,0.3303,0.0012,0.244,0.003,-0.046,0.0032,-0.1322,0.0006,-0.0453,0.1012,-0.1083,-0.244,0.1013,0.1091,-0.244,-0.0927,-0.1093,-0.244,-0.0927,0.1102,-0.244
4,-0,-0.0196,0.0001,0.3289,0.0012,0.2433,0.0031,-0.0464,0.0032,-0.1362,0.0006,-0.0945,0.1026,-0.1083,-0.2433,0.1027,0.1091,-0.2433,-0.0913,-0.1093,-0.2433,-0.0913,0.1102,-0.2433
4,-0,-0.0201,0.0002,0.3276,0.0012,0.2421,0.003,-0.0457,0.0032,-0.1365,0.0006,-0.1443,0.1039,-0.1083,-0.2421,0.104,0.1091,-0.2421,-0.09,-0.1093,-0.2421,-0.09,0.1102,-0.2421
4,0,-0.0205,0.0002,0.3262,0.0012,0.2404,0.0028,-0.044,0.0032,-0.1332,0.0006,-0.1948,0.1053,-0.1083,-0.2404,0.1054,0.1091,-0.2404,-0.0886,-0.1093,-0.2404,-0.0886,0.1102,-0.2404
4,0.0001,-0.0209,0.0002,0.3249,0.0012,0.2382,0.0024,-0.0413,0.0032,-0.1263,0.0006,-0.246,0.1066,-0.1083,-0.2382,0.1067,0.1091,-0.2382,-0.0873,-0.1093,-0.2382,-0.0873,0.1102,-0.2382
4,0.0001,-0.0213,0.0002,0.3237,0.0012,0.2355,0.0018,-0.0375,0.0032,-0.1158,0.0005,-0.2979,0.1078,-0.1083,-0.2355,0.1079,0.1091,-0.2355,-0.0861,-0.1093,-0.2355,-0.0861,0.1102,-0.2355
4,0.0001,-0.0217,0.0003,0.3226,0.0012,0.2323,0.001,-0.0327,0.0031,-0.1016,0.0005,-0.3504,0.1089,-0.1083,-0.2323,0.109,0.1091,-0.2323,-0.085,-0.1093,-0.2323,-0.085,0.1102,-0.2323
4,0.0002,-0.022,0.0003,0.3217,0.0013,0.2286,0.0001,-0.0275,0.0031,-0.0789,0.0004,-0.3901,0.1089,-0.1083,-0.2323,0.109,0.1091,-0.2323,-0.085,-0.1093,-0.2323,-0.085,0.1102,-0.2323
5,0.0002,-0.022,0.0003,0.3217,0.0013,0.2286,0.0001,-0.0275,0.0031,-0.0789,0.0004,-0.3901,0.1141,1.2396,-1.913,-0.0922,1.2332,-1.9051,-0.0841,-0.1094,-0.2286,-0.0841,0.1101,-0.2286
5,0.0002,-0.0222,0.0003,0.3211,0.0013,0.2246,-0.0006,-0.0224,0.003,-0.0426,0.0003,-0.4034,0.1172,1.2521,-1.9573,-0.0949,1.2456,-1.9493,-0.0835,-0.1094,-0.2246,-0.0835,0.1101,-0.2246
5,0.0002,-0.0224,0.0002,0.3209,0.0013,0.2206,-0.0012,-0.0175,0.003,0.0072,0.0001,-0.3902,0.1211,1.2628,-2.0112,-0.0982,1.2562,-2.0031,-0.0833,-0.1094,-0.2206,-0.0833,0.1101,-0.2206
5,0.0002,-0.0226,0.0002,0.3213,0.0013,0.2168,-0.0017,-0.0127,0.0028,0.0706,-0.0002,-0.3506,0.1257,1.2693,-2.0711,-0.1023,1.2626,-2.0628,-0.0837,-0.1094,-0.2168,-0.0837,0.1101,-0.2168
5,0.0003,-0.0227,0.0002,0.3223,0.0013,0.2136,-0.002,-0.0082,0.0027,0.1475,-0.0005,-0.2845,0.1309,1.2693,-2.1334,-0.1069,1.2626,-2.1248,-0.0847,-0.1094,-0.2136,-0.0847,0.1101,-0.2136
5,0.0003,-0.0228,0.0002,0.3243,0.0012,0.2112,-0.0022,-0.0038,0.0025,0.238,-0.0009,-0.1921,0.1365,1.2606,-2.1945,-0.1118,1.254,-2.1857,-0.0867,-0.1093,-0.2112,-0.0867,0.1102,-0.2112
5,0.0003,-0.0228,0.0002,0.3272,0.0012,0.2099,-0.0023,0.0004,0.0023,0.342,-0.0013,-0.0732,0.1423,1.2414,-2.2512,-0.1169,1.235,-2.2422,-0.0896,-0.1093,-0.2099,-0.0896,0.1102,-0.2099
5,0.0003,-0.0227,0.0001,0.3311,0.0012,0.2099,-0.0023,0.0045,0.0021,0.4595,-0.0018,0.0721,0.1478,1.2106,-2.3003,-0.1219,1.2047,-2.2911,-0.0935,-0.1093,-0.2099,-0.0935,0.1102,-0.2099
5,0.0004,-0.0227,0.0001,0.3364,0.0012,0.2114,-0.0021,0.0083,0.0018,0.5906,-0.0024,0.2439,0.1527,1.1687,-2.3389,-0.1264,1.1634,-2.3295,-0.0988,-0.1093,-0.2114,-0.0988,0.1102,-0.2114
5,0.0004,-0.0226,0.0001,0.343,0.0012,0.2148,-0.0019,0.012,0.0015,0.7352,-0.003,0.4421,0.1565,1.1177,-2.3645,-0.1301,1.1131,-2.3551,-0.1054,-0.1093,-0.2148,-0.1054,0.1102,-0.2148
5,0.0004,-0.0224,0.0001,0.3511,0.0011,0.2203,-0.0015,0.0154,0.0013,0.879,-0.0036,0.638,0.1586,1.0613,-2.3756,-0.1324,1.0575,-2.3662,-0.1135,-0.1092,-0.2203,-0.1135,0.1103,-0.2203
5,0.0004,-0.0223,0.0001,0.3605,0.0011,0.2275,-0.0012,0.0185,0.001,1.0077,-0.0042,0.803,0.159,1.0032,-2.3731,-0.1332,1.0002,-2.3639,-0.1229,-0.1092,-0.2275,-0.1229,0.1103,-0.2275
5,0.0004,-0.0221,0.0001,0.3712,0.0011,0.2362,-0.001,0.0212,0.0008,1.1213,-0.0046,0.937,0.1577,0.9464,-2.3586,-0.1326,0.944,-2.3497,-0.1336,-0.1092,-0.2362,-0.1336,0.1103,-0.2362
5,0.0004,-0.0219,0,0.3829,0.001,0.2461,-0.0008,0.0235,0.0006,1.2197,-0.0051,1.0401,0.1549,0.8927,-2.3337,-0.1307,0.8908,-2.325,-0.1453,-0.1091,-0.2461,-0.1453,0.1104,-0.2461
5,0.0004,-0.0216,0,0.3955,0.001,0.2569,-0.0006,0.0255,0.0004,1.303,-0.0054,1.1123,0.1508,0.8432,-2.2996,-0.1277,0.8416,-2.2914,-0.1579,-0.1091,-0.2569,-0.1579,0.1104,-0.2569
5,0.0004,-0.0213,0,0.4089,0.0009,0.2683,-0.0004,0.0271,0.0003,1.3711,-0.0057,1.1535,0.1456,0.798,-2.2578,-0.1237,0.7966,-2.2499,-0.1713,-0.109,-0.2683,-0.1713,0.1105,-0.2683
5,0.0004,-0.0211,0,0.4229,0.0008,0.2799,-0.0003,0.0283,0.0002,1.4241,-0.0059,1.1637,0.1396,0.7567,-2.2092,-0.119,0.7554,-2.2016,-0.1853,-0.1089,-0.2799,-0.1853,0.1106,-0.2799
5,0.0004,-0.0208,0,0.4374,0.0008,0.2914,-0.0002,0.0292,0.0001,1.4619,-0.0061,1.143,0.1332,0.7188,-2.1547,-0.114,0.7175,-2.1474,-0.1998,-0.1089,-0.2914,-0.1998,0.1106,-0.2914
5,0.0004,-0.0205,0,0.4521,0.0007,0.3026,-0.0002,0.0298,0.0001,1.4846,-0.0062,1.0914,0.1267,0.6834,-2.095,-0.1087,0.6821,-2.0881,-0.2145,-0.1088,-0.3026,-0.2145,0.1107,-0.3026
5,0.0004,-0.0202,0,0.467,0.0007,0.3132,-0.0002,0.03,0.0001,1.4922,-0.0062,1.0088,0.12,0.6499,-2.0306,-0.1033,0.6486,-2.0241,-0.2294,-0.1088,-0.3132,-0.2294,0.1107,-0.3132
5,0.0004,-0.0199,0,0.4819,0.0006,0.3228,-0.0002,0.03,0.0001,1.4922,-0.0062,0.9107,0.1136,0.6153,-1.9613,-0.098,0.6139,-1.9551,-0.2294,-0.1088,-0.3132,-0.2294,0.1107,-0.3132
6,0.0004,-0.0199,0,0.4819,0.0006,0.3228,-0.0002,0.03,0.0001,1.4922,-0.0062,0.9107,0.1136,0.6153,-1.9613,-0.098,0.6139,-1.9551,0.0809,0.834,-1.3254,-0.061,0.8279,-1.3146
6,0.0004,-0.0196,0,0.4968,0.0005,0.3314,-0.0002,0.03,0.0001,1.4922,-0.0062,0.8127,0.1075,0.5775,-1.8868,-0.0931,0.5761,-1.8808,0.0794,0.8305,-1.2548,-0.0597,0.8242,-1.2437
6,0.0004,-0.0193,0,0.5118,0.0005,0.339,-0.0002,0.03,0.0001,1.4922,-0.0062,0.7146,0.1021,0.5372,-1.8078,-0.0887,0.5358,-1.802,0.0784,0.8289,-1.2007,-0.0589,0.8223,-1.1894
6,0.0004,-0.019,0,0.5267,0.0004,0.3457,-0.0002,0.03,0.0001,1.4922,-0.0062,0.6165,0.097,0.4952,-1.7251,-0.0845,0.4938,-1.7195,0.0778,0.8312,-1.165,-0.0585,0.8245,-1.1535
6,0.0004,-0.0187,0,0.5416,0.0003,0.3513,-0.0002,0.03,0.0001,1.4922,-0.0062,0.5185,0.0922,0.4523,-1.6396,-0.0806,0.4507,-1.6342,0.0776,0.8388,-1.1484,-0.0585,0.8321,-1.1369
6,0.0004,-0.0184,0,0.5565,0.0003,0.356,-0.0002,0.03,0.0001,1.4922,-0.0062,0.4204,0.088,0.4089,-1.5524,-0.0771,0.4074,-1.5471,0.0778,0.8521,-1.1504,-0.0588,0.8454,-1.139
6,0.0004,-0.0181,0,0.5714,0.0002,0.3598,-0.0002,0.03,0.0001,1.4922,-0.0062,0.3223,0.0842,0.366,-1.4646,-0.074,0.3645,-1.4594,0.0783,0.871,-1.1697,-0.0594,0.8644,-1.1585
6,0.0004,-0.0178,0,0.5864,0.0002,0.3625,-0.0002,0.03,0.0001,1.4922,-0.0062,0.2243,0.0808,0.3243,-1.3775,-0.0712,0.3227,-1.3723,0.0791,0.8947,-1.204,-0.0603,0.8883,-1.1932
6,0.0004,-0.0175,0,0.6013,0.0001,0.3642,-0.0002,0.03,0.0001,1.4922,-0.0062,0.1262,0.0779,0.2847,-1.2928,-0.0688,0.2831,-1.2875,0.0803,0.9225,-1.2512,-0.0616,0.9163,-1.2408
6,0.0004,-0.0172,0,0.6162,0,0.365,-0.0002,0.03,0.0001,1.4922,-0.0062,0.0281,0.0754,0.2486,-1.2125,-0.0667,0.2468,-1.2072,0.0817,0.9532,-1.3086,-0.0631,0.9472,-1.2986
6,0.0004,-0.0169,0,0.6311,-0,0.3648,-0.0002,0.03,0.0001,1.4922,-0.0062,-0.0699,0.0733,0.2172,-1.1392,-0.0649,0.2154,-1.1338,0.0835,0.9859,-1.3736,-0.065,0.9801,-1.3641
6,0.0004,-0.0166,0,0.6461,-0.0001,0.3636,-0.0002,0.03,0.0001,1.4922,-0.0062,-0.168,0.0715,0.1925,-1.0762,-0.0635,0.1906,-1.0707,0.0856,1.0195,-1.444,-0.0671,1.0139,-1.4349
6,0.0004,-0.0163,0,0.661,-0.0002,0.3614,-0.0002,0.03,0.0001,1.4922,-0.0062,-0.2661,0.0702,0.1764,-1.0268,-0.0623,0.1744,-1.0213,0.088,1.0533,-1.5179,-0.0696,1.0479,-1.5093
6,0.0004,-0.016,0,0.6759,-0.0002,0.3583,-0.0002,0.03,0.0001,1.4922,-0.0062,-0.3641,0.0693,0.1709,-0.9949,-0.0615,0.1688,-0.9892,0.0907,1.0866,-1.5938,-0.0724,1.0813,-1.5855
6,0.0004,-0.0157,0,0.6908,-0.0003,0.3542,-0.0002,0.03,0.0001,1.4922,-0.0062,-0.4622,0.0687,0.1781,-0.9836,-0.0609,0.176,-0.9779,0.0938,1.1188,-1.6702,-0.0756,1.1137,-1.6622
6,0.0004,-0.0154,-0,0.7057,-0.0003,0.349,-0.0002,0.03,0.0001,1.4922,-0.0062,-0.5603,0.0686,0.1996,-0.9955,-0.0607,0.1975,-0.9898,0.0971,1.1496,-1.746,-0.079,1.1446,-1.7382
6,0.0004,-0.0151,-0,0.7207,-0.0004,0.343,-0.0002,0.03,0.0001,1.4922,-0.0062,-0.6583,0.0689,0.2365,-1.0313,-0.0608,0.2344,-1.0256,0.1008,1.1786,-1.8201,-0.0828,1.1738,-1.8126
6,0.0004,-0.0148,-0,0.7356,-0.0005,0.3359,-0.0002,0.03,0.0001,1.4922,-0.0062,-0.7564,0.0697,0.2891,-1.0904,-0.0612,0.287,-1.0848,0.1048,1.2057,-1.8916,-0.0869,1.201,-1.8843
6,0.0004,-0.0145,-0,0.7505,-0.0005,0.3278,-0.0002,0.03,0.0001,1.4922,-0.0062,-0.8545,0.0711,0.3574,-1.1706,-0.0622,0.3554,-1.165,0.109,1.2309,-1.9597,-0.0912,1.2263,-1.9526
6,0.0004,-0.0142,-0,0.7654,-0.0006,0.3188,-0.0002,0.03,0.0001,1.4922,-0.0062,-0.9525,0.0731,0.4415,-1.269,-0.0636,0.4394,-1.2633,0.1133,1.2542,-2.0236,-0.0958,1.2497,-2.0168
6,0.0004,-0.0139,-0,0.7803,-0.0006,0.3088,-0.0001,0.0299,0.0001,1.4845,-0.0062,-1.0352,0.0758,0.5337,-1.3732,-0.0655,0.5315,-1.3675,0.1178,1.2737,-2.0832,-0.1004,1.2694,-2.0766
7,0.0004,-0.0139,-0,0.7803,-0.0006,0.3088,-0.0001,0.0299,0.0001,1.4845,-0.0062,-1.0352,0.2217,-0.1108,-0.3088,0.2216,0.1097,-0.3088,0.1178,1.2737,-2.0832,-0.1004,1.2694,-2.0766
7,0.0004,-0.0136,-0,0.7951,-0.0007,0.2982,-0.0001,0.0297,0.0001,1.4614,-0.0062,-1.087,0.2069,-0.1107,-0.2982,0.2068,0.1098,-0.2982,0.1221,1.2867,-2.1384,-0.1051,1.2826,-2.132
7,0.0004,-0.0133,-0,0.8095,-0.0008,0.2872,0,0.0293,0.0001,1.4228,-0.0063,-1.1079,0.1925,-0.1106,-0.2872,0.1924,0.1099,-0.2872,0.1262,1.292,-2.1883,-0.1097,1.2881,-2.1821
7,0.0004,-0.013,-0,0.8235,-0.0008,0.2761,0.0002,0.0289,0.0001,1.3688,-0.0063,-1.0979,0.1785,-0.1106,-0.2761,0.1784,0.1099,-0.2761,0.1298,1.2884,-2.2319,-0.1139,1.2848,-2.226
7,0.0004,-0.0127,-0,0.8368,-0.0009,0.2653,0.0003,0.0282,0.0001,1.2994,-0.0064,-1.0571,0.1652,-0.1105,-0.2653,0.1651,0.11,-0.2653,0.1329,1.2748,-2.2683,-0.1178,1.2716,-2.2626
7,0.0004,-0.0124,-0,0.8494,-0.001,0.2551,0.0006,0.0275,0.0001,1.2146,-0.0065,-0.9855,0.1526,-0.1104,-0.2551,0.1525,0.1101,-0.2551,0.1352,1.2506,-2.2961,-0.1209,1.2478,-2.2908
7,0.0004,-0.0122,0,0.8611,-0.001,0.2457,0.0008,0.0266,0.0001,1.1143,-0.0066,-0.883,0.1409,-0.1104,-0.2457,0.1408,0.1101,-0.2457,0.1366,1.2153,-2.3143,-0.1233,1.213,-2.3092
7,0.0004,-0.0119,0,0.8717,-0.0011,0.2375,0.0011,0.0256,0.0001,0.9986,-0.0067,-0.7496,0.1303,-0.1103,-0.2375,0.1302,0.1102,-0.2375,0.1369,1.1693,-2.3213,-0.1247,1.1675,-2.3166
7,0.0005,-0.0117,0,0.881,-0.0012,0.2308,0.0015,0.0244,0.0002,0.8675,-0.0068,-0.5854,0.121,-0.1102,-0.2308,0.1209,0.1103,-0.2308,0.136,1.1135,-2.3158,-0.1248,1.1121,-2.3115
7,0.0005,-0.0114,0,0.8889,-0.0012,0.2259,0.0019,0.0231,0.0002,0.7209,-0.007,-0.3903,0.1131,-0.1102,-0.2259,0.113,0.1103,-0.2259,0.1336,1.0494,-2.2964,-0.1236,1.0484,-2.2925
7,0.0005,-0.0112,0.0001,0.8954,-0.0013,0.223,0.0022,0.0216,0.0002,0.5738,-0.0071,-0.1937,0.1066,-0.1101,-0.223,0.1065,0.1104,-0.223,0.1299,0.9793,-2.2624,-0.1209,0.9786,-2.2589
7,0.0005,-0.011,0.0001,0.9005,-0.0014,0.222,0.0024,0.02,0.0002,0.4411,-0.0073,-0.0251,0.1015,-0.11,-0.222,0.1014,0.1105,-0.222,0.1251,0.9071,-2.2157,-0.1172,0.9065,-2.2125
7,0.0005,-0.0108,0.0001,0.9043,-0.0015,0.2224,0.0024,0.0183,0.0002,0.3227,-0.0074,0.1155,0.0977,-0.1099,-0.2224,0.0976,0.1106,-0.2224,0.1199,0.836,-2.1592,-0.1128,0.8355,-2.1563
7,0.0005,-0.0106,0.0001,0.907,-0.0015,0.2242,0.0023,0.0164,0.0002,0.2186,-0.0075,0.2282,0.095,-0.1099,-0.2242,0.0949,0.1106,-0.2242,0.1146,0.7683,-2.096,-0.1082,0.7679,-2.0933
7,0.0005,-0.0105,0.0002,0.9087,-0.0016,0.2269,0.0021,0.0144,0.0001,0.1289,-0.0075,0.3129,0.0933,-0.1098,-0.2269,0.0932000000000001,0.1107,-0.2269,0.1095,0.7056,-2.0292,-0.1037,0.7053,-2.0267
7,0.0005,-0.0103,0.0002,0.9096,-0.0017,0.2304,0.0017,0.0122,0.0001,0.0535,-0.0076,0.3696,0.0924,-0.1097,-0.2304,0.0923,0.1108,-0.2304,0.1049,0.6493,-1.9622,-0.0994,0.6489,-1.9597
7,0.0005,-0.0102,0.0002,0.9098,-0.0018,0.2342,0.0012,0.0099,-0,-0.0075,-0.0077,0.3984,0.0921999999999999,-0.1096,-0.2342,0.0921,0.1109,-0.2342,0.101,0.6005,-1.8985,-0.0956,0.6001,-1.896
7,0.0005,-0.0101,0.0002,0.9095,-0.0018,0.2382,0.0005,0.0075,-0.0001,-0.0542,-0.0077,0.3992,0.0925,-0.1096,-0.2382,0.0924,0.1109,-0.2382,0.0978,0.5606,-1.8417,-0.0924,0.5602,-1.8392
7,0.0005,-0.0101,0.0002,0.9088,-0.0019,0.2421,-0.0003,0.0049,-0.0002,-0.0865,-0.0077,0.372,0.0931999999999999,-0.1095,-0.2421,0.0931,0.111,-0.2421,0.0955,0.5312,-1.796,-0.0898,0.5308,-1.7933
7,0.0005,-0.01,0.0002,0.9078,-0.002,0.2456,-0.0012,0.0021,-0.0003,-0.1045,-0.0077,0.3169,0.0942,-0.1094,-0.2456,0.0941,0.1111,-0.2456,0.0941,0.5142,-1.7651,-0.088,0.5137,-1.7623
7,0.0005,-0.01,0.0002,0.9067,-0.0021,0.2484,-0.0021,-0.0005,-0.0004,-0.1144,-0.0077,0.2477,0.0942,-0.1094,-0.2456,0.0941,0.1111,-0.2456,0.0933,0.5044,-1.7451,-0.0866,0.5038,-1.742
8,0.0005,-0.01,0.0002,0.9067,-0.0021,0.2484,-0.0021,-0.0005,-0.0004,-0.1144,-0.0077,0.2477,0.0953000000000001,-0.1093,-0.2484,0.0952000000000001,0.1112,-0.2484,-0.1006,-0.1114,-0.2484,-0.1007,0.1089,-0.2484
8,0.0005,-0.0101,0.0002,0.9055,-0.0021,0.2505,-0.0028,-0.0028,-0.0005,-0.1221,-0.0077,0.1782,0.0965,-0.1093,-0.2505,0.0964,0.1112,-0.2505,-0.0993999999999999,-0.1114,-0.2505,-0.0994999999999999,0.1089,-0.2505
8,0.0004,-0.0101,0.0001,0.9043,-0.0022,0.252,-0.0034,-0.0046,-0.0006,-0.1278,-0.0076,0.1084,0.0977,-0.1092,-0.252,0.0976,0.1113,-0.252,-0.0982,-0.1113,-0.252,-0.0982999999999999,0.109,-0.252
8,0.0004,-0.0101,0.0001,0.903,-0.0023,0.2527,-0.0037,-0.0061,-0.0006,-0.1315,-0.0076,0.0384,0.099,-0.1091,-0.2527,0.0989,0.1114,-0.2527,-0.0969,-0.1112,-0.2527,-0.097,0.1091,-0.2527
8,0.0004,-0.0102,0,0.9017,-0.0024,0.2527,-0.0039,-0.0072,-0.0006,-0.1331,-0.0075,-0.0319,0.1003,-0.109,-0.2527,0.1002,0.1115,-0.2527,-0.0955999999999999,-0.1111,-0.2527,-0.0956999999999999,0.1092,-0.2527
8,0.0004,-0.0103,0,0.9003,-0.0024,0.2521,-0.0038,-0.0079,-0.0005,-0.1327,-0.0074,-0.1024,0.1017,-0.109,-0.2521,0.1016,0.1115,-0.2521,-0.0942,-0.1111,-0.2521,-0.0942999999999999,0.1092,-0.2521
8,0.0004,-0.0104,-0,0.899,-0.0025,0.2507,-0.0036,-0.0082,-0.0004,-0.1303,-0.0073,-0.1732,0.103,-0.1089,-0.2507,0.1029,0.1116,-0.2507,-0.0929,-0.111,-0.2507,-0.093,0.1093,-0.2507
8,0.0004,-0.0105,-0.0001,0.8977,-0.0026,0.2486,-0.0032,-0.0082,-0.0003,-0.1258,-0.0071,-0.2443,0.1043,-0.1088,-0.2486,0.1042,0.1117,-0.2486,-0.0916,-0.1109,-0.2486,-0.0917,0.1094,-0.2486
8,0.0004,-0.0105,-0.0001,0.8965,-0.0027,0.2458,-0.0025,-0.0078,-0.0001,-0.1192,-0.007,-0.3156,0.1055,-0.1087,-0.2458,0.1054,0.1118,-0.2458,-0.0903999999999999,-0.1108,-0.2458,-0.0904999999999999,0.1095,-0.2458
8,0.0004,-0.0106,-0.0001,0.8954,-0.0027,0.2423,-0.0017,-0.007,0.0001,-0.1106,-0.0068,-0.3872,0.1066,-0.1087,-0.2423,0.1065,0.1118,-0.2423,-0.0892999999999999,-0.1108,-0.2423,-0.0893999999999999,0.1095,-0.2423
8,0.0004,-0.0107,-0.0001,0.8943,-0.0028,0.2381,-0.0009,-0.0058,0.0003,-0.0936,-0.0066,-0.4443,0.1066,-0.1087,-0.2423,0.1065,0.1118,-0.2423,-0.0892999999999999,-0.1108,-0.2423,-0.0893999999999999,0.1095,-0.2423
9,0.0004,-0.0107,-0.0001,0.8943,-0.0028,0.2381,-0.0009,-0.0058,0.0003,-0.0936,-0.0066,-0.4443,0.109,1.2017,-1.8619,-0.0766,1.1933,-1.8488,-0.0881999999999999,-0.1107,-0.2381,-0.0882999999999999,0.1096,-0.2381
9,0.0004,-0.0107,-0.0001,0.8935,-0.0029,0.2335,-0.0001,-0.0041,0.0005,-0.0616,-0.0064,-0.472,0.1124,1.2155,-1.9095,-0.0787,1.2069,-1.896,-0.0873999999999999,-0.1106,-0.2335,-0.0874999999999999,0.1097,-0.2335
9,0.0004,-0.0108,-0.0001,0.8931,-0.0029,0.2288,0.0005,-0.0021,0.0007,-0.0147,-0.0063,-0.4704,0.1165,1.2271,-1.9664,-0.0813,1.2183,-1.9526,-0.087,-0.1106,-0.2288,-0.0871,0.1097,-0.2288
9,0.0004,-0.0108,-0.0001,0.8933,-0.003,0.2242,0.0009,0.0003,0.0008,0.0471,-0.0061,-0.4395,0.1214,1.2344,-2.0288,-0.0846,1.2254,-2.0146,-0.0871999999999999,-0.1105,-0.2242,-0.0872999999999999,0.1098,-0.2242
9,0.0004,-0.0107,-0.0001,0.8941,-0.003,0.2201,0.0013,0.0031,0.0009,0.1238,-0.0059,-0.3793,0.1267,1.2348,-2.093,-0.0884,1.2259,-2.0785,-0.088,-0.1105,-0.2201,-0.0881,0.1098,-0.2201
9,0.0005,-0.0107,-0.0001,0.8958,-0.0031,0.2167,0.0016,0.0063,0.001,0.2154,-0.0058,-0.2898,0.1325,1.2263,-2.1555,-0.0925,1.2175,-2.1406,-0.0897,-0.1104,-0.2167,-0.0898,0.1099,-0.2167
9,0.0005,-0.0106,-0.0001,0.8985,-0.0032,0.2144,0.0017,0.0099,0.0011,0.3219,-0.0056,-0.171,0.1384,1.2071,-2.213,-0.0969,1.1987,-2.1976,-0.0923999999999999,-0.1103,-0.2144,-0.0924999999999999,0.11,-0.2144
9,0.0005,-0.0105,-0.0001,0.9023,-0.0032,0.2134,0.0017,0.0139,0.0012,0.4434,-0.0055,-0.0228,0.144,1.1764,-2.2621,-0.1012,1.1687,-2.2465,-0.0962,-0.1103,-0.2134,-0.0962999999999999,0.11,-0.2134
9,0.0005,-0.0103,-0,0.9074,-0.0033,0.214,0.0016,0.0183,0.0012,0.5797,-0.0053,0.1547,0.1489,1.1347,-2.3,-0.1052,1.128,-2.2842,-0.1013,-0.1102,-0.214,-0.1014,0.1101,-0.214
9,0.0005,-0.0101,-0,0.9139,-0.0033,0.2166,0.0013,0.0231,0.0012,0.7309,-0.0052,0.3615,0.1526,1.0843,-2.3242,-0.1085,1.0788,-2.3085,-0.1078,-0.1102,-0.2166,-0.1079,0.1101,-0.2166
9,0.0005,-0.0099,-0,0.922,-0.0034,0.2212,0.001,0.0279,0.0012,0.8817,-0.005,0.5669,0.1546,1.0289,-2.3333,-0.1108,1.0245,-2.3178,-0.1159,-0.1101,-0.2212,-0.116,0.1102,-0.2212
9,0.0005,-0.0096,-0,0.9315,-0.0034,0.2278,0.0008,0.0321,0.0012,1.0166,-0.0049,0.7405,0.1548,0.972,-2.3285,-0.1119,0.9687,-2.3134,-0.1254,-0.1101,-0.2278,-0.1255,0.1102,-0.2278
9,0.0005,-0.0092,-0,0.9423,-0.0035,0.2359,0.0006,0.0359,0.0012,1.1356,-0.0048,0.8821,0.1533,0.9164,-2.3115,-0.1118,0.914,-2.297,-0.1362,-0.11,-0.2359,-0.1363,0.1103,-0.2359
9,0.0006,-0.0089,0,0.9542,-0.0035,0.2453,0.0004,0.0391,0.0012,1.2388,-0.0047,0.9917,0.1503,0.8638,-2.284,-0.1108,0.8621,-2.2703,-0.1481,-0.11,-0.2453,-0.1482,0.1103,-0.2453
9,0.0006,-0.0085,0,0.967,-0.0036,0.2557,0.0002,0.0419,0.0012,1.3261,-0.0046,1.0694,0.1461,0.8151,-2.2477,-0.1088,0.8138,-2.2346,-0.1609,-0.1099,-0.2557,-0.161,0.1104,-0.2557
9,0.0006,-0.008,0,0.9807,-0.0036,0.2666,0.0001,0.0441,0.0012,1.3975,-0.0046,1.1151,0.141,0.7703,-2.2038,-0.1061,0.7692,-2.1915,-0.1746,-0.1099,-0.2666,-0.1747,0.1104,-0.2666
9,0.0006,-0.0076,0,0.9949,-0.0037,0.2779,-0,0.0459,0.0012,1.453,-0.0045,1.1289,0.1353,0.7291,-2.1535,-0.1029,0.7281,-2.1421,-0.1888,-0.1098,-0.2779,-0.1889,0.1105,-0.2779
9,0.0006,-0.0071,0,1.0097,-0.0037,0.2891,-0.0001,0.0471,0.0012,1.4927,-0.0045,1.1107,0.1293,0.6909,-2.098,-0.0993,0.6899,-2.0872,-0.2036,-0.1098,-0.2891,-0.2037,0.1105,-0.2891
9,0.0006,-0.0066,0,1.0247,-0.0037,0.3,-0.0002,0.0479,0.0012,1.5165,-0.0045,1.0606,0.123,0.6551,-2.0379,-0.0955,0.654,-2.0279,-0.2186,-0.1098,-0.3,-0.2187,0.1105,-0.3
9,0.0006,-0.0062,0,1.0399,-0.0038,0.3102,-0.0002,0.0481,0.0012,1.5245,-0.0045,0.9785,0.117,0.6212,-1.9743,-0.0918,0.62,-1.9649,-0.2338,-0.1097,-0.3102,-0.2339,0.1106,-0.3102
9,0.0006,-0.0057,-0,1.0552,-0.0038,0.3195,-0.0002,0.0481,0.0012,1.5245,-0.0045,0.8804,0.1112,0.5863,-1.9068,-0.0882,0.5851,-1.8979,-0.2338,-0.1097,-0.3102,-0.2339,0.1106,-0.3102
10,0.0006,-0.0057,-0,1.0552,-0.0038,0.3195,-0.0002,0.0481,0.0012,1.5245,-0.0045,0.8804,0.1112,0.5863,-1.9068,-0.0882,0.5851,-1.8979,0.0776,0.8328,-1.3217,-0.0619,0.8279,-1.3124
10,0.0006,-0.0052,-0,1.0704,-0.0039,0.3278,-0.0002,0.0481,0.0012,1.5245,-0.0045,0.7823,0.1059,0.5486,-1.8351,-0.0849,0.5473,-1.8268,0.0762,0.8292,-1.2502,-0.0606,0.824,-1.2407
10,0.0007,-0.0047,-0,1.0857,-0.0039,0.3351,-0.0002,0.0481,0.0012,1.5245,-0.0045,0.6843,0.101,0.5087,-1.76,-0.0818,0.5074,-1.7521,0.0752,0.8271,-1.1949,-0.0597,0.8217,-1.185
10,0.0007,-0.0042,-0,1.1009,-0.004,0.3415,-0.0002,0.0481,0.0012,1.5245,-0.0045,0.5862,0.0964,0.4675,-1.6823,-0.0789,0.4662,-1.6748,0.0747,0.8288,-1.1575,-0.0593,0.8232,-1.1473
10,0.0007,-0.0037,-0,1.1162,-0.004,0.3468,-0.0002,0.0481,0.0012,1.5245,-0.0045,0.4881,0.0923,0.4258,-1.6029,-0.0763,0.4245,-1.5958,0.0746,0.8356,-1.1389,-0.0592,0.8299,-1.1286
10,0.0007,-0.0033,-0,1.1314,-0.0041,0.3512,-0.0002,0.0481,0.0012,1.5245,-0.0045,0.3901,0.0885,0.3844,-1.523,-0.0739,0.383,-1.5162,0.0749,0.8481,-1.1388,-0.0594,0.8423,-1.1284
10,0.0007,-0.0028,-0,1.1467,-0.0041,0.3546,-0.0002,0.0481,0.0012,1.5245,-0.0045,0.292,0.0851,0.344,-1.4437,-0.0718,0.3426,-1.4371,0.0756,0.8661,-1.156,-0.0598,0.8603,-1.1456
10,0.0007,-0.0023,-0,1.1619,-0.0041,0.3571,-0.0002,0.0481,0.0012,1.5245,-0.0045,0.1939,0.0821,0.3055,-1.3662,-0.0699,0.3041,-1.3599,0.0765,0.8891,-1.1884,-0.0606,0.8832,-1.1782
10,0.0007,-0.0018,-0,1.1771,-0.0042,0.3585,-0.0002,0.0481,0.0012,1.5245,-0.0045,0.0959,0.0795,0.2699,-1.2926,-0.0683,0.2685,-1.2865,0.0778,0.9162,-1.2339,-0.0616,0.9105,-1.2238
10,0.0007,-0.0013,-0,1.1924,-0.0042,0.359,-0.0002,0.0481,0.0012,1.5245,-0.0045,-0.0022,0.0773,0.2386,-1.2249,-0.067,0.2372,-1.2189,0.0794,0.9466,-1.2899,-0.063,0.9409,-1.28
10,0.0008,-0.0009,-0,1.2076,-0.0043,0.3585,-0.0002,0.0481,0.0012,1.5245,-0.0045,-0.1003,0.0754,0.2128,-1.1654,-0.0659,0.2113,-1.1595,0.0814,0.9791,-1.3538,-0.0646,0.9734,-1.3441
10,0.0008,-0.0004,-0,1.2229,-0.0043,0.357,-0.0002,0.0481,0.0012,1.5245,-0.0045,-0.1983,0.0739,0.1941,-1.1169,-0.065,0.1927,-1.1111,0.0837,1.0127,-1.4235,-0.0665,1.0071,-1.4139
10,0.0008,0.0001,-0,1.2381,-0.0044,0.3545,-0.0002,0.0481,0.0012,1.5245,-0.0045,-0.2964,0.0728,0.1845,-1.0826,-0.0644,0.1831,-1.077,0.0863,1.0468,-1.497,-0.0687,1.0413,-1.4876
10,0.0008,0.0006,-0,1.2534,-0.0044,0.3511,-0.0002,0.0481,0.0012,1.5245,-0.0045,-0.3945,0.0721,0.1856,-1.0653,-0.064,0.1841,-1.0597,0.0893,1.0807,-1.5727,-0.0712,1.0751,-1.5634
10,0.0008,0.0011,-0,1.2686,-0.0045,0.3466,-0.0002,0.0481,0.0012,1.5245,-0.0045,-0.4925,0.0717,0.1988,-1.0671,-0.0639,0.1973,-1.0617,0.0927,1.1138,-1.6493,-0.074,1.1083,-1.6401
10,0.0008,0.0015,-0,1.2839,-0.0045,0.3412,-0.0002,0.0481,0.0012,1.5245,-0.0045,-0.5906,0.0718,0.2253,-1.0895,-0.0641,0.2239,-1.0842,0.0964,1.1459,-1.7256,-0.0771,1.1403,-1.7164
10,0.0008,0.002,-0,1.2991,-0.0045,0.3348,-0.0002,0.0481,0.0012,1.5245,-0.0045,-0.6887,0.0722,0.2659,-1.1326,-0.0646,0.2646,-1.1273,0.1005,1.1765,-1.8006,-0.0804,1.1708,-1.7913
10,0.0008,0.0025,-0,1.3143,-0.0046,0.3274,-0.0002,0.0481,0.0012,1.5245,-0.0045,-0.7867,0.0732,0.321,-1.1955,-0.0655,0.3197,-1.1903,0.1049,1.2056,-1.8733,-0.0841,1.1998,-1.8639
10,0.0009,0.003,-0,1.3296,-0.0046,0.3191,-0.0002,0.0481,0.0012,1.5245,-0.0045,-0.8848,0.0748,0.3906,-1.276,-0.0668,0.3893,-1.2709,0.1097,1.2332,-1.9431,-0.0881,1.2274,-1.9336
10,0.0009,0.0035,-0,1.3448,-0.0047,0.3097,-0.0002,0.0481,0.0012,1.5245,-0.0045,-0.9829,0.0771,0.4753,-1.372,-0.0685,0.474,-1.3668,0.1148,1.2594,-2.0091,-0.0922,1.2535,-1.9995
10,0.0009,0.004,-0,1.3601,-0.0047,0.2995,-0.0002,0.048,0.0012,1.5165,-0.0044,-1.065,0.08,0.5682,-1.4731,-0.0708,0.5668,-1.4677,0.12,1.2824,-2.0713,-0.0965,1.2763,-2.0615
11,0.0009,0.004,-0,1.3601,-0.0047,0.2995,-0.0002,0.048,0.0012,1.5165,-0.0044,-1.065,0.2187,-0.1104,-0.2995,0.2184,0.1092,-0.2995,0.12,1.2824,-2.0713,-0.0965,1.2763,-2.0615
11,0.0009,0.0044,-0,1.3751,-0.0048,0.2886,-0.0002,0.0475,0.0012,1.4926,-0.0044,-1.1152,0.2037,-0.1103,-0.2886,0.2034,0.1093,-0.2886,0.1253,1.2993,-2.1297,-0.1009,1.2931,-2.1197
11,0.0009,0.0049,-0,1.3898,-0.0048,0.2773,-0.0002,0.0466,0.0012,1.4528,-0.0043,-1.1335,0.189,-0.1103,-0.2773,0.1887,0.1093,-0.2773,0.1305,1.3088,-2.1832,-0.1051,1.3026,-2.173
11,0.0009,0.0054,-0,1.4041,-0.0049,0.266,-0.0002,0.0455,0.0013,1.397,-0.0042,-1.1199,0.1747,-0.1102,-0.266,0.1744,0.1094,-0.266,0.1353,1.3095,-2.2308,-0.1092,1.3034,-2.2205
11,0.0009,0.0058,-0,1.4177,-0.0049,0.255,-0.0002,0.044,0.0013,1.3253,-0.004,-1.0744,0.1611,-0.1102,-0.255,0.1608,0.1094,-0.255,0.1396,1.3001,-2.2715,-0.1128,1.2942,-2.261
11,0.0009,0.0062,-0,1.4306,-0.0049,0.2446,-0.0002,0.0422,0.0013,1.2377,-0.0038,-0.997,0.1482,-0.1102,-0.2446,0.1479,0.1094,-0.2446,0.1431,1.2794,-2.304,-0.1159,1.2739,-2.2934
11,0.001,0.0067,-0,1.4424,-0.005,0.2352,-0.0001,0.04,0.0013,1.1341,-0.0036,-0.8877,0.1364,-0.1101,-0.2352,0.1361,0.1095,-0.2352,0.1457,1.2468,-2.3269,-0.1183,1.2418,-2.3163
11,0.001,0.007,-0,1.4532,-0.005,0.227,-0.0001,0.0375,0.0014,1.0146,-0.0033,-0.7465,0.1256,-0.1101,-0.227,0.1253,0.1095,-0.227,0.1471,1.2022,-2.3386,-0.1197,1.1979,-2.328
11,0.001,0.0074,-0,1.4627,-0.005,0.2203,-0.0001,0.0347,0.0014,0.8792,-0.003,-0.5734,0.1161,-0.1101,-0.2203,0.1158,0.1095,-0.2203,0.147,1.1464,-2.3375,-0.1201,1.1429,-2.3271
11,0.001,0.0077,-0.0001,1.4707,-0.0051,0.2156,-0.0001,0.0315,0.0014,0.7278,-0.0026,-0.3683,0.1081,-0.11,-0.2156,0.1078,0.1096,-0.2156,0.1453,1.0809,-2.322,-0.1191,1.0781,-2.3119
11,0.001,0.008,-0.0001,1.4772,-0.0051,0.213,-0.0001,0.0282,0.0015,0.576,-0.0023,-0.162,0.1016,-0.11,-0.213,0.1013,0.1096,-0.213,0.1419,1.0082,-2.2912,-0.1168,1.0061,-2.2814
11,0.001,0.0083,-0.0001,1.4823,-0.0051,0.2123,-0.0001,0.0246,0.0015,0.4391,-0.002,0.0152,0.0965,-0.11,-0.2123,0.0962000000000001,0.1096,-0.2123,0.1372,0.9326,-2.2468,-0.1133,0.9311,-2.2375
11,0.001,0.0085,-0.0001,1.4861,-0.0051,0.2132,-0.0001,0.021,0.0014,0.3172,-0.0017,0.1631,0.0927,-0.11,-0.2132,0.0924,0.1096,-0.2132,0.1317,0.8581,-2.1917,-0.1092,0.857,-2.183
11,0.0011,0.0087,-0.0001,1.4887,-0.0051,0.2154,-0.0002,0.0172,0.0013,0.2103,-0.0015,0.2818,0.0901000000000001,-0.11,-0.2154,0.0898000000000001,0.1096,-0.2154,0.1259,0.7871,-2.1291,-0.1048,0.7863,-2.1208
11,0.0011,0.0089,-0.0001,1.4903,-0.0052,0.2187,-0.0003,0.0132,0.0012,0.1184,-0.0013,0.3713,0.0885,-0.1099,-0.2187,0.0882000000000001,0.1097,-0.2187,0.1203,0.7216,-2.0621,-0.1005,0.7209,-2.0542
11,0.0011,0.009,-0.0001,1.4911,-0.0052,0.2228,-0.0004,0.0092,0.0011,0.0414,-0.0011,0.4316,0.0876999999999999,-0.1099,-0.2228,0.0873999999999999,0.1097,-0.2228,0.115,0.6626,-1.9942,-0.0964,0.662,-1.9867
11,0.0011,0.009,-0.0001,1.4912,-0.0052,0.2273,-0.0005,0.0049,0.0009,-0.0206,-0.001,0.4627,0.0875999999999999,-0.1099,-0.2273,0.0872999999999999,0.1097,-0.2273,0.1104,0.6115,-1.9289,-0.0928,0.6109,-1.9216
11,0.0011,0.0091,-0.0001,1.4907,-0.0052,0.2319,-0.0007,0.0006,0.0007,-0.0676,-0.0009,0.4645,0.0881000000000001,-0.1099,-0.2319,0.0878000000000001,0.1097,-0.2319,0.1065,0.5696,-1.8699,-0.0897,0.569,-1.8628
11,0.0011,0.0091,-0.0001,1.4899,-0.0052,0.2364,-0.0008,-0.0039,0.0005,-0.0996,-0.0008,0.4372,0.0889,-0.1099,-0.2364,0.0886,0.1097,-0.2364,0.1035,0.5384,-1.8211,-0.0873,0.5377,-1.8141
11,0.0011,0.009,-0.0001,1.4888,-0.0052,0.2406,-0.001,-0.0085,0.0002,-0.1167,-0.0008,0.3806,0.0900000000000001,-0.1099,-0.2406,0.0897000000000001,0.1097,-0.2406,0.1014,0.5198,-1.7865,-0.0855,0.519,-1.7796
11,0.0011,0.0089,-0.0001,1.4876,-0.0052,0.244,-0.0012,-0.0128,-0,-0.1252,-0.0008,0.3095,0.0900000000000001,-0.1099,-0.2406,0.0897000000000001,0.1097,-0.2406,0.0999,0.5083,-1.7625,-0.0843,0.5075,-1.7556
12,0.0011,0.0089,-0.0001,1.4876,-0.0052,0.244,-0.0012,-0.0128,-0,-0.1252,-0.0008,0.3095,0.0911999999999999,-0.1099,-0.244,0.0909,0.1097,-0.244,-0.1052,-0.1099,-0.244,-0.1054,0.1098,-0.244
12,0.0011,0.0087,-0.0001,1.4863,-0.0052,0.2467,-0.0014,-0.0164,-0.0003,-0.1317,-0.0007,0.2387,0.0925,-0.1099,-0.2467,0.0922000000000001,0.1097,-0.2467,-0.1039,-0.1099,-0.2467,-0.1041,0.1098,-0.2467
12,0.0011,0.0086,-0.0001,1.485,-0.0052,0.2488,-0.0015,-0.0191,-0.0005,-0.1361,-0.0007,0.1681,0.0937999999999999,-0.1099,-0.2488,0.0934999999999999,0.1097,-0.2488,-0.1026,-0.1099,-0.2488,-0.1028,0.1098,-0.2488
12,0.0011,0.0084,-0.0001,1.4836,-0.0052,0.2501,-0.0016,-0.0211,-0.0006,-0.1384,-0.0007,0.0979,0.0952,-0.1099,-0.2501,0.0949,0.1097,-0.2501,-0.1012,-0.1099,-0.2501,-0.1014,0.1098,-0.2501
12,0.0011,0.0081,-0.0002,1.4822,-0.0052,0.2507,-0.0017,-0.0222,-0.0008,-0.1387,-0.0007,0.0279,0.0966,-0.1099,-0.2507,0.0963000000000001,0.1097,-0.2507,-0.0997999999999999,-0.1099,-0.2507,-0.0999999999999999,0.1098,-0.2507
12,0.0011,0.0079,-0.0002,1.4808,-0.0052,0.2507,-0.0018,-0.0227,-0.0009,-0.137,-0.0007,-0.0419,0.0980000000000001,-0.1099,-0.2507,0.0977000000000001,0.1097,-0.2507,-0.0983999999999998,-0.1099,-0.2507,-0.0985999999999998,0.1098,-0.2507
12,0.0011,0.0077,-0.0002,1.4795,-0.0053,0.2499,-0.0018,-0.0223,-0.001,-0.1331,-0.0006,-0.1114,0.0992999999999999,-0.1098,-0.2499,0.099,0.1098,-0.2499,-0.0971,-0.1098,-0.2499,-0.0972999999999999,0.1099,-0.2499
12,0.0011,0.0075,-0.0002,1.4782,-0.0053,0.2484,-0.0019,-0.0211,-0.001,-0.1273,-0.0006,-0.1806,0.1006,-0.1098,-0.2484,0.1003,0.1098,-0.2484,-0.0957999999999999,-0.1098,-0.2484,-0.0959999999999999,0.1099,-0.2484
12,0.0011,0.0073,-0.0002,1.4769,-0.0053,0.2463,-0.0019,-0.0192,-0.001,-0.1193,-0.0006,-0.2496,0.1019,-0.1098,-0.2463,0.1016,0.1098,-0.2463,-0.0945,-0.1098,-0.2463,-0.0947,0.1099,-0.2463
12,0.001,0.0071,-0.0003,1.4758,-0.0053,0.2435,-0.0018,-0.0165,-0.001,-0.1093,-0.0005,-0.3182,0.103,-0.1098,-0.2435,0.1027,0.1098,-0.2435,-0.0933999999999999,-0.1098,-0.2435,-0.0935999999999999,0.1099,-0.2435
12,0.001,0.0069,-0.0003,1.4748,-0.0053,0.24,-0.0018,-0.0135,-0.001,-0.0912,-0.0005,-0.3729,0.103,-0.1098,-0.2435,0.1027,0.1098,-0.2435,-0.0933999999999999,-0.1098,-0.2435,-0.0935999999999999,0.1099,-0.2435
13,0.001,0.0069,-0.0003,1.4748,-0.0053,0.24,-0.0018,-0.0135,-0.001,-0.0912,-0.0005,-0.3729,0.103,1.1991,-1.861,-0.0863,1.1948,-1.8528,-0.0924,-0.1098,-0.24,-0.0926,0.1099,-0.24
13,0.001,0.0068,-0.0003,1.474,-0.0053,0.2361,-0.0017,-0.0107,-0.0009,-0.0587,-0.0005,-0.3996,0.1058,1.2109,-1.9043,-0.0885,1.2066,-1.896,-0.0915999999999999,-0.1098,-0.2361,-0.0917999999999999,0.1099,-0.2361
13,0.001,0.0067,-0.0003,1.4736,-0.0053,0.2321,-0.0016,-0.0081,-0.0009,-0.0119,-0.0004,-0.3986,0.1094,1.2214,-1.9573,-0.0914,1.217,-1.9489,-0.0911999999999999,-0.1098,-0.2321,-0.0913999999999999,0.1099,-0.2321
13,0.001,0.0067,-0.0003,1.4738,-0.0053,0.2282,-0.0014,-0.0057,-0.0009,0.0491,-0.0004,-0.3696,0.1137,1.228,-2.0163,-0.0949,1.2237,-2.0077,-0.0913999999999999,-0.1098,-0.2282,-0.0915999999999999,0.1099,-0.2282
13,0.001,0.0066,-0.0003,1.4747,-0.0053,0.2248,-0.0013,-0.0035,-0.0009,0.1245,-0.0004,-0.3128,0.1185,1.2288,-2.0776,-0.0988,1.2245,-2.0688,-0.0922999999999998,-0.1098,-0.2248,-0.0924999999999998,0.1099,-0.2248
13,0.001,0.0066,-0.0003,1.4764,-0.0053,0.222,-0.0011,-0.0016,-0.0009,0.2141,-0.0004,-0.2281,0.1238,1.2217,-2.1378,-0.103,1.2175,-2.1288,-0.0939999999999999,-0.1098,-0.222,-0.0941999999999998,0.1099,-0.222
13,0.001,0.0066,-0.0004,1.479,-0.0053,0.2203,-0.0009,0.0002,-0.0009,0.318,-0.0004,-0.1156,0.1292,1.2049,-2.1935,-0.1074,1.201,-2.1843,-0.0966,-0.1098,-0.2203,-0.0968,0.1099,-0.2203
13,0.001,0.0066,-0.0004,1.4828,-0.0053,0.2198,-0.0006,0.0018,-0.0009,0.4363,-0.0004,0.0248,0.1345,1.1776,-2.2418,-0.1117,1.1741,-2.2324,-0.1004,-0.1098,-0.2198,-0.1006,0.1099,-0.2198
13,0.001,0.0066,-0.0004,1.4878,-0.0053,0.2209,-0.0004,0.0031,-0.0009,0.5688,-0.0004,0.193,0.1392,1.1401,-2.2797,-0.1156,1.1371,-2.2701,-0.1054,-0.1098,-0.2209,-0.1056,0.1099,-0.2209
13,0.001,0.0067,-0.0004,1.4942,-0.0053,0.2238,-0.0001,0.0043,-0.0009,0.7156,-0.0004,0.3891,0.143,1.0941,-2.3047,-0.1187,1.0917,-2.295,-0.1118,-0.1098,-0.2238,-0.112,0.1099,-0.2238
13,0.0009,0.0067,-0.0004,1.5021,-0.0053,0.2287,0.0002,0.0053,-0.0009,0.8619,-0.0005,0.5837,0.1453,1.0427,-2.3154,-0.1206,1.041,-2.3057,-0.1197,-0.1098,-0.2287,-0.1199,0.1099,-0.2287
13,0.0009,0.0068,-0.0004,1.5114,-0.0053,0.2354,0.0005,0.0062,-0.0009,0.9928,-0.0005,0.7476,0.146,0.9892,-2.3126,-0.1213,0.988,-2.303,-0.129,-0.1098,-0.2354,-0.1292,0.1099,-0.2354
13,0.0009,0.0068,-0.0004,1.5219,-0.0053,0.2435,0.0007,0.007,-0.0009,1.1082,-0.0005,0.8806,0.1452,0.9361,-2.298,-0.1208,0.9354,-2.2886,-0.1395,-0.1098,-0.2435,-0.1397,0.1099,-0.2435
13,0.0009,0.0069,-0.0004,1.5335,-0.0053,0.2529,0.0009,0.0077,-0.0009,1.2083,-0.0005,0.9828,0.1431,0.8852,-2.2732,-0.1192,0.8847,-2.2639,-0.1511,-0.1098,-0.2529,-0.1513,0.1099,-0.2529
13,0.0009,0.007,-0.0003,1.546,-0.0053,0.2631,0.001,0.0082,-0.001,1.293,-0.0005,1.0542,0.1398,0.8373,-2.2394,-0.1166,0.837,-2.2304,-0.1636,-0.1098,-0.2631,-0.1638,0.1099,-0.2631
13,0.0009,0.0071,-0.0003,1.5593,-0.0053,0.2738,0.0012,0.0087,-0.001,1.3623,-0.0005,1.0948,0.1357,0.7928,-2.1981,-0.1133,0.7926,-2.1894,-0.1769,-0.1098,-0.2738,-0.1771,0.1099,-0.2738
13,0.0009,0.0072,-0.0003,1.5732,-0.0054,0.2849,0.0013,0.0091,-0.001,1.4162,-0.0005,1.1046,0.1309,0.7515,-2.1504,-0.1096,0.7513,-2.1419,-0.1908,-0.1097,-0.2849,-0.191,0.11,-0.2849
13,0.0009,0.0073,-0.0003,1.5876,-0.0054,0.2958,0.0014,0.0093,-0.001,1.4547,-0.0006,1.0835,0.1258,0.713,-2.0971,-0.1055,0.7126,-2.0889,-0.2052,-0.1097,-0.2958,-0.2054,0.11,-0.2958
13,0.0009,0.0073,-0.0003,1.6022,-0.0054,0.3064,0.0014,0.0095,-0.001,1.4778,-0.0006,1.0317,0.1203,0.6768,-2.0392,-0.1011,0.6762,-2.0312,-0.2198,-0.1097,-0.3064,-0.22,0.11,-0.3064
13,0.0009,0.0074,-0.0003,1.6171,-0.0054,0.3164,0.0014,0.0095,-0.001,1.4855,-0.0006,0.949,0.1149,0.6423,-1.9774,-0.0968,0.6417,-1.9697,-0.2347,-0.1097,-0.3164,-0.2349,0.11,-0.3164
13,0.0008,0.0075,-0.0003,1.6319,-0.0054,0.3254,0.0014,0.0095,-0.001,1.4855,-0.0006,0.851,0.1099,0.607,-1.9117,-0.0927,0.6062,-1.9042,-0.2347,-0.1097,-0.3164,-0.2349,0.11,-0.3164
14,0.0008,0.0075,-0.0003,1.6319,-0.0054,0.3254,0.0014,0.0095,-0.001,1.4855,-0.0006,0.851,0.1099,0.607,-1.9117,-0.0927,0.6062,-1.9042,0.0748,0.7807,-1.2507,-0.0626,0.7769,-1.2423
14,0.0008,0.0076,-0.0002,1.6468,-0.0054,0.3334,0.0014,0.0095,-0.001,1.4855,-0.0006,0.7529,0.1052,0.569,-1.8417,-0.0889,0.568,-1.8344,0.0735,0.7768,-1.1807,-0.0614,0.7727,-1.1719
14,0.0008,0.0077,-0.0002,1.6616,-0.0054,0.3404,0.0014,0.0095,-0.001,1.4855,-0.0006,0.6548,0.1007,0.529,-1.7683,-0.0853,0.5279,-1.7611,0.0727,0.7758,-1.1285,-0.0607,0.7714,-1.1194
14,0.0008,0.0078,-0.0002,1.6765,-0.0054,0.3465,0.0014,0.0095,-0.001,1.4855,-0.0006,0.5568,0.0966,0.4879,-1.6922,-0.082,0.4866,-1.6851,0.0724,0.7797,-1.0959,-0.0603,0.7751,-1.0865
14,0.0008,0.0079,-0.0002,1.6913,-0.0054,0.3516,0.0014,0.0095,-0.001,1.4855,-0.0006,0.4587,0.0928,0.4464,-1.6145,-0.0789,0.4449,-1.6075,0.0725,0.7898,-1.0837,-0.0602,0.785,-1.0741
14,0.0008,0.008,-0.0002,1.7062,-0.0054,0.3557,0.0014,0.0095,-0.001,1.4855,-0.0006,0.3606,0.0893,0.4052,-1.5362,-0.0761,0.4036,-1.5292,0.073,0.8063,-1.0911,-0.0604,0.8014,-1.0814
14,0.0008,0.0081,-0.0002,1.7211,-0.0054,0.3588,0.0014,0.0095,-0.001,1.4855,-0.0006,0.2626,0.0863,0.3652,-1.4585,-0.0737,0.3635,-1.4516,0.0739,0.829,-1.1167,-0.0609,0.824,-1.1069
14,0.0008,0.0082,-0.0002,1.7359,-0.0054,0.3609,0.0014,0.0095,-0.001,1.4855,-0.0006,0.1645,0.0836,0.3272,-1.3828,-0.0715,0.3253,-1.3759,0.0751,0.8568,-1.1576,-0.0617,0.8518,-1.1478
14,0.0008,0.0083,-0.0001,1.7508,-0.0054,0.3621,0.0014,0.0095,-0.001,1.4855,-0.0006,0.0664,0.0812,0.2922,-1.3109,-0.0696,0.2902,-1.3039,0.0767,0.8889,-1.2113,-0.0627,0.8838,-1.2016
14,0.0008,0.0084,-0.0001,1.7656,-0.0054,0.3622,0.0014,0.0095,-0.001,1.4855,-0.0006,-0.0316,0.0792,0.2613,-1.2446,-0.068,0.2592,-1.2375,0.0787,0.9239,-1.2749,-0.064,0.9187,-1.2653
14,0.0008,0.0085,-0.0001,1.7805,-0.0054,0.3614,0.0014,0.0095,-0.001,1.4855,-0.0006,-0.1297,0.0775,0.2361,-1.1864,-0.0666,0.2338,-1.1793,0.0811,0.9609,-1.3459,-0.0656,0.9556,-1.3364
14,0.0007,0.0086,-0.0001,1.7953,-0.0054,0.3596,0.0014,0.0095,-0.001,1.4855,-0.0006,-0.2278,0.0762,0.2179,-1.139,-0.0656,0.2155,-1.1319,0.0838,0.9988,-1.422,-0.0675,0.9935,-1.4125
14,0.0007,0.0087,-0.0001,1.8102,-0.0054,0.3569,0.0014,0.0095,-0.001,1.4855,-0.0006,-0.3258,0.0752,0.2086,-1.1056,-0.0648,0.2062,-1.0983,0.0869,1.0369,-1.5013,-0.0696,1.0314,-1.4917
14,0.0007,0.0088,-0.0001,1.825,-0.0054,0.3531,0.0014,0.0095,-0.001,1.4855,-0.0006,-0.4239,0.0746,0.2098,-1.0885,-0.0643,0.2073,-1.0813,0.0905,1.0744,-1.5822,-0.0721,1.0688,-1.5725
14,0.0007,0.0089,-0.0001,1.8399,-0.0055,0.3484,0.0014,0.0095,-0.001,1.4855,-0.0006,-0.522,0.0743,0.2229,-1.0901,-0.0641,0.2204,-1.083,0.0945,1.111,-1.6633,-0.0748,1.1051,-1.6535
14,0.0007,0.009,-0.0001,1.8548,-0.0055,0.3427,0.0014,0.0095,-0.001,1.4855,-0.0006,-0.62,0.0745,0.2491,-1.1118,-0.0642,0.2466,-1.1048,0.0989,1.1461,-1.7436,-0.0778,1.1401,-1.7336
14,0.0007,0.0091,-0,1.8696,-0.0055,0.336,0.0014,0.0095,-0.001,1.4855,-0.0006,-0.7181,0.075,0.2893,-1.1538,-0.0647,0.2869,-1.147,0.1037,1.1796,-1.822,-0.0811,1.1732,-1.8117
14,0.0007,0.0092,-0,1.8845,-0.0055,0.3283,0.0014,0.0095,-0.001,1.4855,-0.0006,-0.8162,0.0761,0.3437,-1.2151,-0.0656,0.3412,-1.2084,0.1089,1.2113,-1.8977,-0.0847,1.2046,-1.8871
14,0.0007,0.0093,-0,1.8993,-0.0055,0.3197,0.0014,0.0095,-0.001,1.4855,-0.0006,-0.9142,0.0777,0.4125,-1.2939,-0.0669,0.4101,-1.2874,0.1146,1.2413,-1.9701,-0.0887,1.2342,-1.9591
14,0.0007,0.0093,0,1.9142,-0.0055,0.31,0.0014,0.0095,-0.001,1.4855,-0.0006,-1.0123,0.08,0.4964,-1.3882,-0.0688,0.494,-1.3818,0.1206,1.2695,-2.0381,-0.0927,1.262,-2.0267
14,0.0007,0.0094,0,1.929,-0.0055,0.2995,0.0015,0.0094,-0.001,1.4777,-0.0005,-1.0947,0.0829,0.5886,-1.4877,-0.0712,0.5862,-1.4814,0.1267,1.2941,-2.1019,-0.0969,1.2861,-2.0901
15,0.0007,0.0094,0,1.929,-0.0055,0.2995,0.0015,0.0094,-0.001,1.4777,-0.0005,-1.0947,0.2129,-0.1097,-0.2995,0.2129,0.1091,-0.2995,0.1267,1.2941,-2.1019,-0.0969,1.2861,-2.0901
15,0.0006,0.0095,0,1.9437,-0.0055,0.2882,0.0015,0.0089,-0.001,1.4544,-0.0005,-1.1456,0.1982,-0.1097,-0.2882,0.1982,0.1091,-0.2882,0.133,1.3122,-2.1614,-0.1011,1.3039,-2.1491
15,0.0006,0.0096,0.0001,1.958,-0.0055,0.2767,0.0016,0.0082,-0.001,1.4156,-0.0003,-1.165,0.1839,-0.1097,-0.2767,0.1839,0.1091,-0.2767,0.1391,1.3227,-2.2158,-0.1051,1.3139,-2.203
15,0.0006,0.0097,0.0001,1.9719,-0.0055,0.265,0.0018,0.0071,-0.001,1.3612,-0.0002,-1.153,0.17,-0.1097,-0.265,0.17,0.1091,-0.265,0.1448,1.324,-2.2641,-0.1088,1.315,-2.2507
15,0.0006,0.0098,0.0001,1.9852,-0.0055,0.2537,0.002,0.0057,-0.001,1.2913,0,-1.1096,0.1567,-0.1097,-0.2537,0.1567,0.1091,-0.2537,0.15,1.3147,-2.3054,-0.1121,1.3057,-2.2914
15,0.0006,0.0098,0.0001,1.9977,-0.0055,0.243,0.0023,0.0041,-0.0011,1.2058,0.0003,-1.0347,0.1442,-0.1097,-0.243,0.1442,0.1091,-0.243,0.1544,1.2939,-2.3383,-0.1148,1.2851,-2.3239
15,0.0006,0.0098,0.0001,2.0093,-0.0055,0.2331,0.0026,0.0021,-0.0011,1.1048,0.0006,-0.9284,0.1326,-0.1097,-0.2331,0.1326,0.1091,-0.2331,0.1577,1.2609,-2.3616,-0.1168,1.2525,-2.3468
15,0.0006,0.0099,0.0002,2.0198,-0.0055,0.2245,0.003,-0.0002,-0.0011,0.9883,0.0009,-0.7906,0.1221,-0.1097,-0.2245,0.1221,0.1091,-0.2245,0.1598,1.2157,-2.3738,-0.1179,1.2079,-2.3588
15,0.0006,0.0098,0.0002,2.029,-0.0055,0.2174,0.0034,-0.0028,-0.0012,0.8562,0.0013,-0.6214,0.1129,-0.1097,-0.2174,0.1129,0.1091,-0.2174,0.1602,1.1591,-2.3734,-0.118,1.1522,-2.3582
15,0.0006,0.0098,0.0002,2.0368,-0.0055,0.2122,0.0039,-0.0057,-0.0012,0.7086,0.0017,-0.4207,0.1051,-0.1097,-0.2122,0.1051,0.1091,-0.2122,0.1589,1.093,-2.3587,-0.1168,1.087,-2.3436
15,0.0005,0.0097,0.0003,2.0432,-0.0054,0.209,0.0043,-0.0086,-0.0013,0.5603,0.0022,-0.2183,0.0987,-0.1098,-0.209,0.0987,0.109,-0.209,0.1557,1.0199,-2.329,-0.1143,1.0149,-2.3142
15,0.0005,0.0096,0.0003,2.0481,-0.0054,0.2077,0.0044,-0.0114,-0.0013,0.4263,0.0026,-0.044,0.0938000000000003,-0.1098,-0.2077,0.0938000000000003,0.109,-0.2077,0.1509,0.9444,-2.2861,-0.1108,0.9401,-2.2717
15,0.0005,0.0095,0.0004,2.0517,-0.0054,0.208,0.0043,-0.0139,-0.0014,0.3065,0.003,0.1024,0.0902000000000003,-0.1098,-0.208,0.0902000000000003,0.109,-0.208,0.1452,0.8703,-2.2327,-0.1067,0.8666,-2.2188
15,0.0005,0.0093,0.0004,2.0543,-0.0054,0.2097,0.004,-0.0163,-0.0015,0.2009,0.0033,0.2207,0.0876000000000001,-0.1098,-0.2097,0.0876000000000001,0.109,-0.2097,0.139,0.8002,-2.1721,-0.1023,0.7967,-2.1587
15,0.0005,0.0092,0.0004,2.0558,-0.0053,0.2124,0.0035,-0.0185,-0.0016,0.1096,0.0036,0.311,0.0861000000000001,-0.1099,-0.2124,0.0861000000000001,0.1089,-0.2124,0.1329,0.7356,-2.1075,-0.0979,0.7324,-2.0946
15,0.0005,0.009,0.0005,2.0565,-0.0053,0.2158,0.0027,-0.0205,-0.0017,0.0326,0.0038,0.3733,0.0853999999999999,-0.1099,-0.2158,0.0853999999999999,0.1089,-0.2158,0.1272,0.6779,-2.0422,-0.0939,0.6747,-2.0298
15,0.0005,0.0088,0.0005,2.0565,-0.0052,0.2197,0.0017,-0.0222,-0.0018,-0.0302,0.004,0.4076,0.0853999999999999,-0.11,-0.2197,0.0853999999999999,0.1088,-0.2197,0.1221,0.6281,-1.9798,-0.0904,0.6249,-1.9677
15,0.0004,0.0085,0.0005,2.0559,-0.0052,0.2239,0.0005,-0.0238,-0.002,-0.0788,0.0042,0.4139,0.0860000000000003,-0.11,-0.2239,0.0860000000000003,0.1088,-0.2239,0.1178,0.5873,-1.9237,-0.0875,0.5842,-1.912
15,0.0004,0.0083,0.0005,2.055,-0.0052,0.2279,-0.001,-0.0252,-0.0021,-0.1131,0.0044,0.3921,0.0869,-0.11,-0.2279,0.0869,0.1088,-0.2279,0.1145,0.5571,-1.8779,-0.0853,0.554,-1.8665
15,0.0004,0.008,0.0005,2.0537,-0.0051,0.2316,-0.0027,-0.0265,-0.0023,-0.1331,0.0045,0.3424,0.0882000000000001,-0.1101,-0.2316,0.0882000000000001,0.1087,-0.2316,0.112,0.5391,-1.846,-0.0839,0.536,-1.8349
15,0.0004,0.0078,0.0004,2.0523,-0.0051,0.2347,-0.0043,-0.0274,-0.0025,-0.1448,0.0045,0.2786,0.0882000000000001,-0.1101,-0.2316,0.0882000000000001,0.1087,-0.2316,0.1103,0.5279,-1.8242,-0.0829,0.5248,-1.8134
16,0.0004,0.0078,0.0004,2.0523,-0.0051,0.2347,-0.0043,-0.0274,-0.0025,-0.1448,0.0045,0.2786,0.0896000000000003,-0.1101,-0.2347,0.0896000000000003,0.1087,-0.2347,-0.1057,-0.1087,-0.2347,-0.1057,0.1107,-0.2347
16,0.0003,0.0075,0.0004,2.0508,-0.005,0.2372,-0.0056,-0.0279,-0.0026,-0.1538,0.0046,0.2149,0.0911,-0.1102,-0.2372,0.0911,0.1086,-0.2372,-0.1042,-0.1088,-0.2372,-0.1042,0.1106,-0.2372
16,0.0003,0.0072,0.0003,2.0493,-0.005,0.239,-0.0065,-0.0281,-0.0027,-0.1601,0.0047,0.1512,0.0926,-0.1102,-0.239,0.0926,0.1086,-0.239,-0.1027,-0.1088,-0.239,-0.1027,0.1106,-0.239
16,0.0003,0.0069,0.0003,2.0476,-0.0049,0.2402,-0.0071,-0.0278,-0.0028,-0.1639,0.0047,0.0875,0.0943000000000001,-0.1103,-0.2402,0.0943000000000001,0.1085,-0.2402,-0.101,-0.1089,-0.2402,-0.101,0.1105,-0.2402
16,0.0003,0.0066,0.0002,2.046,-0.0049,0.2408,-0.0073,-0.0272,-0.0029,-0.1651,0.0047,0.0239,0.0959000000000003,-0.1103,-0.2408,0.0959000000000003,0.1085,-0.2408,-0.0993999999999997,-0.1089,-0.2408,-0.0993999999999997,0.1105,-0.2408
16,0.0002,0.0064,0.0001,2.0443,-0.0048,0.2407,-0.0072,-0.0262,-0.0029,-0.1636,0.0047,-0.0397,0.0976000000000004,-0.1104,-0.2407,0.0976000000000004,0.1084,-0.2407,-0.0976999999999997,-0.109,-0.2407,-0.0976999999999997,0.1104,-0.2407
16,0.0002,0.0061,0,2.0427,-0.0048,0.24,-0.0067,-0.0248,-0.0029,-0.1595,0.0047,-0.1033,0.0992000000000002,-0.1104,-0.24,0.0992000000000002,0.1084,-0.24,-0.0960999999999999,-0.109,-0.24,-0.0960999999999999,0.1104,-0.24
16,0.0002,0.0059,-0,2.0412,-0.0047,0.2386,-0.0059,-0.023,-0.0029,-0.1528,0.0047,-0.1669,0.1007,-0.1105,-0.2386,0.1007,0.1083,-0.2386,-0.0945999999999998,-0.1091,-0.2386,-0.0945999999999998,0.1103,-0.2386
16,0.0001,0.0057,-0.0001,2.0397,-0.0047,0.2366,-0.0047,-0.0208,-0.0029,-0.1434,0.0046,-0.2304,0.1022,-0.1105,-0.2366,0.1022,0.1083,-0.2366,-0.0930999999999997,-0.1091,-0.2366,-0.0930999999999997,0.1103,-0.2366
16,0.0001,0.0055,-0.0001,2.0383,-0.0047,0.234,-0.0032,-0.0183,-0.0028,-0.1315,0.0046,-0.2939,0.1036,-0.1105,-0.234,0.1036,0.1083,-0.234,-0.0916999999999999,-0.1091,-0.234,-0.0916999999999999,0.1103,-0.234
16,0.0001,0.0053,-0.0001,2.0371,-0.0046,0.2308,-0.0016,-0.0157,-0.0028,-0.1112,0.0045,-0.3438,0.1036,-0.1105,-0.234,0.1036,0.1083,-0.234,-0.0916999999999999,-0.1091,-0.234,-0.0916999999999999,0.1103,-0.234
17,0.0001,0.0053,-0.0001,2.0371,-0.0046,0.2308,-0.0016,-0.0157,-0.0028,-0.1112,0.0045,-0.3438,0.1048,1.2348,-1.915,-0.0958,1.2328,-1.9114,-0.0905,-0.1092,-0.2308,-0.0905,0.1102,-0.2308
17,0.0001,0.0052,-0.0001,2.0361,-0.0046,0.2272,-0.0003,-0.0136,-0.0027,-0.0771,0.0044,-0.3665,0.1073,1.2432,-1.9543,-0.0982,1.2412,-1.9507,-0.0894999999999997,-0.1092,-0.2272,-0.0894999999999997,0.1102,-0.2272
17,0,0.005,-0.0001,2.0356,-0.0045,0.2236,0.0009,-0.0119,-0.0026,-0.0291,0.0043,-0.3622,0.1104,1.2493,-2.0021,-0.1012,1.2473,-1.9985,-0.089,-0.1093,-0.2236,-0.089,0.1101,-0.2236
17,0,0.0049,-0.0001,2.0356,-0.0045,0.2201,0.0018,-0.0107,-0.0025,0.0328,0.0042,-0.3307,0.1143,1.2511,-2.0549,-0.1047,1.2491,-2.0512,-0.089,-0.1093,-0.2201,-0.089,0.1101,-0.2201
17,-0,0.0048,-0.0001,2.0363,-0.0044,0.217,0.0025,-0.0099,-0.0025,0.1086,0.0041,-0.272,0.1185,1.2465,-2.1093,-0.1086,1.2445,-2.1056,-0.0897000000000001,-0.1094,-0.217,-0.0897000000000001,0.11,-0.217
17,-0,0.0047,-0.0001,2.0378,-0.0044,0.2147,0.0029,-0.0095,-0.0024,0.1983,0.0039,-0.1862,0.1231,1.2338,-2.1621,-0.1127,1.2318,-2.1582,-0.0911999999999997,-0.1094,-0.2147,-0.0911999999999997,0.11,-0.2147
17,-0.0001,0.0046,-0,2.0403,-0.0044,0.2134,0.0031,-0.0096,-0.0023,0.3018,0.0037,-0.0732,0.1278,1.2115,-2.21,-0.1168,1.2095,-2.206,-0.0936999999999997,-0.1094,-0.2134,-0.0936999999999997,0.11,-0.2134
17,-0.0001,0.0045,-0,2.0439,-0.0043,0.2133,0.0031,-0.0101,-0.0022,0.4193,0.0036,0.0668,0.1322,1.1793,-2.2502,-0.1206,1.1773,-2.2459,-0.0972999999999997,-0.1095,-0.2133,-0.0972999999999997,0.1099,-0.2133
17,-0.0001,0.0044,0,2.0487,-0.0043,0.2148,0.0029,-0.011,-0.002,0.5507,0.0033,0.2341,0.136,1.1377,-2.2799,-0.1238,1.1357,-2.2754,-0.1021,-0.1095,-0.2148,-0.1021,0.1099,-0.2148
17,-0.0001,0.0043,0,2.055,-0.0043,0.2181,0.0024,-0.0124,-0.0019,0.696,0.0031,0.4284,0.1387,1.0888,-2.2968,-0.1259,1.087,-2.2921,-0.1084,-0.1095,-0.2181,-0.1084,0.1099,-0.2181
17,-0.0001,0.0042,0.0001,2.0627,-0.0042,0.2234,0.0018,-0.0139,-0.0018,0.8406,0.0029,0.6211,0.1401,1.0357,-2.2997,-0.1267,1.034,-2.2947,-0.1161,-0.1096,-0.2234,-0.1161,0.1098,-0.2234
17,-0.0002,0.004,0.0001,2.0717,-0.0042,0.2304,0.0013,-0.0153,-0.0017,0.97,0.0027,0.7831,0.14,0.9815,-2.2894,-0.1261,0.9799,-2.2843,-0.1251,-0.1096,-0.2304,-0.1251,0.1098,-0.2304
17,-0.0002,0.0039,0.0001,2.082,-0.0042,0.2389,0.0009,-0.0165,-0.0016,1.0841,0.0025,0.9146,0.1386,0.9283,-2.2678,-0.1242,0.9268,-2.2625,-0.1354,-0.1096,-0.2389,-0.1354,0.1098,-0.2389
17,-0.0002,0.0037,0.0001,2.0933,-0.0041,0.2486,0.0005,-0.0175,-0.0016,1.1831,0.0024,1.0154,0.136,0.8775,-2.2363,-0.1213,0.8761,-2.2308,-0.1467,-0.1097,-0.2486,-0.1467,0.1097,-0.2486
17,-0.0002,0.0035,0.0001,2.1056,-0.0041,0.2592,0.0002,-0.0184,-0.0015,1.2668,0.0023,1.0857,0.1325,0.8298,-2.1965,-0.1176,0.8284,-2.1908,-0.159,-0.1097,-0.2592,-0.159,0.1097,-0.2592
17,-0.0002,0.0033,0.0001,2.1186,-0.0041,0.2702,-0,-0.0191,-0.0014,1.3353,0.0022,1.1253,0.1284,0.7852,-2.1496,-0.1133,0.7837,-2.1437,-0.172,-0.1097,-0.2702,-0.172,0.1097,-0.2702
17,-0.0002,0.0031,0.0001,2.1323,-0.0041,0.2816,-0.0002,-0.0197,-0.0014,1.3886,0.0021,1.1344,0.1238,0.7435,-2.0966,-0.1086,0.7419,-2.0907,-0.1857,-0.1097,-0.2816,-0.1857,0.1097,-0.2816
17,-0.0003,0.0029,0.0001,2.1464,-0.0041,0.2928,-0.0004,-0.0201,-0.0014,1.4266,0.002,1.1128,0.1189,0.7042,-2.0387,-0.1037,0.7025,-2.0326,-0.1998,-0.1097,-0.2928,-0.1998,0.1097,-0.2928
17,-0.0003,0.0027,0.0001,2.1607,-0.004,0.3037,-0.0005,-0.0203,-0.0013,1.4495,0.002,1.0607,0.114,0.6669,-1.9767,-0.0989,0.6651,-1.9706,-0.2141,-0.1098,-0.3037,-0.2141,0.1096,-0.3037
17,-0.0003,0.0025,0.0001,2.1753,-0.004,0.3139,-0.0005,-0.0204,-0.0013,1.4571,0.002,0.9779,0.1094,0.6312,-1.9117,-0.0943,0.6293,-1.9054,-0.2287,-0.1098,-0.3139,-0.2287,0.1096,-0.3139
17,-0.0003,0.0023,0.0001,2.1899,-0.004,0.3232,-0.0005,-0.0204,-0.0013,1.4571,0.002,0.8798,0.1051,0.5947,-1.8434,-0.0901,0.5927,-1.837,-0.2287,-0.1098,-0.3139,-0.2287,0.1096,-0.3139
18,-0.0003,0.0023,0.0001,2.1899,-0.004,0.3232,-0.0005,-0.0204,-0.0013,1.4571,0.002,0.8798,0.1051,0.5947,-1.8434,-0.0901,0.5927,-1.837,0.0769,0.7854,-1.2845,-0.063,0.7817,-1.278
18,-0.0003,0.0021,0.0001,2.2044,-0.004,0.3315,-0.0005,-0.0204,-0.0013,1.4571,0.002,0.7818,0.1011,0.5557,-1.7716,-0.0861,0.5535,-1.765,0.0754,0.7813,-1.2138,-0.0618,0.7776,-1.2073
18,-0.0003,0.0019,0.0001,2.219,-0.004,0.3389,-0.0005,-0.0204,-0.0013,1.4571,0.002,0.6837,0.0973,0.5149,-1.6969,-0.0824,0.5125,-1.6902,0.0743,0.779,-1.1588,-0.061,0.7754,-1.1526
18,-0.0003,0.0017,0.0001,2.2336,-0.0039,0.3452,-0.0005,-0.0204,-0.0013,1.4571,0.002,0.5856,0.0938,0.4731,-1.6202,-0.079,0.4706,-1.6134,0.0738,0.7803,-1.1214,-0.0606,0.7769,-1.1156
18,-0.0004,0.0015,0.0001,2.2481,-0.0039,0.3506,-0.0005,-0.0204,-0.0013,1.4571,0.002,0.4876,0.0907,0.431,-1.5423,-0.0759,0.4283,-1.5353,0.0736,0.7866,-1.1023,-0.0604,0.7834,-1.097
18,-0.0004,0.0013,0.0001,2.2627,-0.0039,0.355,-0.0005,-0.0204,-0.0013,1.4571,0.002,0.3895,0.0879,0.3896,-1.4644,-0.0731,0.3867,-1.4572,0.0738,0.7986,-1.1018,-0.0607,0.7958,-1.0971
18,-0.0004,0.0011,0.0001,2.2773,-0.0039,0.3584,-0.0005,-0.0204,-0.0013,1.4571,0.002,0.2914,0.0854,0.3494,-1.3875,-0.0706,0.3463,-1.38,0.0744,0.8161,-1.1181,-0.0611,0.8137,-1.1141
18,-0.0004,0.0009,0,2.2919,-0.0039,0.3608,-0.0005,-0.0204,-0.0013,1.4571,0.002,0.1934,0.0832,0.3114,-1.313,-0.0684,0.3081,-1.3053,0.0752,0.8386,-1.1497,-0.0618,0.8365,-1.1464
18,-0.0004,0.0007,0,2.3064,-0.0038,0.3622,-0.0005,-0.0204,-0.0013,1.4571,0.002,0.0953,0.0813,0.2765,-1.2425,-0.0665,0.273,-1.2345,0.0764,0.8651,-1.1941,-0.0628,0.8634,-1.1915
18,-0.0004,0.0005,0,2.321,-0.0038,0.3627,-0.0005,-0.0204,-0.0013,1.4571,0.002,-0.0028,0.0797,0.246,-1.1782,-0.0649,0.2424,-1.1699,0.0779,0.8948,-1.249,-0.064,0.8935,-1.2471
18,-0.0004,0.0003,0,2.3356,-0.0038,0.3622,-0.0005,-0.0204,-0.0013,1.4571,0.002,-0.1008,0.0784,0.2213,-1.1224,-0.0635,0.2175,-1.1139,0.0798,0.9266,-1.3119,-0.0655,0.9256,-1.3105
18,-0.0004,0.0001,0,2.3501,-0.0038,0.3607,-0.0005,-0.0204,-0.0013,1.4571,0.002,-0.1989,0.0774,0.2041,-1.0781,-0.0624,0.2001,-1.0693,0.0819,0.9597,-1.3807,-0.0673,0.959,-1.3797
18,-0.0005,-0.0001,0,2.3647,-0.0038,0.3582,-0.0005,-0.0204,-0.0013,1.4571,0.002,-0.297,0.0768,0.1959,-1.0479,-0.0616,0.1918,-1.039,0.0844,0.9933,-1.4533,-0.0693,0.9928,-1.4528
18,-0.0005,-0.0003,0,2.3793,-0.0037,0.3547,-0.0005,-0.0204,-0.0013,1.4571,0.002,-0.395,0.0764,0.1983,-1.0344,-0.0611,0.1941,-1.0254,0.0873,1.0267,-1.5283,-0.0716,1.0263,-1.528
18,-0.0005,-0.0005,0,2.3939,-0.0037,0.3503,-0.0005,-0.0204,-0.0013,1.4571,0.002,-0.4931,0.0763,0.2126,-1.0396,-0.0609,0.2084,-1.0306,0.0905,1.0594,-1.6042,-0.0742,1.0592,-1.6042
18,-0.0005,-0.0007,0,2.4084,-0.0037,0.3449,-0.0005,-0.0204,-0.0013,1.4571,0.002,-0.5912,0.0766,0.24,-1.0645,-0.061,0.2358,-1.0557,0.094,1.0911,-1.6801,-0.0771,1.0909,-1.6802
18,-0.0005,-0.0009,0,2.423,-0.0037,0.3385,-0.0005,-0.0204,-0.0013,1.4571,0.002,-0.6892,0.0772,0.2809,-1.1092,-0.0614,0.2769,-1.1006,0.0979,1.1216,-1.7549,-0.0803,1.1214,-1.755
18,-0.0005,-0.0011,-0,2.4376,-0.0037,0.3311,-0.0005,-0.0204,-0.0013,1.4571,0.002,-0.7873,0.0783,0.3358,-1.1726,-0.0622,0.3318,-1.1644,0.1021,1.1507,-1.8277,-0.0837,1.1504,-1.8278
18,-0.0005,-0.0013,-0,2.4521,-0.0036,0.3227,-0.0005,-0.0204,-0.0013,1.4571,0.002,-0.8854,0.0799,0.4045,-1.2524,-0.0635,0.4006,-1.2446,0.1067,1.1785,-1.8979,-0.0874,1.178,-1.8978
18,-0.0006,-0.0015,-0,2.4667,-0.0036,0.3134,-0.0005,-0.0204,-0.0013,1.4571,0.002,-0.9834,0.0821,0.4874,-1.3465,-0.0653,0.4836,-1.3389,0.1116,1.2051,-1.9649,-0.0914,1.2044,-1.9645
18,-0.0006,-0.0018,-0,2.4813,-0.0036,0.3031,-0.0005,-0.0204,-0.0013,1.4495,0.002,-1.0662,0.0849,0.5782,-1.4454,-0.0676,0.5744,-1.4381,0.1167,1.2288,-2.0284,-0.0955,1.2278,-2.0276
19,-0.0006,-0.0018,-0,2.4813,-0.0036,0.3031,-0.0005,-0.0204,-0.0013,1.4495,0.002,-1.0662,0.214,-0.1089,-0.3031,0.2141,0.1094,-0.3031,0.1167,1.2288,-2.0284,-0.0955,1.2278,-2.0276
19,-0.0006,-0.002,-0,2.4956,-0.0036,0.2922,-0.0005,-0.0205,-0.0014,1.4266,0.002,-1.1185,0.1997,-0.1089,-0.2922,0.1998,0.1094,-0.2922,0.122,1.2469,-2.0882,-0.0998,1.2456,-2.087
19,-0.0006,-0.0022,-0,2.5097,-0.0036,0.2808,-0.0004,-0.0206,-0.0014,1.3885,0.0019,-1.1403,0.1856,-0.1089,-0.2808,0.1857,0.1094,-0.2808,0.1272,1.2583,-2.1435,-0.104,1.2566,-2.1418
19,-0.0006,-0.0024,-0,2.5234,-0.0035,0.2695,-0.0003,-0.0208,-0.0015,1.3351,0.0019,-1.1315,0.1719,-0.109,-0.2695,0.172,0.1093,-0.2695,0.1323,1.2617,-2.1933,-0.108,1.2596,-2.191
19,-0.0006,-0.0026,-0,2.5364,-0.0035,0.2583,-0.0002,-0.021,-0.0015,1.2665,0.0019,-1.0922,0.1589,-0.109,-0.2583,0.159,0.1093,-0.2583,0.1369,1.2558,-2.2366,-0.1116,1.2533,-2.2336
19,-0.0006,-0.0028,-0,2.5486,-0.0035,0.2477,-0.0001,-0.0213,-0.0016,1.1827,0.0018,-1.0224,0.1467,-0.109,-0.2477,0.1468,0.1093,-0.2477,0.141,1.2396,-2.272,-0.1148,1.2368,-2.2684
19,-0.0007,-0.003,-0,2.56,-0.0035,0.238,0.0001,-0.0216,-0.0017,1.0836,0.0018,-0.922,0.1353,-0.109,-0.238,0.1354,0.1093,-0.238,0.1442,1.2124,-2.2984,-0.1172,1.2093,-2.2942
19,-0.0007,-0.0032,-0,2.5703,-0.0035,0.2294,0.0003,-0.022,-0.0018,0.9693,0.0017,-0.7911,0.125,-0.109,-0.2294,0.1251,0.1093,-0.2294,0.1464,1.1739,-2.3142,-0.1189,1.1707,-2.3094
19,-0.0007,-0.0034,-0,2.5793,-0.0035,0.2222,0.0005,-0.0224,-0.002,0.8397,0.0016,-0.6297,0.116,-0.109,-0.2222,0.1161,0.1093,-0.2222,0.1473,1.1247,-2.3181,-0.1194,1.1215,-2.3127
19,-0.0007,-0.0037,-0,2.587,-0.0034,0.2169,0.0007,-0.0229,-0.0021,0.6949,0.0015,-0.4378,0.1083,-0.1091,-0.2169,0.1084,0.1092,-0.2169,0.1467,1.066,-2.3085,-0.1187,1.0629,-2.3026
19,-0.0007,-0.0039,-0,2.5932,-0.0034,0.2135,0.0009,-0.0233,-0.0023,0.5493,0.0015,-0.244,0.1021,-0.1091,-0.2135,0.1022,0.1092,-0.2135,0.1444,0.9999,-2.2845,-0.1167,0.997,-2.2783
19,-0.0008,-0.0041,-0,2.598,-0.0034,0.2119,0.0011,-0.0237,-0.0023,0.4175,0.0014,-0.0769,0.0973000000000002,-0.1091,-0.2119,0.0973999999999999,0.1092,-0.2119,0.1409,0.9306,-2.2478,-0.1137,0.9278,-2.2413
19,-0.0008,-0.0044,0,2.6016,-0.0034,0.2119,0.0013,-0.024,-0.0023,0.2995,0.0013,0.0633,0.0937000000000001,-0.1091,-0.2119,0.0937999999999999,0.1092,-0.2119,0.1365,0.8616,-2.2011,-0.11,0.859,-2.1944
19,-0.0008,-0.0046,0,2.6041,-0.0034,0.2131,0.0014,-0.0241,-0.0022,0.1952,0.0012,0.1767,0.0912000000000002,-0.1091,-0.2131,0.0912999999999999,0.1092,-0.2131,0.1317,0.7956,-2.1473,-0.1059,0.7931,-2.1404
19,-0.0008,-0.0049,0,2.6056,-0.0034,0.2153,0.0015,-0.0242,-0.0021,0.1046,0.0012,0.2634,0.0897000000000001,-0.1091,-0.2153,0.0897999999999999,0.1092,-0.2153,0.1268,0.7344,-2.0893,-0.1018,0.7319,-2.0823
19,-0.0008,-0.0051,0,2.6062,-0.0034,0.2183,0.0016,-0.0242,-0.0019,0.0279,0.0011,0.3232,0.0891000000000002,-0.1091,-0.2183,0.0891999999999999,0.1092,-0.2183,0.1222,0.6794,-2.0305,-0.098,0.677,-2.0233
19,-0.0009,-0.0053,0.0001,2.6062,-0.0033,0.2217,0.0016,-0.0241,-0.0017,-0.0352,0.0011,0.3562,0.0891000000000002,-0.1092,-0.2217,0.0891999999999999,0.1091,-0.2217,0.118,0.6318,-1.974,-0.0946,0.6294,-1.9668
19,-0.0009,-0.0056,0.0001,2.6056,-0.0033,0.2253,0.0016,-0.0239,-0.0014,-0.0844,0.001,0.3625,0.0897000000000001,-0.1092,-0.2253,0.0897999999999999,0.1091,-0.2253,0.1145,0.5929,-1.9233,-0.0917,0.5904,-1.916
19,-0.0009,-0.0058,0.0001,2.6045,-0.0033,0.2288,0.0015,-0.0236,-0.001,-0.1199,0.001,0.3419,0.0908000000000002,-0.1092,-0.2288,0.0909,0.1091,-0.2288,0.1118,0.564,-1.882,-0.0895,0.5615,-1.8747
19,-0.0009,-0.0061,0.0001,2.6032,-0.0033,0.2321,0.0014,-0.0233,-0.0005,-0.1417,0.001,0.2946,0.0920999999999998,-0.1092,-0.2321,0.0921999999999996,0.1091,-0.2321,0.1098,0.5467,-1.8536,-0.088,0.5441,-1.8463
19,-0.0009,-0.0063,0.0001,2.6017,-0.0033,0.2347,0.0013,-0.0228,-0.0001,-0.1551,0.001,0.2337,0.0920999999999998,-0.1092,-0.2321,0.0921999999999996,0.1091,-0.2321,0.1085,0.5359,-1.8345,-0.087,0.5333,-1.8272
20,-0.0009,-0.0063,0.0001,2.6017,-0.0033,0.2347,0.0013,-0.0228,-0.0001,-0.1551,0.001,0.2337,0.0935999999999999,-0.1092,-0.2347,0.0936999999999997,0.1091,-0.2347,-0.1037,-0.1095,-0.2347,-0.1035,0.1096,-0.2347
20,-0.0009,-0.0065,0.0001,2.6001,-0.0033,0.2367,0.0012,-0.0221,0.0003,-0.1658,0.001,0.1726,0.0952000000000002,-0.1092,-0.2367,0.0952999999999999,0.1091,-0.2367,-0.1021,-0.1095,-0.2367,-0.1019,0.1096,-0.2367
20,-0.0009,-0.0067,0.0001,2.5984,-0.0033,0.2381,0.0012,-0.0213,0.0007,-0.1737,0.0009,0.1112,0.0969000000000002,-0.1092,-0.2381,0.097,0.1091,-0.2381,-0.1004,-0.1095,-0.2381,-0.1002,0.1096,-0.2381
20,-0.0009,-0.0069,0.0002,2.5966,-0.0033,0.2389,0.0011,-0.0203,0.001,-0.1788,0.0009,0.0495,0.0987,-0.1092,-0.2389,0.0987999999999998,0.1091,-0.2389,-0.0985999999999998,-0.1095,-0.2389,-0.0983999999999998,0.1096,-0.2389
20,-0.0009,-0.0071,0.0002,2.5948,-0.0033,0.2391,0.001,-0.0192,0.0013,-0.1811,0.0009,-0.0124,0.1005,-0.1092,-0.2391,0.1006,0.1091,-0.2391,-0.0968,-0.1095,-0.2391,-0.0966,0.1096,-0.2391
20,-0.0009,-0.0073,0.0002,2.593,-0.0033,0.2387,0.0009,-0.0179,0.0016,-0.1806,0.0009,-0.0746,0.1023,-0.1092,-0.2387,0.1024,0.1091,-0.2387,-0.0949999999999998,-0.1095,-0.2387,-0.0947999999999998,0.1096,-0.2387
20,-0.0008,-0.0075,0.0002,2.5912,-0.0033,0.2376,0.0008,-0.0165,0.0018,-0.1773,0.0009,-0.137,0.1041,-0.1092,-0.2376,0.1042,0.1091,-0.2376,-0.0931999999999999,-0.1095,-0.2376,-0.093,0.1096,-0.2376
20,-0.0008,-0.0076,0.0002,2.5895,-0.0032,0.236,0.0008,-0.0149,0.0019,-0.1712,0.0008,-0.1997,0.1058,-0.1093,-0.236,0.1059,0.109,-0.236,-0.0914999999999999,-0.1096,-0.236,-0.0912999999999999,0.1095,-0.236
20,-0.0008,-0.0078,0.0002,2.5878,-0.0032,0.2336,0.0007,-0.0131,0.002,-0.1624,0.0008,-0.2627,0.1075,-0.1093,-0.2336,0.1076,0.109,-0.2336,-0.0897999999999999,-0.1096,-0.2336,-0.0895999999999999,0.1095,-0.2336
20,-0.0008,-0.0079,0.0002,2.5863,-0.0032,0.2307,0.0006,-0.0112,0.0021,-0.1507,0.0008,-0.3259,0.109,-0.1093,-0.2307,0.1091,0.109,-0.2307,-0.0882999999999998,-0.1096,-0.2307,-0.0880999999999998,0.1095,-0.2307
20,-0.0008,-0.008,0.0002,2.5848,-0.0032,0.2272,0.0006,-0.0093,0.0021,-0.1308,0.0008,-0.3755,0.109,-0.1093,-0.2307,0.1091,0.109,-0.2307,-0.0882999999999998,-0.1096,-0.2307,-0.0880999999999998,0.1095,-0.2307
21,-0.0008,-0.008,0.0002,2.5848,-0.0032,0.2272,0.0006,-0.0093,0.0021,-0.1308,0.0008,-0.3755,0.1121,1.2372,-1.9342,-0.0925,1.2321,-1.9284,-0.0867999999999998,-0.1096,-0.2272,-0.0865999999999998,0.1095,-0.2272
21,-0.0007,-0.0081,0.0002,2.5837,-0.0032,0.2233,0.0005,-0.0074,0.0022,-0.0973,0.0008,-0.3975,0.115,1.2464,-1.9759,-0.095,1.2412,-1.9699,-0.0856999999999997,-0.1096,-0.2233,-0.0854999999999997,0.1095,-0.2233
21,-0.0007,-0.0082,0.0002,2.5829,-0.0032,0.2193,0.0004,-0.0057,0.0023,-0.05,0.0008,-0.3918,0.1187,1.2534,-2.0261,-0.0981,1.2481,-2.02,-0.0848999999999998,-0.1096,-0.2193,-0.0846999999999998,0.1095,-0.2193
21,-0.0007,-0.0082,0.0002,2.5827,-0.0032,0.2155,0.0003,-0.004,0.0024,0.0108,0.0009,-0.3586,0.1231,1.2562,-2.0815,-0.1018,1.2507,-2.0751,-0.0846999999999998,-0.1096,-0.2155,-0.0844999999999998,0.1095,-0.2155
21,-0.0007,-0.0082,0.0002,2.5832,-0.0032,0.2122,0.0002,-0.0024,0.0025,0.0854,0.0009,-0.2977,0.1281,1.2526,-2.1384,-0.106,1.247,-2.1317,-0.0851999999999999,-0.1096,-0.2122,-0.085,0.1095,-0.2122
21,-0.0006,-0.0083,0.0002,2.5845,-0.0032,0.2097,0.0002,-0.0009,0.0026,0.1736,0.001,-0.2092,0.1334,1.2407,-2.1937,-0.1103,1.2351,-2.1867,-0.0864999999999996,-0.1096,-0.2097,-0.0862999999999996,0.1095,-0.2097
21,-0.0006,-0.0083,0.0002,2.5867,-0.0032,0.2081,0.0001,0.0005,0.0028,0.2755,0.0011,-0.0931,0.1388,1.2191,-2.2442,-0.1147,1.2137,-2.2368,-0.0886999999999998,-0.1096,-0.2081,-0.0884999999999998,0.1095,-0.2081
21,-0.0006,-0.0082,0.0002,2.59,-0.0032,0.2079,-0,0.0018,0.0029,0.391,0.0012,0.0506,0.1439,1.1873,-2.2869,-0.1189,1.1821,-2.2792,-0.0919999999999996,-0.1096,-0.2079,-0.0917999999999997,0.1095,-0.2079
21,-0.0006,-0.0082,0.0002,2.5946,-0.0031,0.2092,-0.0001,0.0031,0.0031,0.5203,0.0013,0.2219,0.1484,1.146,-2.3192,-0.1225,1.1412,-2.3112,-0.0965999999999996,-0.1097,-0.2092,-0.0963999999999996,0.1094,-0.2092
21,-0.0005,-0.0082,0.0002,2.6005,-0.0031,0.2124,-0.0002,0.0042,0.0033,0.6631,0.0014,0.4208,0.1517,1.0973,-2.3386,-0.1252,1.093,-2.3304,-0.1025,-0.1097,-0.2124,-0.1023,0.1094,-0.2124
21,-0.0005,-0.0081,0.0002,2.6078,-0.0031,0.2177,-0.0003,0.0053,0.0035,0.8054,0.0015,0.618,0.1534,1.0447,-2.344,-0.1265,1.0409,-2.3356,-0.1098,-0.1097,-0.2177,-0.1096,0.1094,-0.2177
21,-0.0005,-0.0081,0.0002,2.6166,-0.0031,0.2247,-0.0004,0.0062,0.0037,0.9326,0.0016,0.7841,0.1534,0.9913,-2.3362,-0.1264,0.9881,-2.3278,-0.1186,-0.1097,-0.2247,-0.1184,0.1094,-0.2247
21,-0.0004,-0.008,0.0002,2.6265,-0.0031,0.2332,-0.0005,0.007,0.0038,1.0449,0.0017,0.9191,0.1518,0.9394,-2.3171,-0.125,0.9368,-2.3087,-0.1285,-0.1097,-0.2332,-0.1283,0.1094,-0.2332
21,-0.0004,-0.0079,0.0002,2.6374,-0.0031,0.243,-0.0006,0.0078,0.004,1.1422,0.0018,1.0231,0.1488,0.8905,-2.288,-0.1225,0.8883,-2.2798,-0.1394,-0.1097,-0.243,-0.1392,0.1094,-0.243
21,-0.0003,-0.0079,0.0002,2.6492,-0.003,0.2536,-0.0006,0.0084,0.0041,1.2246,0.0019,1.0959,0.1448,0.8451,-2.2506,-0.119,0.8431,-2.2425,-0.1512,-0.1098,-0.2536,-0.151,0.1093,-0.2536
21,-0.0003,-0.0078,0.0002,2.6618,-0.003,0.2648,-0.0007,0.0089,0.0042,1.292,0.0019,1.1377,0.1399,0.8032,-2.206,-0.1149,0.8014,-2.198,-0.1638,-0.1098,-0.2648,-0.1636,0.1093,-0.2648
21,-0.0003,-0.0077,0.0002,2.675,-0.003,0.2762,-0.0007,0.0092,0.0042,1.3444,0.002,1.1484,0.1344,0.7644,-2.1552,-0.1103,0.7627,-2.1475,-0.177,-0.1098,-0.2762,-0.1768,0.1093,-0.2762
21,-0.0002,-0.0076,0.0002,2.6887,-0.003,0.2877,-0.0007,0.0095,0.0043,1.3818,0.002,1.1281,0.1287,0.728,-2.0993,-0.1055,0.7264,-2.0918,-0.1907,-0.1098,-0.2877,-0.1905,0.1093,-0.2877
21,-0.0002,-0.0075,0.0002,2.7026,-0.003,0.2987,-0.0008,0.0097,0.0043,1.4043,0.002,1.0766,0.1228,0.6937,-2.039,-0.1006,0.6921,-2.0318,-0.2046,-0.1098,-0.2987,-0.2044,0.1093,-0.2987
21,-0.0001,-0.0074,0.0002,2.7167,-0.0029,0.3091,-0.0008,0.0097,0.0043,1.4118,0.0021,0.9941,0.117,0.6607,-1.9753,-0.0959,0.6592,-1.9682,-0.2187,-0.1099,-0.3091,-0.2185,0.1092,-0.3091
21,-0.0001,-0.0073,0.0002,2.7308,-0.0029,0.3185,-0.0008,0.0097,0.0043,1.4118,0.0021,0.8961,0.1117,0.6268,-1.9079,-0.0915,0.6252,-1.901,-0.2187,-0.1099,-0.3091,-0.2185,0.1092,-0.3091
22,-0.0001,-0.0073,0.0002,2.7308,-0.0029,0.3185,-0.0008,0.0097,0.0043,1.4118,0.0021,0.8961,0.1117,0.6268,-1.9079,-0.0915,0.6252,-1.901,0.078,0.798,-1.3494,-0.0657,0.7941,-1.3436
22,-0,-0.0072,0.0002,2.7449,-0.0029,0.327,-0.0008,0.0097,0.0043,1.4118,0.0021,0.798,0.1067,0.5902,-1.8368,-0.0874,0.5886,-1.83,0.0764,0.7965,-1.2829,-0.0644,0.7926,-1.2771
22,-0,-0.0071,0.0001,2.7591,-0.0029,0.3345,-0.0008,0.0097,0.0043,1.4118,0.0021,0.6999,0.1022,0.5515,-1.7626,-0.0836,0.5499,-1.7559,0.0753,0.7962,-1.2312,-0.0636,0.7923,-1.2253
22,0,-0.007,0.0001,2.7732,-0.0029,0.341,-0.0008,0.0097,0.0043,1.4118,0.0021,0.6019,0.0979,0.5117,-1.6862,-0.0801,0.5101,-1.6795,0.0747,0.7991,-1.1958,-0.0631,0.7952,-1.1899
22,0.0001,-0.0069,0.0001,2.7873,-0.0028,0.3465,-0.0008,0.0097,0.0043,1.4118,0.0021,0.5038,0.094,0.4714,-1.6083,-0.0769,0.4697,-1.6016,0.0744,0.8062,-1.1772,-0.063,0.8023,-1.1712
22,0.0001,-0.0068,0.0001,2.8014,-0.0028,0.3511,-0.0008,0.0097,0.0043,1.4118,0.0021,0.4057,0.0906,0.4314,-1.5301,-0.074,0.4297,-1.5233,0.0746,0.8183,-1.1754,-0.0632,0.8144,-1.1694
22,0.0002,-0.0067,0.0001,2.8155,-0.0028,0.3546,-0.0008,0.0097,0.0043,1.4118,0.0021,0.3077,0.0874,0.3924,-1.4526,-0.0715,0.3906,-1.4458,0.0752,0.8353,-1.1894,-0.0636,0.8314,-1.1834
22,0.0002,-0.0066,0.0001,2.8297,-0.0028,0.3572,-0.0008,0.0097,0.0043,1.4118,0.0021,0.2096,0.0847,0.3553,-1.3771,-0.0692,0.3534,-1.3702,0.0761,0.8568,-1.2174,-0.0643,0.8529,-1.2114
22,0.0003,-0.0065,0.0001,2.8438,-0.0028,0.3588,-0.0008,0.0097,0.0043,1.4118,0.0021,0.1115,0.0823,0.3211,-1.3055,-0.0673,0.3191,-1.2984,0.0773,0.8822,-1.2576,-0.0653,0.8783,-1.2517
22,0.0003,-0.0064,0.0001,2.8579,-0.0027,0.3595,-0.0008,0.0097,0.0043,1.4118,0.0021,0.0135,0.0802,0.2909,-1.2393,-0.0656,0.2888,-1.2321,0.0789,0.9107,-1.3078,-0.0665,0.9068,-1.3019
22,0.0003,-0.0063,0.0001,2.872,-0.0027,0.3591,-0.0008,0.0097,0.0043,1.4118,0.0021,-0.0846,0.0785,0.266,-1.1811,-0.0642,0.2638,-1.1737,0.0808,0.9413,-1.3659,-0.068,0.9374,-1.3599
22,0.0004,-0.0062,0.0001,2.8861,-0.0027,0.3578,-0.0008,0.0097,0.0043,1.4118,0.0021,-0.1827,0.0771,0.2479,-1.1334,-0.0631,0.2456,-1.1257,0.0831,0.9734,-1.4298,-0.0698,0.9695,-1.4238
22,0.0004,-0.0061,0.0001,2.9002,-0.0027,0.3555,-0.0008,0.0097,0.0043,1.4118,0.0021,-0.2807,0.0761,0.2383,-1.0991,-0.0623,0.236,-1.0912,0.0857,1.0061,-1.4978,-0.0718,1.0022,-1.4917
22,0.0005,-0.006,0.0001,2.9144,-0.0027,0.3522,-0.0008,0.0097,0.0043,1.4118,0.0021,-0.3788,0.0754,0.2388,-1.0806,-0.0618,0.2364,-1.0726,0.0887,1.039,-1.5685,-0.0741,1.0351,-1.5622
22,0.0005,-0.0059,0,2.9285,-0.0026,0.3479,-0.0008,0.0097,0.0043,1.4118,0.0021,-0.4769,0.075,0.2508,-1.0801,-0.0616,0.2483,-1.0721,0.0921,1.0716,-1.6404,-0.0767,1.0676,-1.634
22,0.0006,-0.0058,0,2.9426,-0.0026,0.3426,-0.0008,0.0097,0.0043,1.4118,0.0021,-0.5749,0.0751,0.2754,-1.099,-0.0617,0.2729,-1.091,0.0958,1.1036,-1.7125,-0.0795,1.0994,-1.7058
22,0.0006,-0.0057,0,2.9567,-0.0026,0.3364,-0.0008,0.0097,0.0043,1.4118,0.0021,-0.673,0.0755,0.3134,-1.1378,-0.0622,0.311,-1.1298,0.0999,1.1346,-1.7837,-0.0826,1.1304,-1.7769
22,0.0006,-0.0056,0,2.9708,-0.0026,0.3292,-0.0008,0.0097,0.0043,1.4118,0.0021,-0.7711,0.0765,0.3652,-1.1955,-0.0631,0.3629,-1.1876,0.1043,1.1646,-1.8533,-0.0859,1.1602,-1.8462
22,0.0007,-0.0055,0,2.9849,-0.0026,0.321,-0.0008,0.0097,0.0043,1.4118,0.0021,-0.8691,0.0779,0.4309,-1.2702,-0.0643,0.4286,-1.2625,0.1091,1.1938,-1.9206,-0.0896,1.1892,-1.9132
22,0.0007,-0.0054,0,2.9991,-0.0025,0.3118,-0.0008,0.0097,0.0043,1.4118,0.0021,-0.9672,0.08,0.5109,-1.3601,-0.0662,0.5087,-1.3525,0.1143,1.2221,-1.9849,-0.0936,1.2174,-1.977
22,0.0008,-0.0053,0,3.0132,-0.0025,0.3017,-0.0008,0.0097,0.0043,1.4042,0.0021,-1.0502,0.0826,0.5991,-1.4557,-0.0685,0.5968,-1.4482,0.1197,1.2479,-2.0458,-0.0976,1.2429,-2.0375
23,0.0008,-0.0053,0,3.0132,-0.0025,0.3017,-0.0008,0.0097,0.0043,1.4042,0.0021,-1.0502,0.2102,-0.1093,-0.3017,0.2099,0.1095,-0.3017,0.1197,1.2479,-2.0458,-0.0976,1.2429,-2.0375
23,0.0008,-0.0053,-0,3.0271,-0.0025,0.2909,-0.0009,0.0097,0.0043,1.3816,0.0021,-1.103,0.1963,-0.1093,-0.2909,0.196,0.1095,-0.2909,0.1252,1.2686,-2.1032,-0.1017,1.2634,-2.0945
23,0.0009,-0.0052,-0,3.0407,-0.0025,0.2797,-0.001,0.0096,0.0043,1.3439,0.0021,-1.1256,0.1827,-0.1093,-0.2797,0.1824,0.1095,-0.2797,0.1307,1.2832,-2.1564,-0.1058,1.2778,-2.1472
23,0.0009,-0.0051,-0,3.0539,-0.0025,0.2685,-0.0012,0.0095,0.0043,1.291,0.0021,-1.1179,0.1695,-0.1093,-0.2685,0.1692,0.1095,-0.2685,0.1359,1.2903,-2.2043,-0.1096,1.2848,-2.1946
23,0.0009,-0.005,-0,3.0665,-0.0024,0.2574,-0.0014,0.0094,0.0043,1.2231,0.0021,-1.0801,0.1569,-0.1094,-0.2574,0.1566,0.1094,-0.2574,0.1408,1.2887,-2.246,-0.113,1.2832,-2.2358
23,0.001,-0.0049,-0.0001,3.0783,-0.0024,0.247,-0.0016,0.0093,0.0043,1.1401,0.0022,-1.0121,0.1451,-0.1094,-0.247,0.1448,0.1094,-0.247,0.145,1.2772,-2.2805,-0.116,1.272,-2.2699
23,0.001,-0.0048,-0.0001,3.0893,-0.0024,0.2373,-0.0019,0.0091,0.0043,1.042,0.0022,-0.9139,0.1341,-0.1094,-0.2373,0.1338,0.1094,-0.2373,0.1483,1.255,-2.3065,-0.1183,1.2501,-2.2955
23,0.0011,-0.0047,-0.0001,3.0991,-0.0024,0.2288,-0.0023,0.0089,0.0043,0.9289,0.0023,-0.7855,0.1243,-0.1094,-0.2288,0.124,0.1094,-0.2288,0.1505,1.2217,-2.3227,-0.1197,1.2173,-2.3113
23,0.0011,-0.0046,-0.0001,3.1078,-0.0023,0.2217,-0.0027,0.0087,0.0042,0.8006,0.0024,-0.6269,0.1156,-0.1095,-0.2217,0.1153,0.1093,-0.2217,0.1514,1.1773,-2.3276,-0.1202,1.1735,-2.3161
23,0.0012,-0.0045,-0.0001,3.1151,-0.0023,0.2163,-0.0032,0.0084,0.0042,0.6572,0.0024,-0.4382,0.1083,-0.1095,-0.2163,0.108,0.1093,-0.2163,0.1507,1.1227,-2.3197,-0.1195,1.1197,-2.3081
23,0.0012,-0.0044,-0.0002,3.1209,-0.0023,0.2129,-0.0035,0.0082,0.0042,0.513,0.0025,-0.2473,0.1025,-0.1095,-0.2129,0.1022,0.1093,-0.2129,0.1484,1.0598,-2.2981,-0.1176,1.0575,-2.2866
23,0.0012,-0.0044,-0.0002,3.1254,-0.0023,0.2113,-0.0037,0.0078,0.0042,0.3821,0.0026,-0.0824,0.0979999999999999,-0.1095,-0.2113,0.0977000000000001,0.1093,-0.2113,0.1447,0.9925,-2.2641,-0.1147,0.9909,-2.253
23,0.0013,-0.0043,-0.0003,3.1286,-0.0022,0.2112,-0.0036,0.0074,0.0042,0.2646,0.0026,0.0565,0.0947999999999998,-0.1096,-0.2112,0.0945,0.1092,-0.2112,0.1401,0.9245,-2.2204,-0.1111,0.9235,-2.2095
23,0.0013,-0.0042,-0.0003,3.1307,-0.0022,0.2123,-0.0033,0.007,0.0042,0.1605,0.0027,0.1693,0.0926999999999998,-0.1096,-0.2123,0.0924,0.1092,-0.2123,0.1351,0.8587,-2.1694,-0.1072,0.8581,-2.1589
23,0.0014,-0.0041,-0.0003,3.1319,-0.0022,0.2145,-0.0027,0.0065,0.0042,0.0697,0.0028,0.2562,0.0914999999999999,-0.1096,-0.2145,0.0912000000000002,0.1092,-0.2145,0.13,0.7971,-2.1141,-0.1033,0.7968,-2.1039
23,0.0014,-0.0041,-0.0003,3.1322,-0.0022,0.2174,-0.0019,0.0059,0.0042,-0.0077,0.0028,0.317,0.0911999999999997,-0.1096,-0.2174,0.0909,0.1092,-0.2174,0.1251,0.7412,-2.0575,-0.0996,0.741,-2.0477
23,0.0015,-0.004,-0.0004,3.1318,-0.0021,0.2208,-0.001,0.0053,0.0042,-0.0717,0.0029,0.3518,0.0915999999999997,-0.1097,-0.2208,0.0912999999999999,0.1091,-0.2208,0.1207,0.6922,-2.0027,-0.0963,0.6921,-1.9932
23,0.0015,-0.004,-0.0004,3.1308,-0.0021,0.2243,0.0003,0.0046,0.0042,-0.1223,0.0029,0.3606,0.0926,-0.1097,-0.2243,0.0923000000000003,0.1091,-0.2243,0.1169,0.6515,-1.9531,-0.0936,0.6514,-1.9439
23,0.0015,-0.0039,-0.0004,3.1294,-0.0021,0.2279,0.0017,0.0039,0.0043,-0.1596,0.003,0.3434,0.0939999999999999,-0.1097,-0.2279,0.0937000000000001,0.1091,-0.2279,0.1139,0.6204,-1.9121,-0.0915,0.6203,-1.903
23,0.0016,-0.0039,-0.0003,3.1276,-0.002,0.2311,0.0034,0.0031,0.0043,-0.1835,0.0031,0.3002,0.0939999999999999,-0.1097,-0.2279,0.0937000000000001,0.1091,-0.2279,0.1117,0.6004,-1.8829,-0.09,0.6003,-1.874
24,0.0016,-0.0039,-0.0003,3.1276,-0.002,0.2311,0.0034,0.0031,0.0043,-0.1835,0.0031,0.3002,0.0957999999999997,-0.1098,-0.2311,0.0954999999999999,0.109,-0.2311,-0.1161,-0.1086,-0.2311,-0.1165,0.1098,-0.2311
24,0.0016,-0.0039,-0.0003,3.1257,-0.002,0.2338,0.005,0.0025,0.0043,-0.1995,0.0031,0.243,0.0976999999999997,-0.1098,-0.2338,0.0973999999999999,0.109,-0.2338,-0.1142,-0.1086,-0.2338,-0.1146,0.1098,-0.2338
24,0.0017,-0.0038,-0.0002,3.1237,-0.002,0.236,0.0063,0.0024,0.0042,-0.2129,0.0032,0.1836,0.0996999999999999,-0.1098,-0.236,0.0994000000000002,0.109,-0.236,-0.1122,-0.1086,-0.236,-0.1126,0.1098,-0.236
24,0.0017,-0.0038,-0.0002,3.1215,-0.0019,0.2375,0.0072,0.0027,0.004,-0.2238,0.0032,0.1222,0.1019,-0.1099,-0.2375,0.1016,0.1089,-0.2375,-0.11,-0.1087,-0.2375,-0.1104,0.1097,-0.2375
24,0.0018,-0.0038,-0.0001,3.1192,-0.0019,0.2384,0.0078,0.0034,0.0038,-0.2321,0.0032,0.0587,0.1042,-0.1099,-0.2384,0.1039,0.1089,-0.2384,-0.1077,-0.1087,-0.2384,-0.1081,0.1097,-0.2384
24,0.0018,-0.0037,-0,3.1168,-0.0019,0.2387,0.0081,0.0046,0.0034,-0.2379,0.0032,-0.0069,0.1066,-0.1099,-0.2387,0.1063,0.1089,-0.2387,-0.1053,-0.1087,-0.2387,-0.1057,0.1097,-0.2387
24,0.0018,-0.0037,0.0001,3.1144,-0.0018,0.2383,0.0081,0.0063,0.003,-0.2411,0.0033,-0.0745,0.109,-0.11,-0.2383,0.1087,0.1088,-0.2383,-0.1029,-0.1088,-0.2383,-0.1033,0.1096,-0.2383
24,0.0018,-0.0036,0.0002,3.112,-0.0018,0.2372,0.0077,0.0084,0.0025,-0.2418,0.0033,-0.1442,0.1114,-0.11,-0.2372,0.1111,0.1088,-0.2372,-0.1005,-0.1088,-0.2372,-0.1009,0.1096,-0.2372
24,0.0019,-0.0035,0.0002,3.1096,-0.0018,0.2354,0.007,0.011,0.0019,-0.24,0.0033,-0.216,0.1138,-0.11,-0.2354,0.1135,0.1088,-0.2354,-0.0981000000000001,-0.1088,-0.2354,-0.0985,0.1096,-0.2354
24,0.0019,-0.0034,0.0003,3.1072,-0.0018,0.2328,0.006,0.014,0.0013,-0.2356,0.0033,-0.2899,0.1162,-0.11,-0.2328,0.1159,0.1088,-0.2328,-0.0957000000000003,-0.1088,-0.2328,-0.0961000000000003,0.1096,-0.2328
24,0.0019,-0.0032,0.0003,3.1049,-0.0017,0.2296,0.0047,0.0175,0.0005,-0.2287,0.0033,-0.3659,0.1162,-0.11,-0.2328,0.1159,0.1088,-0.2328,-0.0957000000000003,-0.1088,-0.2328,-0.0961000000000003,0.1096,-0.2328
25,0.0019,-0.0032,0.0003,3.1049,-0.0017,0.2296,0.0047,0.0175,0.0005,-0.2287,0.0033,-0.3659,0.1049,1.198,-1.9303,-0.0952,1.1948,-1.924,-0.0934000000000004,-0.1089,-0.2296,-0.0938000000000003,0.1095,-0.2296
25,0.0019,-0.003,0.0004,3.1027,-0.0017,0.2256,0.0032,0.0213,-0.0002,-0.213,0.0033,-0.4277,0.1069,1.2044,-1.9623,-0.0973,1.2012,-1.9561,-0.0912000000000002,-0.1089,-0.2256,-0.0916000000000001,0.1095,-0.2256
25,0.0019,-0.0028,0.0004,3.1007,-0.0017,0.2211,0.002,0.0251,-0.0009,-0.1824,0.0033,-0.4591,0.1097,1.2088,-2.0046,-0.1,1.2057,-1.9984,-0.0891999999999999,-0.1089,-0.2211,-0.0895999999999999,0.1095,-0.2211
25,0.0019,-0.0025,0.0004,3.0991,-0.0016,0.2165,0.0009,0.029,-0.0014,-0.1369,0.0032,-0.4601,0.1133,1.2093,-2.0536,-0.1033,1.2063,-2.0474,-0.0876000000000001,-0.109,-0.2165,-0.0880000000000001,0.1094,-0.2165
25,0.0019,-0.0022,0.0004,3.098,-0.0016,0.212,0,0.0331,-0.0019,-0.0765,0.0032,-0.4307,0.1175,1.2039,-2.1059,-0.107,1.2011,-2.0997,-0.0865,-0.109,-0.212,-0.0869,0.1094,-0.212
25,0.0018,-0.0019,0.0004,3.0976,-0.0016,0.208,-0.0007,0.0372,-0.0023,-0.0012,0.0032,-0.3709,0.1222,1.1907,-2.158,-0.1111,1.1881,-2.1518,-0.0861000000000001,-0.109,-0.208,-0.0865,0.1094,-0.208
25,0.0018,-0.0015,0.0004,3.098,-0.0015,0.2047,-0.0013,0.0414,-0.0026,0.0891,0.0031,-0.2807,0.1272,1.1683,-2.2068,-0.1152,1.1659,-2.2005,-0.0865,-0.1091,-0.2047,-0.0869,0.1093,-0.2047
25,0.0018,-0.0011,0.0004,3.0994,-0.0015,0.2025,-0.0017,0.0458,-0.0028,0.1943,0.0031,-0.1601,0.1321,1.1357,-2.2492,-0.1193,1.1337,-2.2429,-0.0879000000000003,-0.1091,-0.2025,-0.0883000000000003,0.1093,-0.2025
25,0.0018,-0.0006,0.0004,3.102,-0.0015,0.2016,-0.0019,0.0502,-0.0029,0.3144,0.0031,-0.0092,0.1366,1.0935,-2.2824,-0.123,1.0919,-2.276,-0.0905,-0.1091,-0.2016,-0.0909,0.1093,-0.2016
25,0.0017,-0,0.0004,3.1058,-0.0014,0.2024,-0.0019,0.0547,-0.003,0.4494,0.003,0.1722,0.1403,1.0435,-2.304,-0.1259,1.0424,-2.2975,-0.0943000000000001,-0.1092,-0.2024,-0.0947,0.1092,-0.2024
25,0.0017,0.0005,0.0003,3.111,-0.0014,0.2051,-0.0018,0.0593,-0.0029,0.5994,0.0029,0.384,0.1427,0.9888,-2.3121,-0.1276,0.9881,-2.3056,-0.0995000000000004,-0.1092,-0.2051,-0.0999000000000003,0.1092,-0.2051
25,0.0017,0.0011,0.0003,3.1178,-0.0014,0.2101,-0.0016,0.0638,-0.0028,0.7489,0.0029,0.5947,0.1434,0.9333,-2.3058,-0.1278,0.933,-2.2993,-0.1063,-0.1092,-0.2101,-0.1067,0.1092,-0.2101
25,0.0016,0.0018,0.0003,3.1259,-0.0013,0.2169,-0.0014,0.0677,-0.0027,0.8827,0.0028,0.7728,0.1424,0.8797,-2.2867,-0.1265,0.8796,-2.2802,-0.1144,-0.1093,-0.2169,-0.1148,0.1091,-0.2169
25,0.0016,0.0025,0.0003,3.1354,-0.0013,0.2254,-0.0012,0.0712,-0.0026,1.0007,0.0028,0.9185,0.14,0.8295,-2.2567,-0.1239,0.8296,-2.2503,-0.1239,-0.1093,-0.2254,-0.1243,0.1091,-0.2254
25,0.0016,0.0032,0.0003,3.1459,-0.0013,0.2352,-0.0011,0.0743,-0.0025,1.103,0.0028,1.0317,0.1364,0.7834,-2.2177,-0.1203,0.7835,-2.2114,-0.1344,-0.1093,-0.2352,-0.1348,0.1091,-0.2352
25,0.0016,0.004,0.0003,3.1574,-0.0013,0.2459,-0.001,0.0768,-0.0025,1.1896,0.0027,1.1124,0.1319,0.7411,-2.171,-0.1159,0.7412,-2.1649,-0.1459,-0.1093,-0.2459,-0.1463,0.1091,-0.2459
25,0.0015,0.0048,0.0003,3.1696,-0.0012,0.2573,-0.0009,0.0789,-0.0024,1.2604,0.0027,1.1605,0.1269,0.7021,-2.1182,-0.1111,0.7021,-2.1121,-0.1581,-0.1094,-0.2573,-0.1585,0.109,-0.2573
25,0.0015,0.0056,0.0003,3.1825,-0.0012,0.269,-0.0008,0.0806,-0.0024,1.3155,0.0027,1.1762,0.1216,0.6657,-2.0602,-0.1061,0.6656,-2.0542,-0.171,-0.1094,-0.269,-0.1714,0.109,-0.269
25,0.0015,0.0064,0.0003,3.1959,-0.0012,0.2807,-0.0007,0.0817,-0.0024,1.3548,0.0027,1.1594,0.1162,0.6314,-1.9981,-0.1011,0.6311,-1.9922,-0.1844,-0.1094,-0.2807,-0.1848,0.109,-0.2807
25,0.0015,0.0072,0.0002,3.2096,-0.0012,0.2921,-0.0007,0.0824,-0.0023,1.3784,0.0027,1.11,0.111,0.5985,-1.9331,-0.0962,0.5981,-1.9272,-0.1981,-0.1094,-0.2921,-0.1985,0.109,-0.2921
25,0.0015,0.008,0.0002,3.2234,-0.0011,0.3028,-0.0007,0.0827,-0.0023,1.3862,0.0027,1.0282,0.1062,0.5668,-1.8661,-0.0918,0.5662,-1.8602,-0.1981,-0.1094,-0.2921,-0.1985,0.109,-0.2921
26,0.0015,0.008,0.0002,3.2234,-0.0011,0.3028,-0.0007,0.0827,-0.0023,1.3862,0.0027,1.0282,0.1062,0.5668,-1.8661,-0.0918,0.5662,-1.8602,0.081,0.7754,-1.4586,-0.0708,0.7728,-1.4513
26,0.0014,0.0088,0.0002,3.2373,-0.0011,0.3126,-0.0007,0.0827,-0.0023,1.3862,0.0027,0.9301,0.1018,0.5342,-1.7972,-0.0878,0.5334,-1.7913,0.0784,0.7752,-1.3789,-0.0688,0.7724,-1.3715
26,0.0014,0.0097,0.0002,3.2511,-0.0011,0.3214,-0.0007,0.0827,-0.0023,1.3862,0.0027,0.832,0.0979,0.4988,-1.7258,-0.0841,0.4978,-1.7198,0.0766,0.7744,-1.3117,-0.0673,0.7715,-1.3042
26,0.0014,0.0105,0.0002,3.265,-0.001,0.3293,-0.0007,0.0827,-0.0023,1.3862,0.0027,0.734,0.0942,0.4617,-1.6529,-0.0806,0.4606,-1.6467,0.0754,0.7754,-1.2588,-0.0663,0.7723,-1.251
26,0.0014,0.0113,0.0002,3.2789,-0.001,0.3361,-0.0007,0.0827,-0.0023,1.3862,0.0027,0.6359,0.0909,0.4238,-1.5792,-0.0775,0.4225,-1.5729,0.0747,0.7798,-1.2213,-0.0656,0.7767,-1.2134
26,0.0013,0.0121,0.0002,3.2927,-0.001,0.342,-0.0007,0.0827,-0.0023,1.3862,0.0027,0.5378,0.0879,0.3857,-1.5053,-0.0747,0.3842,-1.4989,0.0745,0.7887,-1.1995,-0.0654,0.7855,-1.1916
26,0.0013,0.013,0.0002,3.3066,-0.001,0.3469,-0.0007,0.0827,-0.0023,1.3862,0.0027,0.4398,0.0853,0.3483,-1.4326,-0.0722,0.3466,-1.4259,0.0746,0.8028,-1.1935,-0.0654,0.7995,-1.1856
26,0.0013,0.0138,0.0002,3.3205,-0.0009,0.3508,-0.0007,0.0827,-0.0023,1.3862,0.0027,0.3417,0.083,0.3122,-1.3619,-0.0699,0.3103,-1.3549,0.0752,0.822,-1.2024,-0.0657,0.8188,-1.1945
26,0.0013,0.0146,0.0002,3.3343,-0.0009,0.3537,-0.0007,0.0827,-0.0023,1.3862,0.0027,0.2436,0.081,0.2785,-1.2946,-0.068,0.2764,-1.2873,0.0761,0.8462,-1.2248,-0.0663,0.843,-1.2169
26,0.0012,0.0155,0.0002,3.3482,-0.0009,0.3557,-0.0007,0.0827,-0.0023,1.3862,0.0027,0.1456,0.0793,0.2483,-1.2326,-0.0663,0.2459,-1.2249,0.0773,0.8749,-1.2589,-0.0672,0.8717,-1.2512
26,0.0012,0.0163,0.0002,3.362,-0.0009,0.3566,-0.0007,0.0827,-0.0023,1.3862,0.0027,0.0475,0.0778,0.2224,-1.1774,-0.0649,0.2199,-1.1693,0.0789,0.9072,-1.3028,-0.0683,0.9042,-1.2951
26,0.0012,0.0171,0.0002,3.3759,-0.0008,0.3566,-0.0007,0.0827,-0.0023,1.3862,0.0027,-0.0506,0.0767,0.2024,-1.1314,-0.0637,0.1996,-1.1229,0.0809,0.9426,-1.3544,-0.0697,0.9397,-1.3468
26,0.0012,0.0179,0.0002,3.3898,-0.0008,0.3556,-0.0007,0.0827,-0.0023,1.3862,0.0027,-0.1487,0.0758,0.1897,-1.0969,-0.0628,0.1867,-1.0881,0.0831,0.9803,-1.4118,-0.0714,0.9774,-1.4043
26,0.0012,0.0188,0.0001,3.4036,-0.0008,0.3536,-0.0007,0.0827,-0.0023,1.3862,0.0027,-0.2467,0.0753,0.1855,-1.076,-0.0622,0.1824,-1.067,0.0858,1.0198,-1.4733,-0.0733,1.0169,-1.4659
26,0.0011,0.0196,0.0001,3.4175,-0.0008,0.3507,-0.0007,0.0827,-0.0023,1.3862,0.0027,-0.3448,0.075,0.1912,-1.0708,-0.0618,0.1879,-1.0615,0.0888,1.0604,-1.5375,-0.0755,1.0576,-1.53
26,0.0011,0.0204,0.0001,3.4314,-0.0007,0.3467,-0.0007,0.0827,-0.0023,1.3862,0.0027,-0.4429,0.075,0.2078,-1.0824,-0.0617,0.2044,-1.0731,0.0921,1.1018,-1.6029,-0.0779,1.099,-1.5954
26,0.0011,0.0212,0.0001,3.4452,-0.0007,0.3418,-0.0007,0.0827,-0.0023,1.3862,0.0027,-0.5409,0.0754,0.236,-1.1116,-0.0618,0.2327,-1.1023,0.0958,1.1436,-1.6685,-0.0806,1.1408,-1.6608
26,0.0011,0.0221,0.0001,3.4591,-0.0007,0.3359,-0.0007,0.0827,-0.0023,1.3862,0.0027,-0.639,0.0761,0.2764,-1.1582,-0.0624,0.2731,-1.149,0.0997,1.1857,-1.733,-0.0836,1.1827,-1.7251
26,0.001,0.0229,0.0001,3.4729,-0.0006,0.329,-0.0007,0.0827,-0.0023,1.3862,0.0027,-0.7371,0.0772,0.3291,-1.2207,-0.0632,0.3258,-1.2117,0.104,1.2277,-1.7957,-0.0867,1.2247,-1.7876
26,0.001,0.0237,0.0001,3.4868,-0.0006,0.3212,-0.0007,0.0827,-0.0023,1.3862,0.0027,-0.8351,0.0788,0.3942,-1.2977,-0.0645,0.3911,-1.2889,0.1087,1.2697,-1.8556,-0.0902,1.2665,-1.8472
26,0.001,0.0245,0.0001,3.5007,-0.0006,0.3123,-0.0007,0.0827,-0.0023,1.3862,0.0027,-0.9332,0.0809,0.4723,-1.3873,-0.0662,0.4693,-1.3787,0.1135,1.3114,-1.9118,-0.0937,1.3079,-1.9031
27,0.001,0.0245,0.0001,3.5007,-0.0006,0.3123,-0.0007,0.0827,-0.0023,1.3862,0.0027,-0.9332,0.2302,-0.1094,-0.3123,0.23,0.1101,-0.3123,0.1135,1.3114,-1.9118,-0.0937,1.3079,-1.9031
27,0.001,0.0254,0.0001,3.5145,-0.0006,0.3025,-0.0005,0.0815,-0.0023,1.38,0.0027,-1.0194,0.2164,-0.1094,-0.3025,0.2162,0.1101,-0.3025,0.1185,1.3516,-1.9643,-0.0973,1.3478,-1.9552
27,0.0009,0.0262,0.0001,3.5282,-0.0005,0.292,-0.0002,0.078,-0.0023,1.3613,0.0026,-1.0818,0.2027,-0.1095,-0.292,0.2025,0.11,-0.292,0.1235,1.3888,-2.0136,-0.101,1.3848,-2.0042
27,0.0009,0.0269,0.0001,3.5417,-0.0005,0.281,0.0003,0.0722,-0.0023,1.3301,0.0026,-1.1204,0.1892,-0.1095,-0.281,0.189,0.11,-0.281,0.1285,1.4226,-2.0596,-0.1045,1.4182,-2.0497
27,0.0009,0.0276,0.0001,3.5548,-0.0005,0.2697,0.001,0.064,-0.0022,1.2865,0.0026,-1.1353,0.1761,-0.1095,-0.2697,0.1759,0.11,-0.2697,0.1334,1.4521,-2.102,-0.1078,1.4474,-2.0917
27,0.0009,0.0282,0.0001,3.5674,-0.0005,0.2584,0.0019,0.0536,-0.0022,1.2304,0.0025,-1.1264,0.1635,-0.1095,-0.2584,0.1633,0.11,-0.2584,0.1379,1.4766,-2.1405,-0.1109,1.4715,-2.1298
27,0.0009,0.0287,0.0001,3.5794,-0.0004,0.2472,0.0031,0.0408,-0.0021,1.1619,0.0025,-1.0937,0.1515,-0.1096,-0.2472,0.1513,0.1099,-0.2472,0.1421,1.4954,-2.175,-0.1136,1.4899,-2.1638
27,0.0008,0.029,0.0002,3.5906,-0.0004,0.2366,0.0044,0.0257,-0.0021,1.0808,0.0024,-1.0373,0.1403,-0.1096,-0.2366,0.1401,0.1099,-0.2366,0.1457,1.5074,-2.2051,-0.1158,1.5017,-2.1935
27,0.0008,0.0292,0.0002,3.6009,-0.0004,0.2266,0.006,0.0082,-0.002,0.9874,0.0023,-0.9572,0.13,-0.1096,-0.2266,0.1298,0.1099,-0.2266,0.1486,1.5119,-2.2304,-0.1174,1.506,-2.2184
27,0.0008,0.0292,0.0003,3.6103,-0.0004,0.2175,0.0078,-0.0115,-0.0019,0.8814,0.0022,-0.8532,0.1206,-0.1096,-0.2175,0.1204,0.1099,-0.2175,0.1507,1.5081,-2.2505,-0.1184,1.5019,-2.2381
27,0.0008,0.0289,0.0004,3.6185,-0.0003,0.2096,0.0097,-0.0336,-0.0018,0.7631,0.0022,-0.7255,0.1124,-0.1097,-0.2096,0.1122,0.1098,-0.2096,0.152,1.4951,-2.2648,-0.1187,1.4889,-2.2521
27,0.0008,0.0285,0.0005,3.6255,-0.0003,0.203,0.0113,-0.055,-0.0017,0.6415,0.0021,-0.5912,0.1054,-0.1097,-0.203,0.1052,0.1098,-0.203,0.1524,1.4728,-2.2727,-0.1183,1.4667,-2.2597
27,0.0007,0.0278,0.0006,3.6314,-0.0003,0.1977,0.012,-0.0727,-0.0016,0.526,0.002,-0.4674,0.0994999999999999,-0.1097,-0.1977,0.0992999999999999,0.1098,-0.1977,0.1519,1.4429,-2.2745,-0.1174,1.437,-2.2614
27,0.0007,0.027,0.0007,3.6361,-0.0003,0.1936,0.0119,-0.0867,-0.0015,0.4167,0.0019,-0.354,0.0948000000000002,-0.1097,-0.1936,0.0946000000000002,0.1098,-0.1936,0.1508,1.4075,-2.271,-0.1159,1.4018,-2.2577
27,0.0007,0.0261,0.0008,3.6397,-0.0003,0.1906,0.0107,-0.097,-0.0015,0.3134,0.0018,-0.251,0.0912000000000002,-0.1097,-0.1906,0.0910000000000002,0.1098,-0.1906,0.1491,1.3689,-2.2629,-0.1142,1.3636,-2.2496
27,0.0007,0.0251,0.0009,3.6424,-0.0002,0.1886,0.0087,-0.1036,-0.0015,0.2162,0.0017,-0.1585,0.0885000000000002,-0.1098,-0.1886,0.0883000000000003,0.1097,-0.1886,0.147,1.3292,-2.2512,-0.1123,1.3243,-2.2379
27,0.0007,0.0241,0.001,3.6441,-0.0002,0.1874,0.0058,-0.1065,-0.0015,0.1251,0.0016,-0.0764,0.0868000000000002,-0.1098,-0.1874,0.0866000000000002,0.1097,-0.1874,0.1447,1.2906,-2.2371,-0.1103,1.2861,-2.2238
27,0.0007,0.023,0.001,3.6449,-0.0002,0.187,0.002,-0.1057,-0.0016,0.0401,0.0016,-0.0048,0.0860000000000003,-0.1098,-0.187,0.0858000000000003,0.1097,-0.187,0.1425,1.2549,-2.2219,-0.1085,1.2508,-2.2088
27,0.0006,0.022,0.001,3.6449,-0.0002,0.1873,-0.0027,-0.1012,-0.0017,-0.0389,0.0015,0.0564,0.0860000000000003,-0.1098,-0.1873,0.0858000000000003,0.1097,-0.1873,0.1403,1.2239,-2.2072,-0.1069,1.2201,-2.1943
27,0.0006,0.021,0.001,3.6441,-0.0002,0.1881,-0.0084,-0.093,-0.0019,-0.1117,0.0014,0.1071,0.0868000000000002,-0.1098,-0.1881,0.0866000000000002,0.1097,-0.1881,0.1385,1.1989,-2.1946,-0.1057,1.1956,-2.1818
27,0.0006,0.0201,0.0009,3.6427,-0.0002,0.1894,-0.0149,-0.0811,-0.002,-0.1784,0.0014,0.1474,0.0868000000000002,-0.1098,-0.1881,0.0866000000000002,0.1097,-0.1881,0.1371,1.1817,-2.1855,-0.105,1.1787,-2.1731
