0,0,0,0,0,0,0.25,0,0,0,0.1,0,0,0.2,-0.1,-0.25,0.2,0.1,-0.25,-0.183,-0.1,-0.25,-0.183,0.1,-0.25
0,0,0,0,0.001,0,0.25,0,0,0,0.1,0,0,0.199,-0.1,-0.25,0.199,0.1,-0.25,-0.184,-0.1,-0.25,-0.184,0.1,-0.25
0,0,0,0,0.002,0,0.25,0,0,0,0.1,0,0,0.198,-0.1,-0.25,0.198,0.1,-0.25,-0.185,-0.1,-0.25,-0.185,0.1,-0.25
0,0,0,0,0.003,0,0.25,0,0,0,0.1,0,0,0.197,-0.1,-0.25,0.197,0.1,-0.25,-0.186,-0.1,-0.25,-0.186,0.1,-0.25
0,0,0,0,0.004,0,0.25,0,0,0,0.1,0,0,0.196,-0.1,-0.25,0.196,0.1,-0.25,-0.187,-0.1,-0.25,-0.187,0.1,-0.25
0,0,0,0,0.005,0,0.25,0,0,0,0.1,0,0,0.195,-0.1,-0.25,0.195,0.1,-0.25,-0.188,-0.1,-0.25,-0.188,0.1,-0.25
0,0,0,0,0.006,0,0.25,0,0,0,0.1,0,0,0.194,-0.1,-0.25,0.194,0.1,-0.25,-0.189,-0.1,-0.25,-0.189,0.1,-0.25
0,0,0,0,0.007,0,0.25,0,0,0,0.1,0,0,0.193,-0.1,-0.25,0.193,0.1,-0.25,-0.19,-0.1,-0.25,-0.19,0.1,-0.25
0,0,0,0,0.008,0,0.25,0,0,0,0.1,0,0,0.192,-0.1,-0.25,0.192,0.1,-0.25,-0.191,-0.1,-0.25,-0.191,0.1,-0.25
0,0,0,0,0.009,0,0.25,0,0,0,0.1,0,0,0.191,-0.1,-0.25,0.191,0.1,-0.25,-0.192,-0.1,-0.25,-0.192,0.1,-0.25
0,0,0,0,0.01,0,0.25,0,0,0,0.1,0,0,0.19,-0.1,-0.25,0.19,0.1,-0.25,-0.193,-0.1,-0.25,-0.193,0.1,-0.25
0,0,0,0,0.011,0,0.25,0,0,0,0.4,0,0,0.19,-0.1,-0.25,0.19,0.1,-0.25,-0.193,-0.1,-0.25,-0.193,0.1,-0.25
1,0,0,0,0.011,0,0.25,0,0,0,0.4,0,0,0.189,-0.1,-0.25,0,0.9,-1.8,0,0.9,-1.8,-0.194,0.1,-0.25
1,0,0,0,0.015,0,0.25,0,0,0,0.4,0,0,0.185,-0.1,-0.25,0,0.9,-1.8,0,0.9,-1.8,-0.198,0.1,-0.25
1,0,0,0,0.019,0,0.25,0,0,0,0.4,0,0,0.181,-0.1,-0.25,0,0.9,-1.8,0,0.9,-1.8,-0.202,0.1,-0.25
1,0,0,0,0.023,0,0.25,0,0,0,0.4,0,0,0.177,-0.1,-0.25,0,0.9,-1.8,0,0.9,-1.8,-0.206,0.1,-0.25
1,0,0,0,0.027,0,0.25,0,0,0,0.4,0,0,0.173,-0.1,-0.25,0,0.9,-1.8,0,0.9,-1.8,-0.21,0.1,-0.25
1,0,0,0,0.031,0,0.25,0,0,0,0.4,0,0,0.169,-0.1,-0.25,0,0.9,-1.8,0,0.9,-1.8,-0.214,0.1,-0.25
1,0,0,0,0.035,0,0.25,0,0,0,0.4,0,0,0.165,-0.1,-0.25,0,0.9,-1.8,0,0.9,-1.8,-0.218,0.1,-0.25
1,0,0,0,0.039,0,0.25,0,0,0,0.4,0,0,0.161,-0.1,-0.25,0,0.9,-1.8,0,0.9,-1.8,-0.222,0.1,-0.25
1,0,0,0,0.043,0,0.25,0,0,0,0.4,0,0,0.157,-0.1,-0.25,0,0.9,-1.8,0,0.9,-1.8,-0.226,0.1,-0.25
1,0,0,0,0.047,0,0.25,0,0,0,0.4,0,0,0.153,-0.1,-0.25,0,0.9,-1.8,0,0.9,-1.8,-0.23,0.1,-0.25
1,0,0,0,0.051,0,0.25,0,0,0,0.4,0,0,0.149,-0.1,-0.25,0,0.9,-1.8,0,0.9,-1.8,-0.234,0.1,-0.25
1,0,0,0,0.055,0,0.25,0,0,0,0.4,0,0,0.145,-0.1,-0.25,0,0.9,-1.8,0,0.9,-1.8,-0.238,0.1,-0.25
1,0,0,0,0.059,0,0.25,0,0,0,0.4,0,0,0.141,-0.1,-0.25,0,0.9,-1.8,0,0.9,-1.8,-0.242,0.1,-0.25
1,0,0,0,0.063,0,0.25,0,0,0,0.4,0,0,0.137,-0.1,-0.25,0,0.9,-1.8,0,0.9,-1.8,-0.246,0.1,-0.25
1,0,0,0,0.067,0,0.25,0,0,0,0.4,0,0,0.133,-0.1,-0.25,0,0.9,-1.8,0,0.9,-1.8,-0.25,0.1,-0.25
1,0,0,0,0.071,0,0.25,0,0,0,0.4,0,0,0.129,-0.1,-0.25,0,0.9,-1.8,0,0.9,-1.8,-0.254,0.1,-0.25
1,0,0,0,0.075,0,0.25,0,0,0,0.4,0,0,0.129,-0.1,-0.25,0,0.9,-1.8,0,0.9,-1.8,-0.254,0.1,-0.25
2,0,0,0,0.075,0,0.25,0,0,0,0.4,0,0,0,0.9,-1.8,0,0.9,-1.8,0,0.9,-1.8,0,0.9,-1.8
2,0,0,0,0.079,0,0.25,0,0,0,0.4,0,0,0,0.9,-1.8,0,0.9,-1.8,0,0.9,-1.8,0,0.9,-1.8
2,0,0,0,0.083,0,0.25,0,0,0,0.4,0,0,0,0.9,-1.8,0,0.9,-1.8,0,0.9,-1.8,0,0.9,-1.8
2,0,0,0,0.087,0,0.25,0,0,0,0.4,0,0,0,0.9,-1.8,0,0.9,-1.8,0,0.9,-1.8,0,0.9,-1.8
2,0,0,0,0.091,0,0.25,0,0,0,0.4,0,0,0,0.9,-1.8,0,0.9,-1.8,0,0.9,-1.8,0,0.9,-1.8
3,0,0,0,0.091,0,0.25,0,0,0,0.4,0,0,0,0.9,-1.8,0.224,0.1,-0.25,-0.159,-0.1,-0.25,0,0.9,-1.8
3,0,0,0,0.095,0,0.25,0,0,0,0.4,0,0,0,0.9,-1.8,0.22,0.1,-0.25,-0.163,-0.1,-0.25,0,0.9,-1.8
3,0,0,0,0.099,0,0.25,0,0,0,0.4,0,0,0,0.9,-1.8,0.216,0.1,-0.25,-0.167,-0.1,-0.25,0,0.9,-1.8
3,0,0,0,0.103,0,0.25,0,0,0,0.4,0,0,0,0.9,-1.8,0.212,0.1,-0.25,-0.171,-0.1,-0.25,0,0.9,-1.8
3,0,0,0,0.107,0,0.25,0,0,0,0.4,0,0,0,0.9,-1.8,0.208,0.1,-0.25,-0.175,-0.1,-0.25,0,0.9,-1.8
3,0,0,0,0.111,0,0.25,0,0,0,0.4,0,0,0,0.9,-1.8,0.204,0.1,-0.25,-0.179,-0.1,-0.25,0,0.9,-1.8
3,0,0,0,0.115,0,0.25,0,0,0,0.4,0,0,0,0.9,-1.8,0.2,0.1,-0.25,-0.183,-0.1,-0.25,0,0.9,-1.8
3,0,0,0,0.119,0,0.25,0,0,0,0.4,0,0,0,0.9,-1.8,0.196,0.1,-0.25,-0.187,-0.1,-0.25,0,0.9,-1.8
3,0,0,0,0.123,0,0.25,0,0,0,0.4,0,0,0,0.9,-1.8,0.192,0.1,-0.25,-0.191,-0.1,-0.25,0,0.9,-1.8
3,0,0,0,0.127,0,0.25,0,0,0,0.4,0,0,0,0.9,-1.8,0.188,0.1,-0.25,-0.195,-0.1,-0.25,0,0.9,-1.8
3,0,0,0,0.131,0,0.25,0,0,0,0.4,0,0,0,0.9,-1.8,0.184,0.1,-0.25,-0.199,-0.1,-0.25,0,0.9,-1.8
3,0,0,0,0.135,0,0.25,0,0,0,0.4,0,0,0,0.9,-1.8,0.18,0.1,-0.25,-0.203,-0.1,-0.25,0,0.9,-1.8
3,0,0,0,0.139,0,0.25,0,0,0,0.4,0,0,0,0.9,-1.8,0.176,0.1,-0.25,-0.207,-0.1,-0.25,0,0.9,-1.8
3,0,0,0,0.143,0,0.25,0,0,0,0.4,0,0,0,0.9,-1.8,0.172,0.1,-0.25,-0.211,-0.1,-0.25,0,0.9,-1.8
3,0,0,0,0.147,0,0.25,0,0,0,0.4,0,0,0,0.9,-1.8,0.168,0.1,-0.25,-0.215,-0.1,-0.25,0,0.9,-1.8
3,0,0,0,0.151,0,0.25,0,0,0,0.4,0,0,0,0.9,-1.8,0.164,0.1,-0.25,-0.219,-0.1,-0.25,0,0.9,-1.8
3,0,0,0,0.155,0,0.25,0,0,0,0.4,0,0,0,0.9,-1.8,0.164,0.1,-0.25,-0.219,-0.1,-0.25,0,0.9,-1.8
4,0,0,0,0.155,0,0.25,0,0,0,0.4,0,0,0,0.9,-1.8,0,0.9,-1.8,0,0.9,-1.8,0,0.9,-1.8
4,0,0,0,0.159,0,0.25,0,0,0,0.4,0,0,0,0.9,-1.8,0,0.9,-1.8,0,0.9,-1.8,0,0.9,-1.8
4,0,0,0,0.163,0,0.25,0,0,0,0.4,0,0,0,0.9,-1.8,0,0.9,-1.8,0,0.9,-1.8,0,0.9,-1.8
4,0,0,0,0.167,0,0.25,0,0,0,0.4,0,0,0,0.9,-1.8,0,0.9,-1.8,0,0.9,-1.8,0,0.9,-1.8
4,0,0,0,0.171,0,0.25,0,0,0,0.4,0,0,0,0.9,-1.8,0,0.9,-1.8,0,0.9,-1.8,0,0.9,-1.8
5,0,0,0,0.171,0,0.25,0,0,0,0.4,0,0,0.224,-0.1,-0.25,0,0.9,-1.8,0,0.9,-1.8,-0.159,0.1,-0.25
5,0,0,0,0.175,0,0.25,0,0,0,0.4,0,0,0.22,-0.1,-0.25,0,0.9,-1.8,0,0.9,-1.8,-0.163,0.1,-0.25
5,0,0,0,0.179,0,0.25,0,0,0,0.4,0,0,0.216,-0.1,-0.25,0,0.9,-1.8,0,0.9,-1.8,-0.167,0.1,-0.25
5,0,0,0,0.183,0,0.25,0,0,0,0.4,0,0,0.212,-0.1,-0.25,0,0.9,-1.8,0,0.9,-1.8,-0.171,0.1,-0.25
5,0,0,0,0.187,0,0.25,0,0,0,0.4,0,0,0.208,-0.1,-0.25,0,0.9,-1.8,0,0.9,-1.8,-0.175,0.1,-0.25
5,0,0,0,0.191,0,0.25,0,0,0,0.4,0,0,0.204,-0.1,-0.25,0,0.9,-1.8,0,0.9,-1.8,-0.179,0.1,-0.25
5,0,0,0,0.195,0,0.25,0,0,0,0.4,0,0,0.2,-0.1,-0.25,0,0.9,-1.8,0,0.9,-1.8,-0.183,0.1,-0.25
5,0,0,0,0.199,0,0.25,0,0,0,0.4,0,0,0.196,-0.1,-0.25,0,0.9,-1.8,0,0.9,-1.8,-0.187,0.1,-0.25
5,0,0,0,0.203,0,0.25,0,0,0,0.4,0,0,0.192,-0.1,-0.25,0,0.9,-1.8,0,0.9,-1.8,-0.191,0.1,-0.25
5,0,0,0,0.207,0,0.25,0,0,0,0.4,0,0,0.188,-0.1,-0.25,0,0.9,-1.8,0,0.9,-1.8,-0.195,0.1,-0.25
5,0,0,0,0.211,0,0.25,0,0,0,0.4,0,0,0.184,-0.1,-0.25,0,0.9,-1.8,0,0.9,-1.8,-0.199,0.1,-0.25
5,0,0,0,0.215,0,0.25,0,0,0,0.4,0,0,0.18,-0.1,-0.25,0,0.9,-1.8,0,0.9,-1.8,-0.203,0.1,-0.25
5,0,0,0,0.219,0,0.25,0,0,0,0.4,0,0,0.176,-0.1,-0.25,0,0.9,-1.8,0,0.9,-1.8,-0.207,0.1,-0.25
5,0,0,0,0.223,0,0.25,0,0,0,0.4,0,0,0.172,-0.1,-0.25,0,0.9,-1.8,0,0.9,-1.8,-0.211,0.1,-0.25
5,0,0,0,0.227,0,0.25,0,0,0,0.4,0,0,0.168,-0.1,-0.25,0,0.9,-1.8,0,0.9,-1.8,-0.215,0.1,-0.25
5,0,0,0,0.231,0,0.25,0,0,0,0.4,0,0,0.168,-0.1,-0.25,0,0.9,-1.8,0,0.9,-1.8,-0.215,0.1,-0.25
6,0,0,0,0.231,0,0.25,0,0,0,0.4,0,0,0,0.9,-1.8,0,0.9,-1.8,0,0.9,-1.8,0,0.9,-1.8
6,0,0,0,0.235,0,0.25,0,0,0,0.4,0,0,0,0.9,-1.8,0,0.9,-1.8,0,0.9,-1.8,0,0.9,-1.8
6,0,0,0,0.239,0,0.25,0,0,0,0.4,0,0,0,0.9,-1.8,0,0.9,-1.8,0,0.9,-1.8,0,0.9,-1.8
6,0,0,0,0.243,0,0.25,0,0,0,0.4,0,0,0,0.9,-1.8,0,0.9,-1.8,0,0.9,-1.8,0,0.9,-1.8
6,0,0,0,0.247,0,0.25,0,0,0,0.4,0,0,0,0.9,-1.8,0,0.9,-1.8,0,0.9,-1.8,0,0.9,-1.8
6,0,0,0,0.251,0,0.25,0,0,0,0.4,0,0,0,0.9,-1.8,0,0.9,-1.8,0,0.9,-1.8,0,0.9,-1.8
7,0,0,0,0.251,0,0.25,0,0,0,0.4,0,0,0,0.9,-1.8,0.224,0.1,-0.25,-0.159,-0.1,-0.25,0,0.9,-1.8
7,0,0,0,0.255,0,0.25,0,0,0,0.4,0,0,0,0.9,-1.8,0.22,0.1,-0.25,-0.163,-0.1,-0.25,0,0.9,-1.8
7,0,0,0,0.259,0,0.25,0,0,0,0.4,0,0,0,0.9,-1.8,0.216,0.1,-0.25,-0.167,-0.1,-0.25,0,0.9,-1.8
7,0,0,0,0.263,0,0.25,0,0,0,0.4,0,0,0,0.9,-1.8,0.212,0.1,-0.25,-0.171,-0.1,-0.25,0,0.9,-1.8
7,0,0,0,0.267,0,0.25,0,0,0,0.4,0,0,0,0.9,-1.8,0.208,0.1,-0.25,-0.175,-0.1,-0.25,0,0.9,-1.8
7,0,0,0,0.271,0,0.25,0,0,0,0.4,0,0,0,0.9,-1.8,0.204,0.1,-0.25,-0.179,-0.1,-0.25,0,0.9,-1.8
7,0,0,0,0.275,0,0.25,0,0,0,0.4,0,0,0,0.9,-1.8,0.2,0.1,-0.25,-0.183,-0.1,-0.25,0,0.9,-1.8
7,0,0,0,0.279,0,0.25,0,0,0,0.4,0,0,0,0.9,-1.8,0.196,0.1,-0.25,-0.187,-0.1,-0.25,0,0.9,-1.8
7,0,0,0,0.283,0,0.25,0,0,0,0.4,0,0,0,0.9,-1.8,0.192,0.1,-0.25,-0.191,-0.1,-0.25,0,0.9,-1.8
7,0,0,0,0.287,0,0.25,0,0,0,0.4,0,0,0,0.9,-1.8,0.188,0.1,-0.25,-0.195,-0.1,-0.25,0,0.9,-1.8
7,0,0,0,0.291,0,0.25,0,0,0,0.4,0,0,0,0.9,-1.8,0.184,0.1,-0.25,-0.199,-0.1,-0.25,0,0.9,-1.8
7,0,0,0,0.295,0,0.25,0,0,0,0.4,0,0,0,0.9,-1.8,0.18,0.1,-0.25,-0.203,-0.1,-0.25,0,0.9,-1.8
7,0,0,0,0.299,0,0.25,0,0,0,0.4,0,0,0,0.9,-1.8,0.176,0.1,-0.25,-0.207,-0.1,-0.25,0,0.9,-1.8
7,0,0,0,0.303,0,0.25,0,0,0,0.4,0,0,0,0.9,-1.8,0.172,0.1,-0.25,-0.211,-0.1,-0.25,0,0.9,-1.8
7,0,0,0,0.307,0,0.25,0,0,0,0.4,0,0,0,0.9,-1.8,0.168,0.1,-0.25,-0.215,-0.1,-0.25,0,0.9,-1.8
7,0,0,0,0.311,0,0.25,0,0,0,0.4,0,0,0,0.9,-1.8,0.164,0.1,-0.25,-0.219,-0.1,-0.25,0,0.9,-1.8
7,0,0,0,0.315,0,0.25,0,0,0,0.4,0,0,0,0.9,-1.8,0.164,0.1,-0.25,-0.219,-0.1,-0.25,0,0.9,-1.8
8,0,0,0,0.315,0,0.25,0,0,0,0.4,0,0,0,0.9,-1.8,0,0.9,-1.8,0,0.9,-1.8,0,0.9,-1.8
8,0,0,0,0.319,0,0.25,0,0,0,0.4,0,0,0,0.9,-1.8,0,0.9,-1.8,0,0.9,-1.8,0,0.9,-1.8
8,0,0,0,0.323,0,0.25,0,0,0,0.4,0,0,0,0.9,-1.8,0,0.9,-1.8,0,0.9,-1.8,0,0.9,-1.8
8,0,0,0,0.327,0,0.25,0,0,0,0.4,0,0,0,0.9,-1.8,0,0.9,-1.8,0,0.9,-1.8,0,0.9,-1.8
8,0,0,0,0.331,0,0.25,0,0,0,0.6,0,0,0,0.9,-1.8,0,0.9,-1.8,0,0.9,-1.8,0,0.9,-1.8
9,0,0,0,0.331,0,0.25,0,0,0,0.6,0,0,0.224,-0.1,-0.25,0,0.9,-1.8,0,0.9,-1.8,-0.159,0.1,-0.25
9,0,0,0,0.337,0,0.25,0,0,0,0.6,0,0,0.218,-0.1,-0.25,0,0.9,-1.8,0,0.9,-1.8,-0.165,0.1,-0.25
9,0,0,0,0.343,0,0.25,0,0,0,0.6,0,0,0.212,-0.1,-0.25,0,0.9,-1.8,0,0.9,-1.8,-0.171,0.1,-0.25
9,0,0,0,0.349,0,0.25,0,0,0,0.6,0,0,0.206,-0.1,-0.25,0,0.9,-1.8,0,0.9,-1.8,-0.177,0.1,-0.25
9,0,0,0,0.355,0,0.25,0,0,0,0.6,0,0,0.2,-0.1,-0.25,0,0.9,-1.8,0,0.9,-1.8,-0.183,0.1,-0.25
9,0,0,0,0.361,0,0.25,0,0,0,0.6,0,0,0.194,-0.1,-0.25,0,0.9,-1.8,0,0.9,-1.8,-0.189,0.1,-0.25
9,0,0,0,0.367,0,0.25,0,0,0,0.6,0,0,0.188,-0.1,-0.25,0,0.9,-1.8,0,0.9,-1.8,-0.195,0.1,-0.25
9,0,0,0,0.373,0,0.25,0,0,0,0.6,0,0,0.182,-0.1,-0.25,0,0.9,-1.8,0,0.9,-1.8,-0.201,0.1,-0.25
9,0,0,0,0.379,0,0.25,0,0,0,0.6,0,0,0.176,-0.1,-0.25,0,0.9,-1.8,0,0.9,-1.8,-0.207,0.1,-0.25
9,0,0,0,0.385,0,0.25,0,0,0,0.6,0,0,0.17,-0.1,-0.25,0,0.9,-1.8,0,0.9,-1.8,-0.213,0.1,-0.25
9,0,0,0,0.391,0,0.25,0,0,0,0.6,0,0,0.164,-0.1,-0.25,0,0.9,-1.8,0,0.9,-1.8,-0.219,0.1,-0.25
9,0,0,0,0.397,0,0.25,0,0,0,0.6,0,0,0.158,-0.1,-0.25,0,0.9,-1.8,0,0.9,-1.8,-0.225,0.1,-0.25
9,0,0,0,0.403,0,0.25,0,0,0,0.6,0,0,0.152,-0.1,-0.25,0,0.9,-1.8,0,0.9,-1.8,-0.231,0.1,-0.25
9,0,0,0,0.409,0,0.25,0,0,0,0.6,0,0,0.146,-0.1,-0.25,0,0.9,-1.8,0,0.9,-1.8,-0.237,0.1,-0.25
9,0,0,0,0.415,0,0.25,0,0,0,0.6,0,0,0.14,-0.1,-0.25,0,0.9,-1.8,0,0.9,-1.8,-0.243,0.1,-0.25
9,0,0,0,0.421,0,0.25,0,0,0,0.6,0,0,0.14,-0.1,-0.25,0,0.9,-1.8,0,0.9,-1.8,-0.243,0.1,-0.25
10,0,0,0,0.421,0,0.25,0,0,0,0.6,0,0,0,0.9,-1.8,0,0.9,-1.8,0,0.9,-1.8,0,0.9,-1.8
10,0,0,0,0.427,0,0.25,0,0,0,0.6,0,0,0,0.9,-1.8,0,0.9,-1.8,0,0.9,-1.8,0,0.9,-1.8
10,0,0,0,0.433,0,0.25,0,0,0,0.6,0,0,0,0.9,-1.8,0,0.9,-1.8,0,0.9,-1.8,0,0.9,-1.8
10,0,0,0,0.439,0,0.25,0,0,0,0.6,0,0,0,0.9,-1.8,0,0.9,-1.8,0,0.9,-1.8,0,0.9,-1.8
10,0,0,0,0.445,0,0.25,0,0,0,0.6,0,0,0,0.9,-1.8,0,0.9,-1.8,0,0.9,-1.8,0,0.9,-1.8
10,0,0,0,0.451,0,0.25,0,0,0,0.6,0,0,0,0.9,-1.8,0,0.9,-1.8,0,0.9,-1.8,0,0.9,-1.8
11,0,0,0,0.451,0,0.25,0,0,0,0.6,0,0,0,0.9,-1.8,0.236,0.1,-0.25,-0.147,-0.1,-0.25,0,0.9,-1.8
11,0,0,0,0.457,0,0.25,0,0,0,0.6,0,0,0,0.9,-1.8,0.23,0.1,-0.25,-0.153,-0.1,-0.25,0,0.9,-1.8
11,0,0,0,0.463,0,0.25,0,0,0,0.6,0,0,0,0.9,-1.8,0.224,0.1,-0.25,-0.159,-0.1,-0.25,0,0.9,-1.8
11,0,0,0,0.469,0,0.25,0,0,0,0.6,0,0,0,0.9,-1.8,0.218,0.1,-0.25,-0.165,-0.1,-0.25,0,0.9,-1.8
11,0,0,0,0.475,0,0.25,0,0,0,0.6,0,0,0,0.9,-1.8,0.212,0.1,-0.25,-0.171,-0.1,-0.25,0,0.9,-1.8
11,0,0,0,0.481,0,0.25,0,0,0,0.6,0,0,0,0.9,-1.8,0.206,0.1,-0.25,-0.177,-0.1,-0.25,0,0.9,-1.8
11,0,0,0,0.487,0,0.25,0,0,0,0.6,0,0,0,0.9,-1.8,0.2,0.1,-0.25,-0.183,-0.1,-0.25,0,0.9,-1.8
11,0,0,0,0.493,0,0.25,0,0,0,0.6,0,0,0,0.9,-1.8,0.194,0.1,-0.25,-0.189,-0.1,-0.25,0,0.9,-1.8
11,0,0,0,0.499,0,0.25,0,0,0,0.6,0,0,0,0.9,-1.8,0.188,0.1,-0.25,-0.195,-0.1,-0.25,0,0.9,-1.8
11,0,0,0,0.505,0,0.25,0,0,0,0.6,0,0,0,0.9,-1.8,0.182,0.1,-0.25,-0.201,-0.1,-0.25,0,0.9,-1.8
11,0,0,0,0.511,0,0.25,0,0,0,0.6,0,0,0,0.9,-1.8,0.176,0.1,-0.25,-0.207,-0.1,-0.25,0,0.9,-1.8
11,0,0,0,0.517,0,0.25,0,0,0,0.6,0,0,0,0.9,-1.8,0.17,0.1,-0.25,-0.213,-0.1,-0.25,0,0.9,-1.8
11,0,0,0,0.523,0,0.25,0,0,0,0.6,0,0,0,0.9,-1.8,0.164,0.1,-0.25,-0.219,-0.1,-0.25,0,0.9,-1.8
11,0,0,0,0.529,0,0.25,0,0,0,0.6,0,0,0,0.9,-1.8,0.158,0.1,-0.25,-0.225,-0.1,-0.25,0,0.9,-1.8
11,0,0,0,0.535,0,0.25,0,0,0,0.6,0,0,0,0.9,-1.8,0.152,0.1,-0.25,-0.231,-0.1,-0.25,0,0.9,-1.8
11,0,0,0,0.541,0,0.25,0,0,0,0.6,0,0,0,0.9,-1.8,0.146,0.1,-0.25,-0.237,-0.1,-0.25,0,0.9,-1.8
11,0,0,0,0.547,0,0.25,0,0,0,0.6,0,0,0,0.9,-1.8,0.146,0.1,-0.25,-0.237,-0.1,-0.25,0,0.9,-1.8
12,0,0,0,0.547,0,0.25,0,0,0,0.6,0,0,0,0.9,-1.8,0,0.9,-1.8,0,0.9,-1.8,0,0.9,-1.8
12,0,0,0,0.553,0,0.25,0,0,0,0.6,0,0,0,0.9,-1.8,0,0.9,-1.8,0,0.9,-1.8,0,0.9,-1.8
12,0,0,0,0.559,0,0.25,0,0,0,0.6,0,0,0,0.9,-1.8,0,0.9,-1.8,0,0.9,-1.8,0,0.9,-1.8
12,0,0,0,0.565,0,0.25,0,0,0,0.6,0,0,0,0.9,-1.8,0,0.9,-1.8,0,0.9,-1.8,0,0.9,-1.8
12,0,0,0,0.571,0,0.25,0,0,0,0.6,0,0,0,0.9,-1.8,0,0.9,-1.8,0,0.9,-1.8,0,0.9,-1.8
13,0,0,0,0.571,0,0.25,0,0,0,0.6,0,0,0.236,-0.1,-0.25,0,0.9,-1.8,0,0.9,-1.8,-0.147,0.1,-0.25
13,0,0,0,0.577,0,0.25,0,0,0,0.6,0,0,0.23,-0.1,-0.25,0,0.9,-1.8,0,0.9,-1.8,-0.153,0.1,-0.25
13,0,0,0,0.583,0,0.25,0,0,0,0.6,0,0,0.224,-0.1,-0.25,0,0.9,-1.8,0,0.9,-1.8,-0.159,0.1,-0.25
13,0,0,0,0.589,0,0.25,0,0,0,0.6,0,0,0.218,-0.1,-0.25,0,0.9,-1.8,0,0.9,-1.8,-0.165,0.1,-0.25
13,0,0,0,0.595,0,0.25,0,0,0,0.6,0,0,0.212,-0.1,-0.25,0,0.9,-1.8,0,0.9,-1.8,-0.171,0.1,-0.25
13,0,0,0,0.601,0,0.25,0,0,0,0.6,0,0,0.206,-0.1,-0.25,0,0.9,-1.8,0,0.9,-1.8,-0.177,0.1,-0.25
13,0,0,0,0.607,0,0.25,0,0,0,0.6,0,0,0.2,-0.1,-0.25,0,0.9,-1.8,0,0.9,-1.8,-0.183,0.1,-0.25
13,0,0,0,0.613,0,0.25,0,0,0,0.6,0,0,0.194,-0.1,-0.25,0,0.9,-1.8,0,0.9,-1.8,-0.189,0.1,-0.25
13,0,0,0,0.619,0,0.25,0,0,0,0.6,0,0,0.188,-0.1,-0.25,0,0.9,-1.8,0,0.9,-1.8,-0.195,0.1,-0.25
13,0,0,0,0.625,0,0.25,0,0,0,0.6,0,0,0.182,-0.1,-0.25,0,0.9,-1.8,0,0.9,-1.8,-0.201,0.1,-0.25
13,0,0,0,0.631,0,0.25,0,0,0,0.6,0,0,0.176,-0.1,-0.25,0,0.9,-1.8,0,0.9,-1.8,-0.207,0.1,-0.25
13,0,0,0,0.637,0,0.25,0,0,0,0.6,0,0,0.17,-0.1,-0.25,0,0.9,-1.8,0,0.9,-1.8,-0.213,0.1,-0.25
13,0,0,0,0.643,0,0.25,0,0,0,0.6,0,0,0.164,-0.1,-0.25,0,0.9,-1.8,0,0.9,-1.8,-0.219,0.1,-0.25
13,0,0,0,0.649,0,0.25,0,0,0,0.6,0,0,0.158,-0.1,-0.25,0,0.9,-1.8,0,0.9,-1.8,-0.225,0.1,-0.25
13,0,0,0,0.655,0,0.25,0,0,0,0.6,0,0,0.152,-0.1,-0.25,0,0.9,-1.8,0,0.9,-1.8,-0.231,0.1,-0.25
13,0,0,0,0.661,0,0.25,0,0,0,0.6,0,0,0.146,-0.1,-0.25,0,0.9,-1.8,0,0.9,-1.8,-0.237,0.1,-0.25
13,0,0,0,0.667,0,0.25,0,0,0,0.6,0,0,0.146,-0.1,-0.25,0,0.9,-1.8,0,0.9,-1.8,-0.237,0.1,-0.25
14,0,0,0,0.667,0,0.25,0,0,0,0.6,0,0,0,0.9,-1.8,0,0.9,-1.8,0,0.9,-1.8,0,0.9,-1.8
14,0,0,0,0.673,0,0.25,0,0,0,0.6,0,0,0,0.9,-1.8,0,0.9,-1.8,0,0.9,-1.8,0,0.9,-1.8
14,0,0,0,0.679,0,0.25,0,0,0,0.6,0,0,0,0.9,-1.8,0,0.9,-1.8,0,0.9,-1.8,0,0.9,-1.8
14,0,0,0,0.685,0,0.25,0,0,0,0.6,0,0,0,0.9,-1.8,0,0.9,-1.8,0,0.9,-1.8,0,0.9,-1.8
14,0,0,0,0.691,0,0.25,0,0,0,0.6,0,0,0,0.9,-1.8,0,0.9,-1.8,0,0.9,-1.8,0,0.9,-1.8
15,0,0,0,0.691,0,0.25,0,0,0,0.6,0,0,0,0.9,-1.8,0.236,0.1,-0.25,-0.147,-0.1,-0.25,0,0.9,-1.8
15,0,0,0,0.697,0,0.25,0,0,0,0.6,0,0,0,0.9,-1.8,0.23,0.1,-0.25,-0.153,-0.1,-0.25,0,0.9,-1.8
15,0,0,0,0.703,0,0.25,0,0,0,0.6,0,0,0,0.9,-1.8,0.224,0.1,-0.25,-0.159,-0.1,-0.25,0,0.9,-1.8
15,0,0,0,0.709,0,0.25,0,0,0,0.6,0,0,0,0.9,-1.8,0.218,0.1,-0.25,-0.165,-0.1,-0.25,0,0.9,-1.8
15,0,0,0,0.715,0,0.25,0,0,0,0.6,0,0,0,0.9,-1.8,0.212,0.1,-0.25,-0.171,-0.1,-0.25,0,0.9,-1.8
15,0,0,0,0.721,0,0.25,0,0,0,0.6,0,0,0,0.9,-1.8,0.206,0.1,-0.25,-0.177,-0.1,-0.25,0,0.9,-1.8
15,0,0,0,0.727,0,0.25,0,0,0,0.6,0,0,0,0.9,-1.8,0.2,0.1,-0.25,-0.183,-0.1,-0.25,0,0.9,-1.8
15,0,0,0,0.733,0,0.25,0,0,0,0.6,0,0,0,0.9,-1.8,0.194,0.1,-0.25,-0.189,-0.1,-0.25,0,0.9,-1.8
15,0,0,0,0.739,0,0.25,0,0,0,0.6,0,0,0,0.9,-1.8,0.188,0.1,-0.25,-0.195,-0.1,-0.25,0,0.9,-1.8
15,0,0,0,0.745,0,0.25,0,0,0,0.6,0,0,0,0.9,-1.8,0.182,0.1,-0.25,-0.201,-0.1,-0.25,0,0.9,-1.8
15,0,0,0,0.751,0,0.25,0,0,0,0.6,0,0,0,0.9,-1.8,0.176,0.1,-0.25,-0.207,-0.1,-0.25,0,0.9,-1.8
15,0,0,0,0.757,0,0.25,0,0,0,0.6,0,0,0,0.9,-1.8,0.17,0.1,-0.25,-0.213,-0.1,-0.25,0,0.9,-1.8
15,0,0,0,0.763,0,0.25,0,0,0,0.6,0,0,0,0.9,-1.8,0.164,0.1,-0.25,-0.219,-0.1,-0.25,0,0.9,-1.8
15,0,0,0,0.769,0,0.25,0,0,0,0.6,0,0,0,0.9,-1.8,0.158,0.1,-0.25,-0.225,-0.1,-0.25,0,0.9,-1.8
15,0,0,0,0.775,0,0.25,0,0,0,0.6,0,0,0,0.9,-1.8,0.152,0.1,-0.25,-0.231,-0.1,-0.25,0,0.9,-1.8
15,0,0,0,0.781,0,0.25,0,0,0,0.6,0,0,0,0.9,-1.8,0.152,0.1,-0.25,-0.231,-0.1,-0.25,0,0.9,-1.8
16,0,0,0,0.781,0,0.25,0,0,0,0.6,0,0,0,0.9,-1.8,0,0.9,-1.8,0,0.9,-1.8,0,0.9,-1.8
16,0,0,0,0.787,0,0.25,0,0,0,0.6,0,0,0,0.9,-1.8,0,0.9,-1.8,0,0.9,-1.8,0,0.9,-1.8
16,0,0,0,0.793,0,0.25,0,0,0,0.6,0,0,0,0.9,-1.8,0,0.9,-1.8,0,0.9,-1.8,0,0.9,-1.8
16,0,0,0,0.799,0,0.25,0,0,0,0.6,0,0,0,0.9,-1.8,0,0.9,-1.8,0,0.9,-1.8,0,0.9,-1.8
16,0,0,0,0.805,0,0.25,0,0,0,0.6,0,0,0,0.9,-1.8,0,0.9,-1.8,0,0.9,-1.8,0,0.9,-1.8
16,0,0,0,0.811,0,0.25,0,0,0,1,0,0,0,0.9,-1.8,0,0.9,-1.8,0,0.9,-1.8,0,0.9,-1.8
17,0,0,0,0.811,0,0.25,0,0,0,1,0,0,0.236,-0.1,-0.25,0,0.9,-1.8,0,0.9,-1.8,-0.147,0.1,-0.25
17,0,0,0,0.821,0,0.25,0,0,0,1,0,0,0.226,-0.1,-0.25,0,0.9,-1.8,0,0.9,-1.8,-0.157,0.1,-0.25
17,0,0,0,0.831,0,0.25,0,0,0,1,0,0,0.216,-0.1,-0.25,0,0.9,-1.8,0,0.9,-1.8,-0.167,0.1,-0.25
17,0,0,0,0.841,0,0.25,0,0,0,1,0,0,0.206,-0.1,-0.25,0,0.9,-1.8,0,0.9,-1.8,-0.177,0.1,-0.25
17,0,0,0,0.851,0,0.25,0,0,0,1,0,0,0.196,-0.1,-0.25,0,0.9,-1.8,0,0.9,-1.8,-0.187,0.1,-0.25
17,0,0,0,0.861,0,0.25,0,0,0,1,0,0,0.186,-0.1,-0.25,0,0.9,-1.8,0,0.9,-1.8,-0.197,0.1,-0.25
17,0,0,0,0.871,0,0.25,0,0,0,1,0,0,0.176,-0.1,-0.25,0,0.9,-1.8,0,0.9,-1.8,-0.207,0.1,-0.25
17,0,0,0,0.881,0,0.25,0,0,0,1,0,0,0.166,-0.1,-0.25,0,0.9,-1.8,0,0.9,-1.8,-0.217,0.1,-0.25
17,0,0,0,0.891,0,0.25,0,0,0,1,0,0,0.156,-0.1,-0.25,0,0.9,-1.8,0,0.9,-1.8,-0.227,0.1,-0.25
17,0,0,0,0.901,0,0.25,0,0,0,1,0,0,0.146,-0.1,-0.25,0,0.9,-1.8,0,0.9,-1.8,-0.237,0.1,-0.25
17,0,0,0,0.911,0,0.25,0,0,0,1,0,0,0.136,-0.1,-0.25,0,0.9,-1.8,0,0.9,-1.8,-0.247,0.1,-0.25
17,0,0,0,0.921,0,0.25,0,0,0,1,0,0,0.126,-0.1,-0.25,0,0.9,-1.8,0,0.9,-1.8,-0.257,0.1,-0.25
17,0,0,0,0.931,0,0.25,0,0,0,1,0,0,0.116,-0.1,-0.25,0,0.9,-1.8,0,0.9,-1.8,-0.267,0.1,-0.25
17,0,0,0,0.941,0,0.25,0,0,0,1,0,0,0.106,-0.1,-0.25,0,0.9,-1.8,0,0.9,-1.8,-0.277,0.1,-0.25
17,0,0,0,0.951,0,0.25,0,0,0,1,0,0,0.096,-0.1,-0.25,0,0.9,-1.8,0,0.9,-1.8,-0.287,0.1,-0.25
17,0,0,0,0.961,0,0.25,0,0,0,1,0,0,0.086,-0.1,-0.25,0,0.9,-1.8,0,0.9,-1.8,-0.297,0.1,-0.25
17,0,0,0,0.971,0,0.25,0,0,0,1,0,0,0.086,-0.1,-0.25,0,0.9,-1.8,0,0.9,-1.8,-0.297,0.1,-0.25
18,0,0,0,0.971,0,0.25,0,0,0,1,0,0,0,0.9,-1.8,0,0.9,-1.8,0,0.9,-1.8,0,0.9,-1.8
18,0,0,0,0.981,0,0.25,0,0,0,1,0,0,0,0.9,-1.8,0,0.9,-1.8,0,0.9,-1.8,0,0.9,-1.8
18,0,0,0,0.991,0,0.25,0,0,0,1,0,0,0,0.9,-1.8,0,0.9,-1.8,0,0.9,-1.8,0,0.9,-1.8
18,0,0,0,1.001,0,0.25,0,0,0,1,0,0,0,0.9,-1.8,0,0.9,-1.8,0,0.9,-1.8,0,0.9,-1.8
18,0,0,0,1.011,0,0.25,0,0,0,1,0,0,0,0.9,-1.8,0,0.9,-1.8,0,0.9,-1.8,0,0.9,-1.8
19,0,0,0,1.011,0,0.25,0,0,0,1,0,0,0,0.9,-1.8,0.26,0.1,-0.25,-0.123,-0.1,-0.25,0,0.9,-1.8
19,0,0,0,1.021,0,0.25,0,0,0,1,0,0,0,0.9,-1.8,0.25,0.1,-0.25,-0.133,-0.1,-0.25,0,0.9,-1.8
19,0,0,0,1.031,0,0.25,0,0,0,1,0,0,0,0.9,-1.8,0.24,0.1,-0.25,-0.143,-0.1,-0.25,0,0.9,-1.8
19,0,0,0,1.041,0,0.25,0,0,0,1,0,0,0,0.9,-1.8,0.23,0.1,-0.25,-0.153,-0.1,-0.25,0,0.9,-1.8
19,0,0,0,1.051,0,0.25,0,0,0,1,0,0,0,0.9,-1.8,0.22,0.1,-0.25,-0.163,-0.1,-0.25,0,0.9,-1.8
19,0,0,0,1.061,0,0.25,0,0,0,1,0,0,0,0.9,-1.8,0.21,0.1,-0.25,-0.173,-0.1,-0.25,0,0.9,-1.8
19,0,0,0,1.071,0,0.25,0,0,0,1,0,0,0,0.9,-1.8,0.2,0.1,-0.25,-0.183,-0.1,-0.25,0,0.9,-1.8
19,0,0,0,1.081,0,0.25,0,0,0,1,0,0,0,0.9,-1.8,0.19,0.1,-0.25,-0.193,-0.1,-0.25,0,0.9,-1.8
19,0,0,0,1.091,0,0.25,0,0,0,1,0,0,0,0.9,-1.8,0.18,0.1,-0.25,-0.203,-0.1,-0.25,0,0.9,-1.8
19,0,0,0,1.101,0,0.25,0,0,0,1,0,0,0,0.9,-1.8,0.17,0.1,-0.25,-0.213,-0.1,-0.25,0,0.9,-1.8
19,0,0,0,1.111,0,0.25,0,0,0,1,0,0,0,0.9,-1.8,0.16,0.1,-0.25,-0.223,-0.1,-0.25,0,0.9,-1.8
19,0,0,0,1.121,0,0.25,0,0,0,1,0,0,0,0.9,-1.8,0.15,0.1,-0.25,-0.233,-0.1,-0.25,0,0.9,-1.8
19,0,0,0,1.131,0,0.25,0,0,0,1,0,0,0,0.9,-1.8,0.14,0.1,-0.25,-0.243,-0.1,-0.25,0,0.9,-1.8
19,0,0,0,1.141,0,0.25,0,0,0,1,0,0,0,0.9,-1.8,0.13,0.1,-0.25,-0.253,-0.1,-0.25,0,0.9,-1.8
19,0,0,0,1.151,0,0.25,0,0,0,1,0,0,0,0.9,-1.8,0.12,0.1,-0.25,-0.263,-0.1,-0.25,0,0.9,-1.8
19,0,0,0,1.161,0,0.25,0,0,0,1,0,0,0,0.9,-1.8,0.11,0.1,-0.25,-0.273,-0.1,-0.25,0,0.9,-1.8
19,0,0,0,1.171,0,0.25,0,0,0,1,0,0,0,0.9,-1.8,0.11,0.1,-0.25,-0.273,-0.1,-0.25,0,0.9,-1.8
20,0,0,0,1.171,0,0.25,0,0,0,1,0,0,0,0.9,-1.8,0,0.9,-1.8,0,0.9,-1.8,0,0.9,-1.8
20,0,0,0,1.181,0,0.25,0,0,0,1,0,0,0,0.9,-1.8,0,0.9,-1.8,0,0.9,-1.8,0,0.9,-1.8
20,0,0,0,1.191,0,0.25,0,0,0,1,0,0,0,0.9,-1.8,0,0.9,-1.8,0,0.9,-1.8,0,0.9,-1.8
20,0,0,0,1.201,0,0.25,0,0,0,1,0,0,0,0.9,-1.8,0,0.9,-1.8,0,0.9,-1.8,0,0.9,-1.8
20,0,0,0,1.211,0,0.25,0,0,0,1,0,0,0,0.9,-1.8,0,0.9,-1.8,0,0.9,-1.8,0,0.9,-1.8
21,0,0,0,1.211,0,0.25,0,0,0,1,0,0,0.26,-0.1,-0.25,0,0.9,-1.8,0,0.9,-1.8,-0.123,0.1,-0.25
21,0,0,0,1.221,0,0.25,0,0,0,1,0,0,0.25,-0.1,-0.25,0,0.9,-1.8,0,0.9,-1.8,-0.133,0.1,-0.25
21,0,0,0,1.231,0,0.25,0,0,0,1,0,0,0.24,-0.1,-0.25,0,0.9,-1.8,0,0.9,-1.8,-0.143,0.1,-0.25
21,0,0,0,1.241,0,0.25,0,0,0,1,0,0,0.23,-0.1,-0.25,0,0.9,-1.8,0,0.9,-1.8,-0.153,0.1,-0.25
21,0,0,0,1.251,0,0.25,0,0,0,1,0,0,0.22,-0.1,-0.25,0,0.9,-1.8,0,0.9,-1.8,-0.163,0.1,-0.25
21,0,0,0,1.261,0,0.25,0,0,0,1,0,0,0.21,-0.1,-0.25,0,0.9,-1.8,0,0.9,-1.8,-0.173,0.1,-0.25
21,0,0,0,1.271,0,0.25,0,0,0,1,0,0,0.2,-0.1,-0.25,0,0.9,-1.8,0,0.9,-1.8,-0.183,0.1,-0.25
21,0,0,0,1.281,0,0.25,0,0,0,1,0,0,0.19,-0.1,-0.25,0,0.9,-1.8,0,0.9,-1.8,-0.193,0.1,-0.25
21,0,0,0,1.291,0,0.25,0,0,0,1,0,0,0.18,-0.1,-0.25,0,0.9,-1.8,0,0.9,-1.8,-0.203,0.1,-0.25
21,0,0,0,1.301,0,0.25,0,0,0,1,0,0,0.17,-0.1,-0.25,0,0.9,-1.8,0,0.9,-1.8,-0.213,0.1,-0.25
21,0,0,0,1.311,0,0.25,0,0,0,1,0,0,0.16,-0.1,-0.25,0,0.9,-1.8,0,0.9,-1.8,-0.223,0.1,-0.25
21,0,0,0,1.321,0,0.25,0,0,0,1,0,0,0.15,-0.1,-0.25,0,0.9,-1.8,0,0.9,-1.8,-0.233,0.1,-0.25
21,0,0,0,1.331,0,0.25,0,0,0,1,0,0,0.14,-0.1,-0.25,0,0.9,-1.8,0,0.9,-1.8,-0.243,0.1,-0.25
21,0,0,0,1.341,0,0.25,0,0,0,1,0,0,0.13,-0.1,-0.25,0,0.9,-1.8,0,0.9,-1.8,-0.253,0.1,-0.25
21,0,0,0,1.351,0,0.25,0,0,0,1,0,0,0.12,-0.1,-0.25,0,0.9,-1.8,0,0.9,-1.8,-0.263,0.1,-0.25
21,0,0,0,1.361,0,0.25,0,0,0,1,0,0,0.12,-0.1,-0.25,0,0.9,-1.8,0,0.9,-1.8,-0.263,0.1,-0.25
22,0,0,0,1.361,0,0.25,0,0,0,1,0,0,0,0.9,-1.8,0,0.9,-1.8,0,0.9,-1.8,0,0.9,-1.8
22,0,0,0,1.371,0,0.25,0,0,0,1,0,0,0,0.9,-1.8,0,0.9,-1.8,0,0.9,-1.8,0,0.9,-1.8
22,0,0,0,1.381,0,0.25,0,0,0,1,0,0,0,0.9,-1.8,0,0.9,-1.8,0,0.9,-1.8,0,0.9,-1.8
22,0,0,0,1.391,0,0.25,0,0,0,1,0,0,0,0.9,-1.8,0,0.9,-1.8,0,0.9,-1.8,0,0.9,-1.8
22,0,0,0,1.401,0,0.25,0,0,0,1,0,0,0,0.9,-1.8,0,0.9,-1.8,0,0.9,-1.8,0,0.9,-1.8
23,0,0,0,1.401,0,0.25,0,0,0,1,0,0,0,0.9,-1.8,0.26,0.1,-0.25,-0.123,-0.1,-0.25,0,0.9,-1.8
23,0,0,0,1.411,0,0.25,0,0,0,1,0,0,0,0.9,-1.8,0.25,0.1,-0.25,-0.133,-0.1,-0.25,0,0.9,-1.8
23,0,0,0,1.421,0,0.25,0,0,0,1,0,0,0,0.9,-1.8,0.24,0.1,-0.25,-0.143,-0.1,-0.25,0,0.9,-1.8
23,0,0,0,1.431,0,0.25,0,0,0,1,0,0,0,0.9,-1.8,0.23,0.1,-0.25,-0.153,-0.1,-0.25,0,0.9,-1.8
23,0,0,0,1.441,0,0.25,0,0,0,1,0,0,0,0.9,-1.8,0.22,0.1,-0.25,-0.163,-0.1,-0.25,0,0.9,-1.8
23,0,0,0,1.451,0,0.25,0,0,0,1,0,0,0,0.9,-1.8,0.21,0.1,-0.25,-0.173,-0.1,-0.25,0,0.9,-1.8
23,0,0,0,1.461,0,0.25,0,0,0,1,0,0,0,0.9,-1.8,0.2,0.1,-0.25,-0.183,-0.1,-0.25,0,0.9,-1.8
23,0,0,0,1.471,0,0.25,0,0,0,1,0,0,0,0.9,-1.8,0.19,0.1,-0.25,-0.193,-0.1,-0.25,0,0.9,-1.8
23,0,0,0,1.481,0,0.25,0,0,0,1,0,0,0,0.9,-1.8,0.18,0.1,-0.25,-0.203,-0.1,-0.25,0,0.9,-1.8
23,0,0,0,1.491,0,0.25,0,0,0,1,0,0,0,0.9,-1.8,0.17,0.1,-0.25,-0.213,-0.1,-0.25,0,0.9,-1.8
23,0,0,0,1.501,0,0.25,0,0,0,1,0,0,0,0.9,-1.8,0.16,0.1,-0.25,-0.223,-0.1,-0.25,0,0.9,-1.8
23,0,0,0,1.511,0,0.25,0,0,0,1,0,0,0,0.9,-1.8,0.15,0.1,-0.25,-0.233,-0.1,-0.25,0,0.9,-1.8
23,0,0,0,1.521,0,0.25,0,0,0,1,0,0,0,0.9,-1.8,0.14,0.1,-0.25,-0.243,-0.1,-0.25,0,0.9,-1.8
23,0,0,0,1.531,0,0.25,0,0,0,1,0,0,0,0.9,-1.8,0.13,0.1,-0.25,-0.253,-0.1,-0.25,0,0.9,-1.8
23,0,0,0,1.541,0,0.25,0,0,0,1,0,0,0,0.9,-1.8,0.12,0.1,-0.25,-0.263,-0.1,-0.25,0,0.9,-1.8
23,0,0,0,1.551,0,0.25,0,0,0,1,0,0,0,0.9,-1.8,0.11,0.1,-0.25,-0.273,-0.1,-0.25,0,0.9,-1.8
23,0,0,0,1.561,0,0.25,0,0,0,1,0,0,0,0.9,-1.8,0.1,0.1,-0.25,-0.283,-0.1,-0.25,0,0.9,-1.8
23,0,0,0,1.571,0,0.25,0,0,0,1,0,0,0,0.9,-1.8,0.1,0.1,-0.25,-0.283,-0.1,-0.25,0,0.9,-1.8
24,0,0,0,1.571,0,0.25,0,0,0,1,0,0,0,0.9,-1.8,0,0.9,-1.8,0,0.9,-1.8,0,0.9,-1.8
24,0,0,0,1.581,0,0.25,0,0,0,1,0,0,0,0.9,-1.8,0,0.9,-1.8,0,0.9,-1.8,0,0.9,-1.8
24,0,0,0,1.591,0,0.25,0,0,0,1,0,0,0,0.9,-1.8,0,0.9,-1.8,0,0.9,-1.8,0,0.9,-1.8
24,0,0,0,1.601,0,0.25,0,0,0,1,0,0,0,0.9,-1.8,0,0.9,-1.8,0,0.9,-1.8,0,0.9,-1.8
24,0,0,0,1.611,0,0.26,0,0,0,1,0,0,0,0.9,-1.8,0,0.9,-1.8,0,0.9,-1.8,0,0.9,-1.8
24,0,0,0,1.621,0,0.26,0,0,0,1,0,0,0,0.9,-1.8,0,0.9,-1.8,0,0.9,-1.8,0,0.9,-1.8
24,0,0,0,1.631,0,0.26,0,0,0,1,0,0,0,0.9,-1.8,0,0.9,-1.8,0,0.9,-1.8,0,0.9,-1.8
24,0,0,0,1.641,0,0.26,0,0,0,1,0,0,0,0.9,-1.8,0,0.9,-1.8,0,0.9,-1.8,0,0.9,-1.8
24,0,0,0,1.651,0,0.26,0,0,0,1,0,0,0,0.9,-1.8,0,0.9,-1.8,0,0.9,-1.8,0,0.9,-1.8
24,0,0,0,1.661,0,0.26,0,0,0,1,0,0,0,0.9,-1.8,0,0.9,-1.8,0,0.9,-1.8,0,0.9,-1.8
24,0,0,0,1.671,0,0.26,0,0,0,1,0,0,0,0.9,-1.8,0,0.9,-1.8,0,0.9,-1.8,0,0.9,-1.8
24,0,0,0,1.681,0,0.26,0,0,0,1,0,0,0,0.9,-1.8,0,0.9,-1.8,0,0.9,-1.8,0,0.9,-1.8
24,0,0,0,1.691,0,0.26,0,0,0,1,0,0,0,0.9,-1.8,0,0.9,-1.8,0,0.9,-1.8,0,0.9,-1.8
24,0,0,0,1.701,0,0.26,0,0,0,1,0,0,0,0.9,-1.8,0,0.9,-1.8,0,0.9,-1.8,0,0.9,-1.8
24,0,0,0,1.711,0,0.2,0,0,0,0.4,0,0,0,0.9,-1.8,0,0.9,-1.8,0,0.9,-1.8,0,0.9,-1.8
25,0,0,0,1.711,0,0.2,0,0,0,0.4,0,0,0.18,-0.1,-0.2,0.18,0.1,-0.2,-0.203,-0.1,-0.2,-0.203,0.1,-0.2
25,0,0,0,1.715,0,0.2,0,0,0,0.4,0,0,0.176,-0.1,-0.2,0.176,0.1,-0.2,-0.207,-0.1,-0.2,-0.207,0.1,-0.2
25,0,0,0,1.719,0,0.2,0,0,0,0.4,0,0,0.172,-0.1,-0.2,0.172,0.1,-0.2,-0.211,-0.1,-0.2,-0.211,0.1,-0.2
25,0,0,0,1.723,0,0.2,0,0,0,0.4,0,0,0.168,-0.1,-0.2,0.168,0.1,-0.2,-0.215,-0.1,-0.2,-0.215,0.1,-0.2
25,0,0,0,1.727,0,0.2,0,0,0,0.4,0,0,0.164,-0.1,-0.2,0.164,0.1,-0.2,-0.219,-0.1,-0.2,-0.219,0.1,-0.2
25,0,0,0,1.731,0,0.2,0,0,0,0.4,0,0,0.16,-0.1,-0.2,0.16,0.1,-0.2,-0.223,-0.1,-0.2,-0.223,0.1,-0.2
25,0,0,0,1.735,0,0.2,0,0,0,0.4,0,0,0.156,-0.1,-0.2,0.156,0.1,-0.2,-0.227,-0.1,-0.2,-0.227,0.1,-0.2
25,0,0,0,1.739,0,0.2,0,0,0,0.4,0,0,0.152,-0.1,-0.2,0.152,0.1,-0.2,-0.231,-0.1,-0.2,-0.231,0.1,-0.2
25,0,0,0,1.743,0,0.2,0,0,0,0.4,0,0,0.148,-0.1,-0.2,0.148,0.1,-0.2,-0.235,-0.1,-0.2,-0.235,0.1,-0.2
25,0,0,0,1.747,0,0.2,0,0,0,0.4,0,0,0.144,-0.1,-0.2,0.144,0.1,-0.2,-0.239,-0.1,-0.2,-0.239,0.1,-0.2
25,0,0,0,1.751,0,0.2,0,0,0,0.4,0,0,0.14,-0.1,-0.2,0.14,0.1,-0.2,-0.243,-0.1,-0.2,-0.243,0.1,-0.2
25,0,0,0,1.755,0,0.2,0,0,0,0.4,0,0,0.136,-0.1,-0.2,0.136,0.1,-0.2,-0.247,-0.1,-0.2,-0.247,0.1,-0.2
25,0,0,0,1.759,0,0.2,0,0,0,0.4,0,0,0.132,-0.1,-0.2,0.132,0.1,-0.2,-0.251,-0.1,-0.2,-0.251,0.1,-0.2
25,0,0,0,1.763,0,0.2,0,0,0,0.4,0,0,0.128,-0.1,-0.2,0.128,0.1,-0.2,-0.255,-0.1,-0.2,-0.255,0.1,-0.2
25,0,0,0,1.767,0,0.2,0,0,0,0.4,0,0,0.124,-0.1,-0.2,0.124,0.1,-0.2,-0.259,-0.1,-0.2,-0.259,0.1,-0.2
25,0,0,0,1.771,0,0.2,0,0,0,0.4,0,0,0.12,-0.1,-0.2,0.12,0.1,-0.2,-0.263,-0.1,-0.2,-0.263,0.1,-0.2
25,0,0,0,1.775,0,0.2,0,0,0,0.4,0,0,0.116,-0.1,-0.2,0.116,0.1,-0.2,-0.267,-0.1,-0.2,-0.267,0.1,-0.2
25,0,0,0,1.779,0,0.2,0,0,0,0.4,0,0,0.112,-0.1,-0.2,0.112,0.1,-0.2,-0.271,-0.1,-0.2,-0.271,0.1,-0.2
25,0,0,0,1.783,0,0.2,0,0,0,0.4,0,0,0.108,-0.1,-0.2,0.108,0.1,-0.2,-0.275,-0.1,-0.2,-0.275,0.1,-0.2
25,0,0,0,1.787,0,0.2,0,0,0,0.4,0,0,0.104,-0.1,-0.2,0.104,0.1,-0.2,-0.279,-0.1,-0.2,-0.279,0.1,-0.2
25,0,0,0,1.791,0,0.2,0,0,0,0.4,0,0,0.1,-0.1,-0.2,0.1,0.1,-0.2,-0.283,-0.1,-0.2,-0.283,0.1,-0.2
25,0,0,0,1.795,0,0.2,0,0,0,0.4,0,0,0.0960000000000001,-0.1,-0.2,0.0960000000000001,0.1,-0.2,-0.287,-0.1,-0.2,-0.287,0.1,-0.2
25,0,0,0,1.799,0,0.2,0,0,0,0.4,0,0,0.0920000000000001,-0.1,-0.2,0.0920000000000001,0.1,-0.2,-0.291,-0.1,-0.2,-0.291,0.1,-0.2
25,0,0,0,1.803,0,0.2,0,0,0,0.4,0,0,0.0880000000000001,-0.1,-0.2,0.0880000000000001,0.1,-0.2,-0.295,-0.1,-0.2,-0.295,0.1,-0.2
25,0,0,0,1.807,0,0.2,0,0,0,0.4,0,0,0.0840000000000001,-0.1,-0.2,0.0840000000000001,0.1,-0.2,-0.299,-0.1,-0.2,-0.299,0.1,-0.2
25,0,0,0,1.811,0,0.2,0,0,0,0.4,0,0,0.0800000000000001,-0.1,-0.2,0.0800000000000001,0.1,-0.2,-0.303,-0.1,-0.2,-0.303,0.1,-0.2
25,0,0,0,1.815,0,0.36,0,0,0,2.4,0,0,0.0800000000000001,-0.1,-0.2,0.0800000000000001,0.1,-0.2,-0.303,-0.1,-0.2,-0.303,0.1,-0.2
26,0,0,0,1.815,0,0.36,0,0,0,2.4,0,0,0,0.9,-1.8,0,0.9,-1.8,0,0.9,-1.8,0,0.9,-1.8
26,0,0,0,1.839,0,0.36,0,0,0,2.4,0,0,0,0.9,-1.8,0,0.9,-1.8,0,0.9,-1.8,0,0.9,-1.8
26,0,0,0,1.863,0,0.36,0,0,0,2.4,0,0,0,0.9,-1.8,0,0.9,-1.8,0,0.9,-1.8,0,0.9,-1.8
26,0,0,0,1.887,0,0.36,0,0,0,2.4,0,0,0,0.9,-1.8,0,0.9,-1.8,0,0.9,-1.8,0,0.9,-1.8
26,0,0,0,1.911,0,0.36,0,0,0,2.4,0,0,0,0.9,-1.8,0,0.9,-1.8,0,0.9,-1.8,0,0.9,-1.8
26,0,0,0,1.935,0,0.36,0,0,0,2.4,0,0,0,0.9,-1.8,0,0.9,-1.8,0,0.9,-1.8,0,0.9,-1.8
26,0,0,0,1.959,0,0.36,0,0,0,2.4,0,0,0,0.9,-1.8,0,0.9,-1.8,0,0.9,-1.8,0,0.9,-1.8
26,0,0,0,1.983,0,0.36,0,0,0,2.4,0,0,0,0.9,-1.8,0,0.9,-1.8,0,0.9,-1.8,0,0.9,-1.8
26,0,0,0,2.007,0,0.36,0,0,0,2.4,0,0,0,0.9,-1.8,0,0.9,-1.8,0,0.9,-1.8,0,0.9,-1.8
26,0,0,0,2.031,0,0.36,0,0,0,2.4,0,0,0,0.9,-1.8,0,0.9,-1.8,0,0.9,-1.8,0,0.9,-1.8
26,0,0,0,2.055,0,0.36,0,0,0,2.4,0,0,0,0.9,-1.8,0,0.9,-1.8,0,0.9,-1.8,0,0.9,-1.8
26,0,0,0,2.079,0,0.36,0,0,0,2.4,0,0,0,0.9,-1.8,0,0.9,-1.8,0,0.9,-1.8,0,0.9,-1.8
26,0,0,0,2.103,0,0.36,0,0,0,2.4,0,0,0,0.9,-1.8,0,0.9,-1.8,0,0.9,-1.8,0,0.9,-1.8
26,0,0,0,2.127,0,0.36,0,0,0,2.4,0,0,0,0.9,-1.8,0,0.9,-1.8,0,0.9,-1.8,0,0.9,-1.8
26,0,0,0,2.151,0,0.36,0,0,0,2.4,0,0,0,0.9,-1.8,0,0.9,-1.8,0,0.9,-1.8,0,0.9,-1.8
26,0,0,0,2.175,0,0.36,0,0,0,2.4,0,0,0,0.9,-1.8,0,0.9,-1.8,0,0.9,-1.8,0,0.9,-1.8
26,0,0,0,2.199,0,0.36,0,0,0,2.4,0,0,0,0.9,-1.8,0,0.9,-1.8,0,0.9,-1.8,0,0.9,-1.8
26,0,0,0,2.223,0,0.36,0,0,0,2.4,0,0,0,0.9,-1.8,0,0.9,-1.8,0,0.9,-1.8,0,0.9,-1.8
26,0,0,0,2.247,0,0.36,0,0,0,2.4,0,0,0,0.9,-1.8,0,0.9,-1.8,0,0.9,-1.8,0,0.9,-1.8
26,0,0,0,2.271,0,0.36,0,0,0,2.4,0,0,0,0.9,-1.8,0,0.9,-1.8,0,0.9,-1.8,0,0.9,-1.8
26,0,0,0,2.295,0,0.36,0,0,0,2.4,0,0,0,0.9,-1.8,0,0.9,-1.8,0,0.9,-1.8,0,0.9,-1.8
26,0,0,0,2.319,0,0.36,0,0,0,2.4,0,0,0,0.9,-1.8,0,0.9,-1.8,0,0.9,-1.8,0,0.9,-1.8
26,0,0,0,2.343,0,0.36,0,0,0,2.4,0,0,0,0.9,-1.8,0,0.9,-1.8,0,0.9,-1.8,0,0.9,-1.8
26,0,0,0,2.367,0,0.36,0,0,0,2.4,0,0,0,0.9,-1.8,0,0.9,-1.8,0,0.9,-1.8,0,0.9,-1.8
26,0,0,0,2.391,0,0.36,0,0,0,2.4,0,0,0,0.9,-1.8,0,0.9,-1.8,0,0.9,-1.8,0,0.9,-1.8
26,0,0,0,2.415,0,0.36,0,0,0,2.4,0,0,0,0.9,-1.8,0,0.9,-1.8,0,0.9,-1.8,0,0.9,-1.8
26,0,0,0,2.439,0,0.36,0,0,0,2.4,0,0,0,0.9,-1.8,0,0.9,-1.8,0,0.9,-1.8,0,0.9,-1.8
26,0,0,0,2.463,0,0.36,0,0,0,2.4,0,0,0,0.9,-1.8,0,0.9,-1.8,0,0.9,-1.8,0,0.9,-1.8
26,0,0,0,2.487,0,0.36,0,0,0,2.4,0,0,0,0.9,-1.8,0,0.9,-1.8,0,0.9,-1.8,0,0.9,-1.8
26,0,0,0,2.511,0,0.36,0,0,0,2.4,0,0,0,0.9,-1.8,0,0.9,-1.8,0,0.9,-1.8,0,0.9,-1.8
26,0,0,0,2.535,0,0.36,0,0,0,2.4,0,0,0,0.9,-1.8,0,0.9,-1.8,0,0.9,-1.8,0,0.9,-1.8
26,0,0,0,2.559,0,0.36,0,0,0,2.4,0,0,0,0.9,-1.8,0,0.9,-1.8,0,0.9,-1.8,0,0.9,-1.8
26,0,0,0,2.583,0,0.36,0,0,0,2.4,0,0,0,0.9,-1.8,0,0.9,-1.8,0,0.9,-1.8,0,0.9,-1.8
26,0,0,0,2.607,0,0.36,0,0,0,2.4,0,0,0,0.9,-1.8,0,0.9,-1.8,0,0.9,-1.8,0,0.9,-1.8
26,0,0,0,2.631,0,0.36,0,0,0,2.4,0,0,0,0.9,-1.8,0,0.9,-1.8,0,0.9,-1.8,0,0.9,-1.8
26,0,0,0,2.655,0,0.36,0,0,0,2.4,0,0,0,0.9,-1.8,0,0.9,-1.8,0,0.9,-1.8,0,0.9,-1.8
26,0,0,0,2.679,0,0.36,0,0,0,2.4,0,0,0,0.9,-1.8,0,0.9,-1.8,0,0.9,-1.8,0,0.9,-1.8
26,0,0,0,2.703,0,0.36,0,0,0,2.4,0,0,0,0.9,-1.8,0,0.9,-1.8,0,0.9,-1.8,0,0.9,-1.8
26,0,0,0,2.727,0,0.36,0,0,0,2.4,0,0,0,0.9,-1.8,0,0.9,-1.8,0,0.9,-1.8,0,0.9,-1.8
26,0,0,0,2.751,0,0.36,0,0,0,2.4,0,0,0,0.9,-1.8,0,0.9,-1.8,0,0.9,-1.8,0,0.9,-1.8
26,0,0,0,2.775,0,0.36,0,0,0,2.4,0,0,0,0.9,-1.8,0,0.9,-1.8,0,0.9,-1.8,0,0.9,-1.8
26,0,0,0,2.799,0,0.36,0,0,0,2.4,0,0,0,0.9,-1.8,0,0.9,-1.8,0,0.9,-1.8,0,0.9,-1.8
26,0,0,0,2.823,0,0.29,0,0,0,0.7,0,0,0,0.9,-1.8,0,0.9,-1.8,0,0.9,-1.8,0,0.9,-1.8
27,0,0,0,2.823,0,0.29,0,0,0,0.7,0,0,0.152,-0.1,-0.29,0.152,0.1,-0.29,-0.231,-0.1,-0.29,-0.231,0.1,-0.29
27,0,0,0,2.83,0,0.29,0,0,0,0.7,0,0,0.145,-0.1,-0.29,0.145,0.1,-0.29,-0.238,-0.1,-0.29,-0.238,0.1,-0.29
27,0,0,0,2.837,0,0.29,0,0,0,0.7,0,0,0.138,-0.1,-0.29,0.138,0.1,-0.29,-0.245,-0.1,-0.29,-0.245,0.1,-0.29
27,0,0,0,2.844,0,0.29,0,0,0,0.7,0,0,0.131,-0.1,-0.29,0.131,0.1,-0.29,-0.252,-0.1,-0.29,-0.252,0.1,-0.29
27,0,0,0,2.851,0,0.29,0,0,0,0.7,0,0,0.124,-0.1,-0.29,0.124,0.1,-0.29,-0.259,-0.1,-0.29,-0.259,0.1,-0.29
27,0,0,0,2.858,0,0.29,0,0,0,0.7,0,0,0.117,-0.1,-0.29,0.117,0.1,-0.29,-0.266,-0.1,-0.29,-0.266,0.1,-0.29
27,0,0,0,2.865,0,0.29,0,0,0,0.7,0,0,0.11,-0.1,-0.29,0.11,0.1,-0.29,-0.273,-0.1,-0.29,-0.273,0.1,-0.29
27,0,0,0,2.872,0,0.29,0,0,0,0.7,0,0,0.103,-0.1,-0.29,0.103,0.1,-0.29,-0.28,-0.1,-0.29,-0.28,0.1,-0.29
27,0,0,0,2.879,0,0.29,0,0,0,0.7,0,0,0.0960000000000001,-0.1,-0.29,0.0960000000000001,0.1,-0.29,-0.287,-0.1,-0.29,-0.287,0.1,-0.29
27,0,0,0,2.886,0,0.29,0,0,0,0.7,0,0,0.089,-0.1,-0.29,0.089,0.1,-0.29,-0.294,-0.1,-0.29,-0.294,0.1,-0.29
27,0,0,0,2.893,0,0.29,0,0,0,0.7,0,0,0.0820000000000003,-0.1,-0.29,0.0820000000000003,0.1,-0.29,-0.301,-0.1,-0.29,-0.301,0.1,-0.29
27,0,0,0,2.9,0,0.29,0,0,0,0.7,0,0,0.0750000000000002,-0.1,-0.29,0.0750000000000002,0.1,-0.29,-0.308,-0.1,-0.29,-0.308,0.1,-0.29
27,0,0,0,2.907,0,0.29,0,0,0,0.7,0,0,0.0680000000000001,-0.1,-0.29,0.0680000000000001,0.1,-0.29,-0.315,-0.1,-0.29,-0.315,0.1,-0.29
27,0,0,0,2.914,0,0.29,0,0,0,0.7,0,0,0.0609999999999999,-0.1,-0.29,0.0609999999999999,0.1,-0.29,-0.322,-0.1,-0.29,-0.322,0.1,-0.29
27,0,0,0,2.921,0,0.29,0,0,0,0.7,0,0,0.0540000000000003,-0.1,-0.29,0.0540000000000003,0.1,-0.29,-0.329,-0.1,-0.29,-0.329,0.1,-0.29
27,0,0,0,2.928,0,0.25,0,0,0,0.6,0,0,0.0540000000000003,-0.1,-0.29,0.0540000000000003,0.1,-0.29,-0.329,-0.1,-0.29,-0.329,0.1,-0.29
28,0,0,0,2.928,0,0.25,0,0,0,0.6,0,0,0.0470000000000002,-0.1,-0.25,0,0.9,-1.8,0,0.9,-1.8,-0.336,0.1,-0.25
28,0,0,0,2.934,0,0.25,0,0,0,0.6,0,0,0.0409999999999999,-0.1,-0.25,0,0.9,-1.8,0,0.9,-1.8,-0.342,0.1,-0.25
28,0,0,0,2.94,0,0.25,0,0,0,0.6,0,0,0.0350000000000001,-0.1,-0.25,0,0.9,-1.8,0,0.9,-1.8,-0.348,0.1,-0.25
28,0,0,0,2.946,0,0.25,0,0,0,0.6,0,0,0.0289999999999999,-0.1,-0.25,0,0.9,-1.8,0,0.9,-1.8,-0.354,0.1,-0.25
28,0,0,0,2.952,0,0.25,0,0,0,0.6,0,0,0.0230000000000001,-0.1,-0.25,0,0.9,-1.8,0,0.9,-1.8,-0.36,0.1,-0.25
28,0,0,0,2.958,0,0.25,0,0,0,0.6,0,0,0.0169999999999999,-0.1,-0.25,0,0.9,-1.8,0,0.9,-1.8,-0.366,0.1,-0.25
28,0,0,0,2.964,0,0.25,0,0,0,0.6,0,0,0.0110000000000001,-0.1,-0.25,0,0.9,-1.8,0,0.9,-1.8,-0.372,0.1,-0.25
28,0,0,0,2.97,0,0.25,0,0,0,0.6,0,0,0.00499999999999989,-0.1,-0.25,0,0.9,-1.8,0,0.9,-1.8,-0.378,0.1,-0.25
28,0,0,0,2.976,0,0.25,0,0,0,0.6,0,0,-0.00099999999999989,-0.1,-0.25,0,0.9,-1.8,0,0.9,-1.8,-0.384,0.1,-0.25
28,0,0,0,2.982,0,0.25,0,0,0,0.6,0,0,-0.00700000000000012,-0.1,-0.25,0,0.9,-1.8,0,0.9,-1.8,-0.39,0.1,-0.25
28,0,0,0,2.988,0,0.25,0,0,0,0.6,0,0,-0.0129999999999999,-0.1,-0.25,0,0.9,-1.8,0,0.9,-1.8,-0.396,0.1,-0.25
28,0,0,0,2.994,0,0.25,0,0,0,0.6,0,0,-0.0190000000000001,-0.1,-0.25,0,0.9,-1.8,0,0.9,-1.8,-0.402,0.1,-0.25
28,0,0,0,3,0,0.25,0,0,0,0.6,0,0,-0.0249999999999999,-0.1,-0.25,0,0.9,-1.8,0,0.9,-1.8,-0.408,0.1,-0.25
28,0,0,0,3.006,0,0.25,0,0,0,0.6,0,0,-0.0309999999999997,-0.1,-0.25,0,0.9,-1.8,0,0.9,-1.8,-0.414,0.1,-0.25
28,0,0,0,3.012,0,0.25,0,0,0,0.6,0,0,-0.0369999999999999,-0.1,-0.25,0,0.9,-1.8,0,0.9,-1.8,-0.42,0.1,-0.25
28,0,0,0,3.018,0,0.25,0,0,0,0.6,0,0,-0.0429999999999997,-0.1,-0.25,0,0.9,-1.8,0,0.9,-1.8,-0.426,0.1,-0.25
28,0,0,0,3.024,0,0.25,0,0,0,0.6,0,0,-0.0429999999999997,-0.1,-0.25,0,0.9,-1.8,0,0.9,-1.8,-0.426,0.1,-0.25
29,0,0,0,3.024,0,0.25,0,0,0,0.6,0,0,0,0.9,-1.8,0,0.9,-1.8,0,0.9,-1.8,0,0.9,-1.8
29,0,0,0,3.03,0,0.25,0,0,0,0.6,0,0,0,0.9,-1.8,0,0.9,-1.8,0,0.9,-1.8,0,0.9,-1.8
29,0,0,0,3.036,0,0.25,0,0,0,0.6,0,0,0,0.9,-1.8,0,0.9,-1.8,0,0.9,-1.8,0,0.9,-1.8
29,0,0,0,3.042,0,0.25,0,0,0,0.6,0,0,0,0.9,-1.8,0,0.9,-1.8,0,0.9,-1.8,0,0.9,-1.8
29,0,0,0,3.048,0,0.25,0,0,0,0.6,0,0,0,0.9,-1.8,0,0.9,-1.8,0,0.9,-1.8,0,0.9,-1.8
30,0,0,0,3.048,0,0.25,0,0,0,0.6,0,0,0,0.9,-1.8,0.236,0.1,-0.25,-0.147,-0.1,-0.25,0,0.9,-1.8
30,0,0,0,3.054,0,0.25,0,0,0,0.6,0,0,0,0.9,-1.8,0.23,0.1,-0.25,-0.153,-0.1,-0.25,0,0.9,-1.8
30,0,0,0,3.06,0,0.25,0,0,0,0.6,0,0,0,0.9,-1.8,0.224,0.1,-0.25,-0.159,-0.1,-0.25,0,0.9,-1.8
30,0,0,0,3.066,0,0.25,0,0,0,0.6,0,0,0,0.9,-1.8,0.218,0.1,-0.25,-0.165,-0.1,-0.25,0,0.9,-1.8
30,0,0,0,3.072,0,0.25,0,0,0,0.6,0,0,0,0.9,-1.8,0.212,0.1,-0.25,-0.171,-0.1,-0.25,0,0.9,-1.8
30,0,0,0,3.078,0,0.25,0,0,0,0.6,0,0,0,0.9,-1.8,0.206,0.1,-0.25,-0.177,-0.1,-0.25,0,0.9,-1.8
30,0,0,0,3.084,0,0.25,0,0,0,0.6,0,0,0,0.9,-1.8,0.2,0.1,-0.25,-0.183,-0.1,-0.25,0,0.9,-1.8
30,0,0,0,3.09,0,0.25,0,0,0,0.6,0,0,0,0.9,-1.8,0.194,0.1,-0.25,-0.189,-0.1,-0.25,0,0.9,-1.8
30,0,0,0,3.096,0,0.25,0,0,0,0.6,0,0,0,0.9,-1.8,0.188,0.1,-0.25,-0.195,-0.1,-0.25,0,0.9,-1.8
30,0,0,0,3.102,0,0.25,0,0,0,0.6,0,0,0,0.9,-1.8,0.182,0.1,-0.25,-0.201,-0.1,-0.25,0,0.9,-1.8
30,0,0,0,3.108,0,0.25,0,0,0,0.6,0,0,0,0.9,-1.8,0.176,0.1,-0.25,-0.207,-0.1,-0.25,0,0.9,-1.8
30,0,0,0,3.114,0,0.25,0,0,0,0.6,0,0,0,0.9,-1.8,0.17,0.1,-0.25,-0.213,-0.1,-0.25,0,0.9,-1.8
30,0,0,0,3.12,0,0.25,0,0,0,0.6,0,0,0,0.9,-1.8,0.164,0.1,-0.25,-0.219,-0.1,-0.25,0,0.9,-1.8
30,0,0,0,3.126,0,0.25,0,0,0,0.6,0,0,0,0.9,-1.8,0.158,0.1,-0.25,-0.225,-0.1,-0.25,0,0.9,-1.8
30,0,0,0,3.132,0,0.25,0,0,0,0.6,0,0,0,0.9,-1.8,0.152,0.1,-0.25,-0.231,-0.1,-0.25,0,0.9,-1.8
30,0,0,0,3.138,0,0.25,0,0,0,0.6,0,0,0,0.9,-1.8,0.146,0.1,-0.25,-0.237,-0.1,-0.25,0,0.9,-1.8
30,0,0,0,3.144,0,0.25,0,0,0,0.6,0,0,0,0.9,-1.8,0.146,0.1,-0.25,-0.237,-0.1,-0.25,0,0.9,-1.8
31,0,0,0,3.144,0,0.25,0,0,0,0.6,0,0,0,0.9,-1.8,0,0.9,-1.8,0,0.9,-1.8,0,0.9,-1.8
31,0,0,0,3.15,0,0.25,0,0,0,0.6,0,0,0,0.9,-1.8,0,0.9,-1.8,0,0.9,-1.8,0,0.9,-1.8
31,0,0,0,3.156,0,0.25,0,0,0,0.6,0,0,0,0.9,-1.8,0,0.9,-1.8,0,0.9,-1.8,0,0.9,-1.8
31,0,0,0,3.162,0,0.25,0,0,0,0.6,0,0,0,0.9,-1.8,0,0.9,-1.8,0,0.9,-1.8,0,0.9,-1.8
31,0,0,0,3.168,0,0.25,0,0,0,0.6,0,0,0,0.9,-1.8,0,0.9,-1.8,0,0.9,-1.8,0,0.9,-1.8
32,0,0,0,3.168,0,0.25,0,0,0,0.6,0,0,0.236,-0.1,-0.25,0,0.9,-1.8,0,0.9,-1.8,-0.147,0.1,-0.25
32,0,0,0,3.174,0,0.25,0,0,0,0.6,0,0,0.23,-0.1,-0.25,0,0.9,-1.8,0,0.9,-1.8,-0.153,0.1,-0.25
32,0,0,0,3.18,0,0.25,0,0,0,0.6,0,0,0.224,-0.1,-0.25,0,0.9,-1.8,0,0.9,-1.8,-0.159,0.1,-0.25
32,0,0,0,3.186,0,0.25,0,0,0,0.6,0,0,0.218,-0.1,-0.25,0,0.9,-1.8,0,0.9,-1.8,-0.165,0.1,-0.25
32,0,0,0,3.192,0,0.25,0,0,0,0.6,0,0,0.212,-0.1,-0.25,0,0.9,-1.8,0,0.9,-1.8,-0.171,0.1,-0.25
32,0,0,0,3.198,0,0.25,0,0,0,0.6,0,0,0.206,-0.1,-0.25,0,0.9,-1.8,0,0.9,-1.8,-0.177,0.1,-0.25
32,0,0,0,3.204,0,0.25,0,0,0,0.6,0,0,0.2,-0.1,-0.25,0,0.9,-1.8,0,0.9,-1.8,-0.183,0.1,-0.25
32,0,0,0,3.21,0,0.25,0,0,0,0.6,0,0,0.194,-0.1,-0.25,0,0.9,-1.8,0,0.9,-1.8,-0.189,0.1,-0.25
32,0,0,0,3.216,0,0.25,0,0,0,0.6,0,0,0.188,-0.1,-0.25,0,0.9,-1.8,0,0.9,-1.8,-0.195,0.1,-0.25
32,0,0,0,3.222,0,0.25,0,0,0,0.6,0,0,0.182,-0.1,-0.25,0,0.9,-1.8,0,0.9,-1.8,-0.201,0.1,-0.25
32,0,0,0,3.228,0,0.25,0,0,0,0.6,0,0,0.176,-0.1,-0.25,0,0.9,-1.8,0,0.9,-1.8,-0.207,0.1,-0.25
32,0,0,0,3.234,0,0.25,0,0,0,0.6,0,0,0.17,-0.1,-0.25,0,0.9,-1.8,0,0.9,-1.8,-0.213,0.1,-0.25
32,0,0,0,3.24,0,0.25,0,0,0,0.6,0,0,0.164,-0.1,-0.25,0,0.9,-1.8,0,0.9,-1.8,-0.219,0.1,-0.25
32,0,0,0,3.246,0,0.25,0,0,0,0.6,0,0,0.158,-0.1,-0.25,0,0.9,-1.8,0,0.9,-1.8,-0.225,0.1,-0.25
32,0,0,0,3.252,0,0.25,0,0,0,0.6,0,0,0.152,-0.1,-0.25,0,0.9,-1.8,0,0.9,-1.8,-0.231,0.1,-0.25
32,0,0,0,3.258,0,0.25,0,0,0,0.6,0,0,0.152,-0.1,-0.25,0,0.9,-1.8,0,0.9,-1.8,-0.231,0.1,-0.25
33,0,0,0,3.258,0,0.25,0,0,0,0.6,0,0,0,0.9,-1.8,0,0.9,-1.8,0,0.9,-1.8,0,0.9,-1.8
33,0,0,0,3.264,0,0.25,0,0,0,0.6,0,0,0,0.9,-1.8,0,0.9,-1.8,0,0.9,-1.8,0,0.9,-1.8
33,0,0,0,3.27,0,0.25,0,0,0,0.6,0,0,0,0.9,-1.8,0,0.9,-1.8,0,0.9,-1.8,0,0.9,-1.8
33,0,0,0,3.276,0,0.25,0,0,0,0.6,0,0,0,0.9,-1.8,0,0.9,-1.8,0,0.9,-1.8,0,0.9,-1.8
33,0,0,0,3.282,0,0.25,0,0,0,0.6,0,0,0,0.9,-1.8,0,0.9,-1.8,0,0.9,-1.8,0,0.9,-1.8
34,0,0,0,3.282,0,0.25,0,0,0,0.6,0,0,0,0.9,-1.8,0.236,0.1,-0.25,-0.147,-0.1,-0.25,0,0.9,-1.8
34,0,0,0,3.288,0,0.25,0,0,0,0.6,0,0,0,0.9,-1.8,0.23,0.1,-0.25,-0.153,-0.1,-0.25,0,0.9,-1.8
34,0,0,0,3.294,0,0.25,0,0,0,0.6,0,0,0,0.9,-1.8,0.224,0.1,-0.25,-0.159,-0.1,-0.25,0,0.9,-1.8
34,0,0,0,3.3,0,0.25,0,0,0,0.6,0,0,0,0.9,-1.8,0.218,0.1,-0.25,-0.165,-0.1,-0.25,0,0.9,-1.8
34,0,0,0,3.306,0,0.25,0,0,0,0.6,0,0,0,0.9,-1.8,0.212,0.1,-0.25,-0.171,-0.1,-0.25,0,0.9,-1.8
34,0,0,0,3.312,0,0.25,0,0,0,0.6,0,0,0,0.9,-1.8,0.206,0.1,-0.25,-0.177,-0.1,-0.25,0,0.9,-1.8
34,0,0,0,3.318,0,0.25,0,0,0,0.6,0,0,0,0.9,-1.8,0.2,0.1,-0.25,-0.183,-0.1,-0.25,0,0.9,-1.8
34,0,0,0,3.324,0,0.25,0,0,0,0.6,0,0,0,0.9,-1.8,0.194,0.1,-0.25,-0.189,-0.1,-0.25,0,0.9,-1.8
34,0,0,0,3.33,0,0.25,0,0,0,0.6,0,0,0,0.9,-1.8,0.188,0.1,-0.25,-0.195,-0.1,-0.25,0,0.9,-1.8
34,0,0,0,3.336,0,0.25,0,0,0,0.6,0,0,0,0.9,-1.8,0.182,0.1,-0.25,-0.201,-0.1,-0.25,0,0.9,-1.8
34,0,0,0,3.342,0,0.25,0,0,0,0.6,0,0,0,0.9,-1.8,0.176,0.1,-0.25,-0.207,-0.1,-0.25,0,0.9,-1.8
34,0,0,0,3.348,0,0.25,0,0,0,0.6,0,0,0,0.9,-1.8,0.17,0.1,-0.25,-0.213,-0.1,-0.25,0,0.9,-1.8
34,0,0,0,3.354,0,0.25,0,0,0,0.6,0,0,0,0.9,-1.8,0.164,0.1,-0.25,-0.219,-0.1,-0.25,0,0.9,-1.8
34,0,0,0,3.36,0,0.25,0,0,0,0.6,0,0,0,0.9,-1.8,0.158,0.1,-0.25,-0.225,-0.1,-0.25,0,0.9,-1.8
34,0,0,0,3.366,0,0.25,0,0,0,0.6,0,0,0,0.9,-1.8,0.152,0.1,-0.25,-0.231,-0.1,-0.25,0,0.9,-1.8
34,0,0,0,3.372,0,0.25,0,0,0,0.6,0,0,0,0.9,-1.8,0.146,0.1,-0.25,-0.237,-0.1,-0.25,0,0.9,-1.8
34,0,0,0,3.378,0,0.25,0,0,0,0.6,0,0,0,0.9,-1.8,0.146,0.1,-0.25,-0.237,-0.1,-0.25,0,0.9,-1.8
35,0,0,0,3.378,0,0.25,0,0,0,0.6,0,0,0,0.9,-1.8,0,0.9,-1.8,0,0.9,-1.8,0,0.9,-1.8
35,0,0,0,3.384,0,0.25,0,0,0,0.6,0,0,0,0.9,-1.8,0,0.9,-1.8,0,0.9,-1.8,0,0.9,-1.8
35,0,0,0,3.39,0,0.25,0,0,0,0.6,0,0,0,0.9,-1.8,0,0.9,-1.8,0,0.9,-1.8,0,0.9,-1.8
35,0,0,0,3.396,0,0.25,0,0,0,0.6,0,0,0,0.9,-1.8,0,0.9,-1.8,0,0.9,-1.8,0,0.9,-1.8
35,0,0,0,3.402,0,0.25,0,0,0,0.6,0,0,0,0.9,-1.8,0,0.9,-1.8,0,0.9,-1.8,0,0.9,-1.8
36,0,0,0,3.402,0,0.25,0,0,0,0.6,0,0,0.236,-0.1,-0.25,0,0.9,-1.8,0,0.9,-1.8,-0.147,0.1,-0.25
36,0,0,0,3.408,0,0.25,0,0,0,0.6,0,0,0.23,-0.1,-0.25,0,0.9,-1.8,0,0.9,-1.8,-0.153,0.1,-0.25
36,0,0,0,3.414,0,0.25,0,0,0,0.6,0,0,0.224,-0.1,-0.25,0,0.9,-1.8,0,0.9,-1.8,-0.159,0.1,-0.25
36,0,0,0,3.42,0,0.25,0,0,0,0.6,0,0,0.218,-0.1,-0.25,0,0.9,-1.8,0,0.9,-1.8,-0.165,0.1,-0.25
36,0,0,0,3.426,0,0.25,0,0,0,0.6,0,0,0.212,-0.1,-0.25,0,0.9,-1.8,0,0.9,-1.8,-0.171,0.1,-0.25
36,0,0,0,3.432,0,0.25,0,0,0,0.6,0,0,0.206,-0.1,-0.25,0,0.9,-1.8,0,0.9,-1.8,-0.177,0.1,-0.25
36,0,0,0,3.438,0,0.25,0,0,0,0.6,0,0,0.2,-0.1,-0.25,0,0.9,-1.8,0,0.9,-1.8,-0.183,0.1,-0.25
36,0,0,0,3.444,0,0.25,0,0,0,0.6,0,0,0.194,-0.1,-0.25,0,0.9,-1.8,0,0.9,-1.8,-0.189,0.1,-0.25
36,0,0,0,3.45,0,0.25,0,0,0,0.6,0,0,0.188,-0.1,-0.25,0,0.9,-1.8,0,0.9,-1.8,-0.195,0.1,-0.25
36,0,0,0,3.456,0,0.25,0,0,0,0.6,0,0,0.182,-0.1,-0.25,0,0.9,-1.8,0,0.9,-1.8,-0.201,0.1,-0.25
36,0,0,0,3.462,0,0.25,0,0,0,0.6,0,0,0.176,-0.1,-0.25,0,0.9,-1.8,0,0.9,-1.8,-0.207,0.1,-0.25
36,0,0,0,3.468,0,0.25,0,0,0,0.6,0,0,0.17,-0.1,-0.25,0,0.9,-1.8,0,0.9,-1.8,-0.213,0.1,-0.25
36,0,0,0,3.474,0,0.25,0,0,0,0.6,0,0,0.164,-0.1,-0.25,0,0.9,-1.8,0,0.9,-1.8,-0.219,0.1,-0.25
36,0,0,0,3.48,0,0.25,0,0,0,0.6,0,0,0.158,-0.1,-0.25,0,0.9,-1.8,0,0.9,-1.8,-0.225,0.1,-0.25
36,0,0,0,3.486,0,0.25,0,0,0,0.6,0,0,0.152,-0.1,-0.25,0,0.9,-1.8,0,0.9,-1.8,-0.231,0.1,-0.25
36,0,0,0,3.492,0,0.25,0,0,0,0.6,0,0,0.146,-0.1,-0.25,0,0.9,-1.8,0,0.9,-1.8,-0.237,0.1,-0.25
36,0,0,0,3.498,0,0.25,0,0,0,0.6,0,0,0.14,-0.1,-0.25,0,0.9,-1.8,0,0.9,-1.8,-0.243,0.1,-0.25
36,0,0,0,3.504,0,0.25,0,0,0,0.6,0,0,0.14,-0.1,-0.25,0,0.9,-1.8,0,0.9,-1.8,-0.243,0.1,-0.25
37,0,0,0,3.504,0,0.25,0,0,0,0.6,0,0,0,0.9,-1.8,0,0.9,-1.8,0,0.9,-1.8,0,0.9,-1.8
37,0,0,0,3.51,0,0.25,0,0,0,0.6,0,0,0,0.9,-1.8,0,0.9,-1.8,0,0.9,-1.8,0,0.9,-1.8
37,0,0,0,3.516,0,0.25,0,0,0,0.6,0,0,0,0.9,-1.8,0,0.9,-1.8,0,0.9,-1.8,0,0.9,-1.8
37,0,0,0,3.522,0,0.25,0,0,0,0.6,0,0,0,0.9,-1.8,0,0.9,-1.8,0,0.9,-1.8,0,0.9,-1.8
37,0,0,0,3.528,0,0.25,0,0,0,0.6,0,0,0,0.9,-1.8,0,0.9,-1.8,0,0.9,-1.8,0,0.9,-1.8
38,0,0,0,3.528,0,0.25,0,0,0,0.6,0,0,0,0.9,-1.8,0.236,0.1,-0.25,-0.147,-0.1,-0.25,0,0.9,-1.8
38,0,0,0,3.534,0,0.25,0,0,0,0.6,0,0,0,0.9,-1.8,0.23,0.1,-0.25,-0.153,-0.1,-0.25,0,0.9,-1.8
38,0,0,0,3.54,0,0.25,0,0,0,0.6,0,0,0,0.9,-1.8,0.224,0.1,-0.25,-0.159,-0.1,-0.25,0,0.9,-1.8
38,0,0,0,3.546,0,0.25,0,0,0,0.6,0,0,0,0.9,-1.8,0.218,0.1,-0.25,-0.165,-0.1,-0.25,0,0.9,-1.8
38,0,0,0,3.552,0,0.25,0,0,0,0.6,0,0,0,0.9,-1.8,0.212,0.1,-0.25,-0.171,-0.1,-0.25,0,0.9,-1.8
38,0,0,0,3.558,0,0.25,0,0,0,0.6,0,0,0,0.9,-1.8,0.206,0.1,-0.25,-0.177,-0.1,-0.25,0,0.9,-1.8
38,0,0,0,3.564,0,0.25,0,0,0,0.6,0,0,0,0.9,-1.8,0.2,0.1,-0.25,-0.183,-0.1,-0.25,0,0.9,-1.8
38,0,0,0,3.57,0,0.25,0,0,0,0.6,0,0,0,0.9,-1.8,0.194,0.1,-0.25,-0.189,-0.1,-0.25,0,0.9,-1.8
38,0,0,0,3.576,0,0.25,0,0,0,0.6,0,0,0,0.9,-1.8,0.188,0.1,-0.25,-0.195,-0.1,-0.25,0,0.9,-1.8
38,0,0,0,3.582,0,0.25,0,0,0,0.6,0,0,0,0.9,-1.8,0.182,0.1,-0.25,-0.201,-0.1,-0.25,0,0.9,-1.8
38,0,0,0,3.588,0,0.25,0,0,0,0.6,0,0,0,0.9,-1.8,0.176,0.1,-0.25,-0.207,-0.1,-0.25,0,0.9,-1.8
38,0,0,0,3.594,0,0.25,0,0,0,0.6,0,0,0,0.9,-1.8,0.17,0.1,-0.25,-0.213,-0.1,-0.25,0,0.9,-1.8
38,0,0,0,3.6,0,0.25,0,0,0,0.6,0,0,0,0.9,-1.8,0.164,0.1,-0.25,-0.219,-0.1,-0.25,0,0.9,-1.8
38,0,0,0,3.606,0,0.25,0,0,0,0.6,0,0,0,0.9,-1.8,0.158,0.1,-0.25,-0.225,-0.1,-0.25,0,0.9,-1.8
38,0,0,0,3.612,0,0.25,0,0,0,0.6,0,0,0,0.9,-1.8,0.152,0.1,-0.25,-0.231,-0.1,-0.25,0,0.9,-1.8
38,0,0,0,3.618,0,0.25,0,0,0,0.6,0,0,0,0.9,-1.8,0.146,0.1,-0.25,-0.237,-0.1,-0.25,0,0.9,-1.8
38,0,0,0,3.624,0,0.25,0,0,0,0.6,0,0,0,0.9,-1.8,0.146,0.1,-0.25,-0.237,-0.1,-0.25,0,0.9,-1.8
39,0,0,0,3.624,0,0.25,0,0,0,0.6,0,0,0,0.9,-1.8,0,0.9,-1.8,0,0.9,-1.8,0,0.9,-1.8
39,0,0,0,3.63,0,0.25,0,0,0,0.6,0,0,0,0.9,-1.8,0,0.9,-1.8,0,0.9,-1.8,0,0.9,-1.8
39,0,0,0,3.636,0,0.25,0,0,0,0.6,0,0,0,0.9,-1.8,0,0.9,-1.8,0,0.9,-1.8,0,0.9,-1.8
39,0,0,0,3.642,0,0.25,0,0,0,0.6,0,0,0,0.9,-1.8,0,0.9,-1.8,0,0.9,-1.8,0,0.9,-1.8
39,0,0,0,3.648,0,0.25,0,0,0,0.6,0,0,0,0.9,-1.8,0,0.9,-1.8,0,0.9,-1.8,0,0.9,-1.8
40,0,0,0,3.648,0,0.25,0,0,0,0.6,0,0,0.236,-0.1,-0.25,0,0.9,-1.8,0,0.9,-1.8,-0.147,0.1,-0.25
40,0,0,0,3.654,0,0.25,0,0,0,0.6,0,0,0.23,-0.1,-0.25,0,0.9,-1.8,0,0.9,-1.8,-0.153,0.1,-0.25
40,0,0,0,3.66,0,0.25,0,0,0,0.6,0,0,0.224,-0.1,-0.25,0,0.9,-1.8,0,0.9,-1.8,-0.159,0.1,-0.25
40,0,0,0,3.666,0,0.25,0,0,0,0.6,0,0,0.218,-0.1,-0.25,0,0.9,-1.8,0,0.9,-1.8,-0.165,0.1,-0.25
40,0,0,0,3.672,0,0.25,0,0,0,0.6,0,0,0.212,-0.1,-0.25,0,0.9,-1.8,0,0.9,-1.8,-0.171,0.1,-0.25
40,0,0,0,3.678,0,0.25,0,0,0,0.6,0,0,0.206,-0.1,-0.25,0,0.9,-1.8,0,0.9,-1.8,-0.177,0.1,-0.25
40,0,0,0,3.684,0,0.25,0,0,0,0.6,0,0,0.2,-0.1,-0.25,0,0.9,-1.8,0,0.9,-1.8,-0.183,0.1,-0.25
40,0,0,0,3.69,0,0.25,0,0,0,0.6,0,0,0.194,-0.1,-0.25,0,0.9,-1.8,0,0.9,-1.8,-0.189,0.1,-0.25
40,0,0,0,3.696,0,0.25,0,0,0,0.6,0,0,0.188,-0.1,-0.25,0,0.9,-1.8,0,0.9,-1.8,-0.195,0.1,-0.25
40,0,0,0,3.702,0,0.25,0,0,0,0.6,0,0,0.182,-0.1,-0.25,0,0.9,-1.8,0,0.9,-1.8,-0.201,0.1,-0.25
40,0,0,0,3.708,0,0.25,0,0,0,0.6,0,0,0.176,-0.1,-0.25,0,0.9,-1.8,0,0.9,-1.8,-0.207,0.1,-0.25
40,0,0,0,3.714,0,0.25,0,0,0,0.6,0,0,0.17,-0.1,-0.25,0,0.9,-1.8,0,0.9,-1.8,-0.213,0.1,-0.25
40,0,0,0,3.72,0,0.25,0,0,0,0.6,0,0,0.164,-0.1,-0.25,0,0.9,-1.8,0,0.9,-1.8,-0.219,0.1,-0.25
40,0,0,0,3.726,0,0.25,0,0,0,0.6,0,0,0.158,-0.1,-0.25,0,0.9,-1.8,0,0.9,-1.8,-0.225,0.1,-0.25
40,0,0,0,3.732,0,0.25,0,0,0,0.6,0,0,0.152,-0.1,-0.25,0,0.9,-1.8,0,0.9,-1.8,-0.231,0.1,-0.25
40,0,0,0,3.738,0,0.25,0,0,0,0.6,0,0,0.146,-0.1,-0.25,0,0.9,-1.8,0,0.9,-1.8,-0.237,0.1,-0.25
40,0,0,0,3.744,0,0.25,0,0,0,0.6,0,0,0.146,-0.1,-0.25,0,0.9,-1.8,0,0.9,-1.8,-0.237,0.1,-0.25
41,0,0,0,3.744,0,0.25,0,0,0,0.6,0,0,0,0.9,-1.8,0,0.9,-1.8,0,0.9,-1.8,0,0.9,-1.8
41,0,0,0,3.75,0,0.25,0,0,0,0.6,0,0,0,0.9,-1.8,0,0.9,-1.8,0,0.9,-1.8,0,0.9,-1.8
41,0,0,0,3.756,0,0.25,0,0,0,0.6,0,0,0,0.9,-1.8,0,0.9,-1.8,0,0.9,-1.8,0,0.9,-1.8
41,0,0,0,3.762,0,0.25,0,0,0,0.6,0,0,0,0.9,-1.8,0,0.9,-1.8,0,0.9,-1.8,0,0.9,-1.8
41,0,0,0,3.768,0,0.25,0,0,0,0.6,0,0,0,0.9,-1.8,0,0.9,-1.8,0,0.9,-1.8,0,0.9,-1.8
42,0,0,0,3.768,0,0.25,0,0,0,0.6,0,0,0,0.9,-1.8,0.236,0.1,-0.25,-0.147,-0.1,-0.25,0,0.9,-1.8
42,0,0,0,3.774,0,0.25,0,0,0,0.6,0,0,0,0.9,-1.8,0.23,0.1,-0.25,-0.153,-0.1,-0.25,0,0.9,-1.8
42,0,0,0,3.78,0,0.25,0,0,0,0.6,0,0,0,0.9,-1.8,0.224,0.1,-0.25,-0.159,-0.1,-0.25,0,0.9,-1.8
42,0,0,0,3.786,0,0.25,0,0,0,0.6,0,0,0,0.9,-1.8,0.218,0.1,-0.25,-0.165,-0.1,-0.25,0,0.9,-1.8
42,0,0,0,3.792,0,0.25,0,0,0,0.6,0,0,0,0.9,-1.8,0.212,0.1,-0.25,-0.171,-0.1,-0.25,0,0.9,-1.8
42,0,0,0,3.798,0,0.25,0,0,0,0.6,0,0,0,0.9,-1.8,0.206,0.1,-0.25,-0.177,-0.1,-0.25,0,0.9,-1.8
42,0,0,0,3.804,0,0.25,0,0,0,0.6,0,0,0,0.9,-1.8,0.2,0.1,-0.25,-0.183,-0.1,-0.25,0,0.9,-1.8
42,0,0,0,3.81,0,0.25,0,0,0,0.6,0,0,0,0.9,-1.8,0.194,0.1,-0.25,-0.189,-0.1,-0.25,0,0.9,-1.8
42,0,0,0,3.816,0,0.25,0,0,0,0.6,0,0,0,0.9,-1.8,0.188,0.1,-0.25,-0.195,-0.1,-0.25,0,0.9,-1.8
42,0,0,0,3.822,0,0.25,0,0,0,0.6,0,0,0,0.9,-1.8,0.181999999999999,0.1,-0.25,-0.201,-0.1,-0.25,0,0.9,-1.8
42,0,0,0,3.828,0,0.25,0,0,0,0.6,0,0,0,0.9,-1.8,0.176,0.1,-0.25,-0.207,-0.1,-0.25,0,0.9,-1.8
42,0,0,0,3.834,0,0.25,0,0,0,0.6,0,0,0,0.9,-1.8,0.169999999999999,0.1,-0.25,-0.213,-0.1,-0.25,0,0.9,-1.8
42,0,0,0,3.84,0,0.25,0,0,0,0.6,0,0,0,0.9,-1.8,0.164,0.1,-0.25,-0.219,-0.1,-0.25,0,0.9,-1.8
42,0,0,0,3.846,0,0.25,0,0,0,0.6,0,0,0,0.9,-1.8,0.157999999999999,0.1,-0.25,-0.225,-0.1,-0.25,0,0.9,-1.8
42,0,0,0,3.852,0,0.25,0,0,0,0.6,0,0,0,0.9,-1.8,0.152,0.1,-0.25,-0.231,-0.1,-0.25,0,0.9,-1.8
42,0,0,0,3.858,0,0.25,0,0,0,0.6,0,0,0,0.9,-1.8,0.145999999999999,0.1,-0.25,-0.237,-0.1,-0.25,0,0.9,-1.8
42,0,0,0,3.864,0,0.25,0,0,0,0.6,0,0,0,0.9,-1.8,0.145999999999999,0.1,-0.25,-0.237,-0.1,-0.25,0,0.9,-1.8
43,0,0,0,3.864,0,0.25,0,0,0,0.6,0,0,0,0.9,-1.8,0,0.9,-1.8,0,0.9,-1.8,0,0.9,-1.8
43,0,0,0,3.87,0,0.25,0,0,0,0.6,0,0,0,0.9,-1.8,0,0.9,-1.8,0,0.9,-1.8,0,0.9,-1.8
43,0,0,0,3.876,0,0.25,0,0,0,0.6,0,0,0,0.9,-1.8,0,0.9,-1.8,0,0.9,-1.8,0,0.9,-1.8
43,0,0,0,3.882,0,0.25,0,0,0,0.6,0,0,0,0.9,-1.8,0,0.9,-1.8,0,0.9,-1.8,0,0.9,-1.8
43,0,0,0,3.888,0,0.25,0,0,0,0.6,0,0,0,0.9,-1.8,0,0.9,-1.8,0,0.9,-1.8,0,0.9,-1.8
44,0,0,0,3.888,0,0.25,0,0,0,0.6,0,0,0.236,-0.1,-0.25,0,0.9,-1.8,0,0.9,-1.8,-0.147,0.1,-0.25
44,0,0,0,3.894,0,0.25,0,0,0,0.6,0,0,0.23,-0.1,-0.25,0,0.9,-1.8,0,0.9,-1.8,-0.153,0.1,-0.25
44,0,0,0,3.9,0,0.25,0,0,0,0.6,0,0,0.224,-0.1,-0.25,0,0.9,-1.8,0,0.9,-1.8,-0.159,0.1,-0.25
44,0,0,0,3.906,0,0.25,0,0,0,0.6,0,0,0.218,-0.1,-0.25,0,0.9,-1.8,0,0.9,-1.8,-0.165,0.1,-0.25
44,0,0,0,3.912,0,0.25,0,0,0,0.6,0,0,0.212,-0.1,-0.25,0,0.9,-1.8,0,0.9,-1.8,-0.171,0.1,-0.25
44,0,0,0,3.918,0,0.25,0,0,0,0.6,0,0,0.206,-0.1,-0.25,0,0.9,-1.8,0,0.9,-1.8,-0.177,0.1,-0.25
44,0,0,0,3.924,0,0.25,0,0,0,0.6,0,0,0.2,-0.1,-0.25,0,0.9,-1.8,0,0.9,-1.8,-0.183,0.1,-0.25
44,0,0,0,3.93,0,0.25,0,0,0,0.6,0,0,0.194,-0.1,-0.25,0,0.9,-1.8,0,0.9,-1.8,-0.189,0.1,-0.25
44,0,0,0,3.936,0,0.25,0,0,0,0.6,0,0,0.188,-0.1,-0.25,0,0.9,-1.8,0,0.9,-1.8,-0.195,0.1,-0.25
44,0,0,0,3.942,0,0.25,0,0,0,0.6,0,0,0.181999999999999,-0.1,-0.25,0,0.9,-1.8,0,0.9,-1.8,-0.201,0.1,-0.25
44,0,0,0,3.948,0,0.25,0,0,0,0.6,0,0,0.176,-0.1,-0.25,0,0.9,-1.8,0,0.9,-1.8,-0.207,0.1,-0.25
44,0,0,0,3.954,0,0.25,0,0,0,0.6,0,0,0.169999999999999,-0.1,-0.25,0,0.9,-1.8,0,0.9,-1.8,-0.213,0.1,-0.25
44,0,0,0,3.96,0,0.25,0,0,0,0.6,0,0,0.164,-0.1,-0.25,0,0.9,-1.8,0,0.9,-1.8,-0.219,0.1,-0.25
44,0,0,0,3.966,0,0.25,0,0,0,0.6,0,0,0.157999999999999,-0.1,-0.25,0,0.9,-1.8,0,0.9,-1.8,-0.225,0.1,-0.25
44,0,0,0,3.972,0,0.25,0,0,0,0.6,0,0,0.152,-0.1,-0.25,0,0.9,-1.8,0,0.9,-1.8,-0.231,0.1,-0.25
44,0,0,0,3.978,0,0.25,0,0,0,0.6,0,0,0.145999999999999,-0.1,-0.25,0,0.9,-1.8,0,0.9,-1.8,-0.237,0.1,-0.25
44,0,0,0,3.984,0,0.25,0,0,0,0.6,0,0,0.145999999999999,-0.1,-0.25,0,0.9,-1.8,0,0.9,-1.8,-0.237,0.1,-0.25
45,0,0,0,3.984,0,0.25,0,0,0,0.6,0,0,0,0.9,-1.8,0,0.9,-1.8,0,0.9,-1.8,0,0.9,-1.8
45,0,0,0,3.99,0,0.25,0,0,0,0.6,0,0,0,0.9,-1.8,0,0.9,-1.8,0,0.9,-1.8,0,0.9,-1.8
45,0,0,0,3.996,0,0.25,0,0,0,0.6,0,0,0,0.9,-1.8,0,0.9,-1.8,0,0.9,-1.8,0,0.9,-1.8
45,0,0,0,4.002,0,0.25,0,0,0,0.6,0,0,0,0.9,-1.8,0,0.9,-1.8,0,0.9,-1.8,0,0.9,-1.8
45,0,0,0,4.008,0,0.25,0,0,0,0.6,0,0,0,0.9,-1.8,0,0.9,-1.8,0,0.9,-1.8,0,0.9,-1.8
46,0,0,0,4.008,0,0.25,0,0,0,0.6,0,0,0,0.9,-1.8,0.236,0.1,-0.25,-0.147,-0.1,-0.25,0,0.9,-1.8
46,0,0,0,4.014,0,0.25,0,0,0,0.6,0,0,0,0.9,-1.8,0.23,0.1,-0.25,-0.153,-0.1,-0.25,0,0.9,-1.8
46,0,0,0,4.02,0,0.25,0,0,0,0.6,0,0,0,0.9,-1.8,0.224,0.1,-0.25,-0.158999999999999,-0.1,-0.25,0,0.9,-1.8
46,0,0,0,4.026,0,0.25,0,0,0,0.6,0,0,0,0.9,-1.8,0.218,0.1,-0.25,-0.165,-0.1,-0.25,0,0.9,-1.8
46,0,0,0,4.032,0,0.25,0,0,0,0.6,0,0,0,0.9,-1.8,0.212,0.1,-0.25,-0.171,-0.1,-0.25,0,0.9,-1.8
46,0,0,0,4.038,0,0.25,0,0,0,0.6,0,0,0,0.9,-1.8,0.206,0.1,-0.25,-0.177,-0.1,-0.25,0,0.9,-1.8
46,0,0,0,4.044,0,0.25,0,0,0,0.6,0,0,0,0.9,-1.8,0.2,0.1,-0.25,-0.182999999999999,-0.1,-0.25,0,0.9,-1.8
46,0,0,0,4.05,0,0.25,0,0,0,0.6,0,0,0,0.9,-1.8,0.194,0.1,-0.25,-0.189,-0.1,-0.25,0,0.9,-1.8
46,0,0,0,4.056,0,0.25,0,0,0,0.6,0,0,0,0.9,-1.8,0.188,0.1,-0.25,-0.195,-0.1,-0.25,0,0.9,-1.8
46,0,0,0,4.062,0,0.25,0,0,0,0.6,0,0,0,0.9,-1.8,0.181999999999999,0.1,-0.25,-0.201,-0.1,-0.25,0,0.9,-1.8
46,0,0,0,4.068,0,0.25,0,0,0,0.6,0,0,0,0.9,-1.8,0.176,0.1,-0.25,-0.206999999999999,-0.1,-0.25,0,0.9,-1.8
46,0,0,0,4.074,0,0.25,0,0,0,0.6,0,0,0,0.9,-1.8,0.17,0.1,-0.25,-0.213,-0.1,-0.25,0,0.9,-1.8
46,0,0,0,4.08,0,0.25,0,0,0,0.6,0,0,0,0.9,-1.8,0.164,0.1,-0.25,-0.219,-0.1,-0.25,0,0.9,-1.8
46,0,0,0,4.086,0,0.25,0,0,0,0.6,0,0,0,0.9,-1.8,0.157999999999999,0.1,-0.25,-0.225,-0.1,-0.25,0,0.9,-1.8
46,0,0,0,4.092,0,0.25,0,0,0,0.6,0,0,0,0.9,-1.8,0.152,0.1,-0.25,-0.230999999999999,-0.1,-0.25,0,0.9,-1.8
46,0,0,0,4.098,0,0.25,0,0,0,0.6,0,0,0,0.9,-1.8,0.146,0.1,-0.25,-0.237,-0.1,-0.25,0,0.9,-1.8
46,0,0,0,4.104,0,0.25,0,0,0,0.6,0,0,0,0.9,-1.8,0.146,0.1,-0.25,-0.237,-0.1,-0.25,0,0.9,-1.8
47,0,0,0,4.104,0,0.25,0,0,0,0.6,0,0,0,0.9,-1.8,0,0.9,-1.8,0,0.9,-1.8,0,0.9,-1.8
47,0,0,0,4.11,0,0.25,0,0,0,0.6,0,0,0,0.9,-1.8,0,0.9,-1.8,0,0.9,-1.8,0,0.9,-1.8
47,0,0,0,4.116,0,0.25,0,0,0,0.6,0,0,0,0.9,-1.8,0,0.9,-1.8,0,0.9,-1.8,0,0.9,-1.8
47,0,0,0,4.122,0,0.25,0,0,0,0.6,0,0,0,0.9,-1.8,0,0.9,-1.8,0,0.9,-1.8,0,0.9,-1.8
47,0,0,0,4.128,0,0.25,0,0,0,0.6,0,0,0,0.9,-1.8,0,0.9,-1.8,0,0.9,-1.8,0,0.9,-1.8
48,0,0,0,4.128,0,0.25,0,0,0,0.6,0,0,0.236,-0.1,-0.25,0,0.9,-1.8,0,0.9,-1.8,-0.147,0.1,-0.25
48,0,0,0,4.134,0,0.25,0,0,0,0.6,0,0,0.23,-0.1,-0.25,0,0.9,-1.8,0,0.9,-1.8,-0.153,0.1,-0.25
48,0,0,0,4.14,0,0.25,0,0,0,0.6,0,0,0.224,-0.1,-0.25,0,0.9,-1.8,0,0.9,-1.8,-0.159,0.1,-0.25
48,0,0,0,4.146,0,0.25,0,0,0,0.6,0,0,0.218,-0.1,-0.25,0,0.9,-1.8,0,0.9,-1.8,-0.165,0.1,-0.25
48,0,0,0,4.152,0,0.25,0,0,0,0.6,0,0,0.212,-0.1,-0.25,0,0.9,-1.8,0,0.9,-1.8,-0.171,0.1,-0.25
48,0,0,0,4.158,0,0.25,0,0,0,0.6,0,0,0.206,-0.1,-0.25,0,0.9,-1.8,0,0.9,-1.8,-0.177,0.1,-0.25
48,0,0,0,4.164,0,0.25,0,0,0,0.6,0,0,0.2,-0.1,-0.25,0,0.9,-1.8,0,0.9,-1.8,-0.183,0.1,-0.25
48,0,0,0,4.17,0,0.25,0,0,0,0.6,0,0,0.194,-0.1,-0.25,0,0.9,-1.8,0,0.9,-1.8,-0.189,0.1,-0.25
48,0,0,0,4.176,0,0.25,0,0,0,0.6,0,0,0.188,-0.1,-0.25,0,0.9,-1.8,0,0.9,-1.8,-0.195,0.1,-0.25
48,0,0,0,4.182,0,0.25,0,0,0,0.6,0,0,0.181999999999999,-0.1,-0.25,0,0.9,-1.8,0,0.9,-1.8,-0.201000000000001,0.1,-0.25
48,0,0,0,4.188,0,0.25,0,0,0,0.6,0,0,0.176,-0.1,-0.25,0,0.9,-1.8,0,0.9,-1.8,-0.207,0.1,-0.25
48,0,0,0,4.194,0,0.25,0,0,0,0.6,0,0,0.17,-0.1,-0.25,0,0.9,-1.8,0,0.9,-1.8,-0.213,0.1,-0.25
48,0,0,0,4.2,0,0.25,0,0,0,0.6,0,0,0.164,-0.1,-0.25,0,0.9,-1.8,0,0.9,-1.8,-0.219,0.1,-0.25
48,0,0,0,4.206,0,0.25,0,0,0,0.6,0,0,0.157999999999999,-0.1,-0.25,0,0.9,-1.8,0,0.9,-1.8,-0.225000000000001,0.1,-0.25
48,0,0,0,4.212,0,0.25,0,0,0,0.6,0,0,0.152,-0.1,-0.25,0,0.9,-1.8,0,0.9,-1.8,-0.231,0.1,-0.25
48,0,0,0,4.218,0,0.25,0,0,0,0.6,0,0,0.146,-0.1,-0.25,0,0.9,-1.8,0,0.9,-1.8,-0.237,0.1,-0.25
48,0,0,0,4.224,0,0.25,0,0,0,0.6,0,0,0.146,-0.1,-0.25,0,0.9,-1.8,0,0.9,-1.8,-0.237,0.1,-0.25
49,0,0,0,4.224,0,0.25,0,0,0,0.6,0,0,0,0.9,-1.8,0,0.9,-1.8,0,0.9,-1.8,0,0.9,-1.8
49,0,0,0,4.23,0,0.25,0,0,0,0.6,0,0,0,0.9,-1.8,0,0.9,-1.8,0,0.9,-1.8,0,0.9,-1.8
49,0,0,0,4.236,0,0.25,0,0,0,0.6,0,0,0,0.9,-1.8,0,0.9,-1.8,0,0.9,-1.8,0,0.9,-1.8
49,0,0,0,4.242,0,0.25,0,0,0,0.6,0,0,0,0.9,-1.8,0,0.9,-1.8,0,0.9,-1.8,0,0.9,-1.8
49,0,0,0,4.248,0,0.25,0,0,0,0.6,0,0,0,0.9,-1.8,0,0.9,-1.8,0,0.9,-1.8,0,0.9,-1.8
50,0,0,0,4.248,0,0.25,0,0,0,0.6,0,0,0,0.9,-1.8,0.236,0.1,-0.25,-0.147,-0.1,-0.25,0,0.9,-1.8
50,0,0,0,4.254,0,0.25,0,0,0,0.6,0,0,0,0.9,-1.8,0.23,0.1,-0.25,-0.153,-0.1,-0.25,0,0.9,-1.8
50,0,0,0,4.26,0,0.25,0,0,0,0.6,0,0,0,0.9,-1.8,0.224,0.1,-0.25,-0.159,-0.1,-0.25,0,0.9,-1.8
50,0,0,0,4.266,0,0.25,0,0,0,0.6,0,0,0,0.9,-1.8,0.218,0.1,-0.25,-0.165,-0.1,-0.25,0,0.9,-1.8
50,0,0,0,4.272,0,0.25,0,0,0,0.6,0,0,0,0.9,-1.8,0.212,0.1,-0.25,-0.171,-0.1,-0.25,0,0.9,-1.8
50,0,0,0,4.278,0,0.25,0,0,0,0.6,0,0,0,0.9,-1.8,0.206,0.1,-0.25,-0.177,-0.1,-0.25,0,0.9,-1.8
50,0,0,0,4.284,0,0.25,0,0,0,0.6,0,0,0,0.9,-1.8,0.2,0.1,-0.25,-0.183,-0.1,-0.25,0,0.9,-1.8
50,0,0,0,4.29,0,0.25,0,0,0,0.6,0,0,0,0.9,-1.8,0.194,0.1,-0.25,-0.189,-0.1,-0.25,0,0.9,-1.8
50,0,0,0,4.296,0,0.25,0,0,0,0.6,0,0,0,0.9,-1.8,0.188,0.1,-0.25,-0.195,-0.1,-0.25,0,0.9,-1.8
50,0,0,0,4.302,0,0.25,0,0,0,0.6,0,0,0,0.9,-1.8,0.182,0.1,-0.25,-0.201,-0.1,-0.25,0,0.9,-1.8
50,0,0,0,4.308,0,0.25,0,0,0,0.6,0,0,0,0.9,-1.8,0.176,0.1,-0.25,-0.207,-0.1,-0.25,0,0.9,-1.8
50,0,0,0,4.314,0,0.25,0,0,0,0.6,0,0,0,0.9,-1.8,0.17,0.1,-0.25,-0.213,-0.1,-0.25,0,0.9,-1.8
50,0,0,0,4.32,0,0.25,0,0,0,0.6,0,0,0,0.9,-1.8,0.164,0.1,-0.25,-0.219,-0.1,-0.25,0,0.9,-1.8
50,0,0,0,4.326,0,0.25,0,0,0,0.6,0,0,0,0.9,-1.8,0.158,0.1,-0.25,-0.225,-0.1,-0.25,0,0.9,-1.8
50,0,0,0,4.332,0,0.25,0,0,0,0.6,0,0,0,0.9,-1.8,0.152,0.1,-0.25,-0.231,-0.1,-0.25,0,0.9,-1.8
50,0,0,0,4.338,0,0.25,0,0,0,0.6,0,0,0,0.9,-1.8,0.146,0.1,-0.25,-0.237,-0.1,-0.25,0,0.9,-1.8
50,0,0,0,4.344,0,0.25,0,0,0,0.6,0,0,0,0.9,-1.8,0.146,0.1,-0.25,-0.237,-0.1,-0.25,0,0.9,-1.8
51,0,0,0,4.344,0,0.25,0,0,0,0.6,0,0,0,0.9,-1.8,0,0.9,-1.8,0,0.9,-1.8,0,0.9,-1.8
51,0,0,0,4.35,0,0.25,0,0,0,0.6,0,0,0,0.9,-1.8,0,0.9,-1.8,0,0.9,-1.8,0,0.9,-1.8
51,0,0,0,4.356,0,0.25,0,0,0,0.6,0,0,0,0.9,-1.8,0,0.9,-1.8,0,0.9,-1.8,0,0.9,-1.8
51,0,0,0,4.362,0,0.25,0,0,0,0.6,0,0,0,0.9,-1.8,0,0.9,-1.8,0,0.9,-1.8,0,0.9,-1.8
51,0,0,0,4.368,0,0.25,0,0,0,0.6,0,0,0,0.9,-1.8,0,0.9,-1.8,0,0.9,-1.8,0,0.9,-1.8
52,0,0,0,4.368,0,0.25,0,0,0,0.6,0,0,0.236,-0.1,-0.25,0,0.9,-1.8,0,0.9,-1.8,-0.147,0.1,-0.25
52,0,0,0,4.374,0,0.25,0,0,0,0.6,0,0,0.23,-0.1,-0.25,0,0.9,-1.8,0,0.9,-1.8,-0.153,0.1,-0.25
52,0,0,0,4.38,0,0.25,0,0,0,0.6,0,0,0.224,-0.1,-0.25,0,0.9,-1.8,0,0.9,-1.8,-0.159,0.1,-0.25
52,0,0,0,4.386,0,0.25,0,0,0,0.6,0,0,0.218,-0.1,-0.25,0,0.9,-1.8,0,0.9,-1.8,-0.165,0.1,-0.25
52,0,0,0,4.392,0,0.25,0,0,0,0.6,0,0,0.212,-0.1,-0.25,0,0.9,-1.8,0,0.9,-1.8,-0.171,0.1,-0.25
52,0,0,0,4.398,0,0.25,0,0,0,0.6,0,0,0.206,-0.1,-0.25,0,0.9,-1.8,0,0.9,-1.8,-0.177,0.1,-0.25
52,0,0,0,4.404,0,0.25,0,0,0,0.6,0,0,0.2,-0.1,-0.25,0,0.9,-1.8,0,0.9,-1.8,-0.183,0.1,-0.25
52,0,0,0,4.41,0,0.25,0,0,0,0.6,0,0,0.194,-0.1,-0.25,0,0.9,-1.8,0,0.9,-1.8,-0.189,0.1,-0.25
52,0,0,0,4.416,0,0.25,0,0,0,0.6,0,0,0.188,-0.1,-0.25,0,0.9,-1.8,0,0.9,-1.8,-0.195,0.1,-0.25
52,0,0,0,4.422,0,0.25,0,0,0,0.6,0,0,0.182,-0.1,-0.25,0,0.9,-1.8,0,0.9,-1.8,-0.201,0.1,-0.25
52,0,0,0,4.428,0,0.25,0,0,0,0.6,0,0,0.176,-0.1,-0.25,0,0.9,-1.8,0,0.9,-1.8,-0.207,0.1,-0.25
52,0,0,0,4.434,0,0.25,0,0,0,0.6,0,0,0.17,-0.1,-0.25,0,0.9,-1.8,0,0.9,-1.8,-0.213,0.1,-0.25
52,0,0,0,4.44,0,0.25,0,0,0,0.6,0,0,0.164,-0.1,-0.25,0,0.9,-1.8,0,0.9,-1.8,-0.219,0.1,-0.25
52,0,0,0,4.446,0,0.25,0,0,0,0.6,0,0,0.158,-0.1,-0.25,0,0.9,-1.8,0,0.9,-1.8,-0.225,0.1,-0.25
52,0,0,0,4.452,0,0.25,0,0,0,0.6,0,0,0.152,-0.1,-0.25,0,0.9,-1.8,0,0.9,-1.8,-0.231,0.1,-0.25
52,0,0,0,4.458,0,0.25,0,0,0,0.6,0,0,0.146,-0.1,-0.25,0,0.9,-1.8,0,0.9,-1.8,-0.237,0.1,-0.25
52,0,0,0,4.464,0,0.25,0,0,0,0.6,0,0,0.146,-0.1,-0.25,0,0.9,-1.8,0,0.9,-1.8,-0.237,0.1,-0.25
53,0,0,0,4.464,0,0.25,0,0,0,0.6,0,0,0,0.9,-1.8,0,0.9,-1.8,0,0.9,-1.8,0,0.9,-1.8
53,0,0,0,4.47,0,0.25,0,0,0,0.6,0,0,0,0.9,-1.8,0,0.9,-1.8,0,0.9,-1.8,0,0.9,-1.8
53,0,0,0,4.476,0,0.25,0,0,0,0.6,0,0,0,0.9,-1.8,0,0.9,-1.8,0,0.9,-1.8,0,0.9,-1.8
53,0,0,0,4.482,0,0.25,0,0,0,0.6,0,0,0,0.9,-1.8,0,0.9,-1.8,0,0.9,-1.8,0,0.9,-1.8
53,0,0,0,4.488,0,0.25,0,0,0,0.6,0,0,0,0.9,-1.8,0,0.9,-1.8,0,0.9,-1.8,0,0.9,-1.8
54,0,0,0,4.488,0,0.25,0,0,0,0.6,0,0,0,0.9,-1.8,0.236,0.1,-0.25,-0.147,-0.1,-0.25,0,0.9,-1.8
54,0,0,0,4.494,0,0.25,0,0,0,0.6,0,0,0,0.9,-1.8,0.23,0.1,-0.25,-0.153,-0.1,-0.25,0,0.9,-1.8
54,0,0,0,4.5,0,0.25,0,0,0,0.6,0,0,0,0.9,-1.8,0.224,0.1,-0.25,-0.159,-0.1,-0.25,0,0.9,-1.8
54,0,0,0,4.506,0,0.25,0,0,0,0.6,0,0,0,0.9,-1.8,0.218,0.1,-0.25,-0.165,-0.1,-0.25,0,0.9,-1.8
54,0,0,0,4.512,0,0.25,0,0,0,0.6,0,0,0,0.9,-1.8,0.212000000000001,0.1,-0.25,-0.170999999999999,-0.1,-0.25,0,0.9,-1.8
54,0,0,0,4.518,0,0.25,0,0,0,0.6,0,0,0,0.9,-1.8,0.206,0.1,-0.25,-0.177,-0.1,-0.25,0,0.9,-1.8
54,0,0,0,4.524,0,0.25,0,0,0,0.6,0,0,0,0.9,-1.8,0.2,0.1,-0.25,-0.183,-0.1,-0.25,0,0.9,-1.8
54,0,0,0,4.53,0,0.25,0,0,0,0.6,0,0,0,0.9,-1.8,0.194,0.1,-0.25,-0.189,-0.1,-0.25,0,0.9,-1.8
54,0,0,0,4.536,0,0.25,0,0,0,0.6,0,0,0,0.9,-1.8,0.188000000000001,0.1,-0.25,-0.194999999999999,-0.1,-0.25,0,0.9,-1.8
54,0,0,0,4.542,0,0.25,0,0,0,0.6,0,0,0,0.9,-1.8,0.182,0.1,-0.25,-0.201,-0.1,-0.25,0,0.9,-1.8
54,0,0,0,4.548,0,0.25,0,0,0,0.6,0,0,0,0.9,-1.8,0.176,0.1,-0.25,-0.207,-0.1,-0.25,0,0.9,-1.8
54,0,0,0,4.554,0,0.25,0,0,0,0.6,0,0,0,0.9,-1.8,0.17,0.1,-0.25,-0.213,-0.1,-0.25,0,0.9,-1.8
54,0,0,0,4.56,0,0.25,0,0,0,0.6,0,0,0,0.9,-1.8,0.164000000000001,0.1,-0.25,-0.218999999999999,-0.1,-0.25,0,0.9,-1.8
54,0,0,0,4.566,0,0.25,0,0,0,0.6,0,0,0,0.9,-1.8,0.158,0.1,-0.25,-0.225,-0.1,-0.25,0,0.9,-1.8
54,0,0,0,4.572,0,0.25,0,0,0,0.6,0,0,0,0.9,-1.8,0.152,0.1,-0.25,-0.231,-0.1,-0.25,0,0.9,-1.8
54,0,0,0,4.578,0,0.25,0,0,0,0.6,0,0,0,0.9,-1.8,0.146,0.1,-0.25,-0.237,-0.1,-0.25,0,0.9,-1.8
54,0,0,0,4.584,0,0.25,0,0,0,0.6,0,0,0,0.9,-1.8,0.146,0.1,-0.25,-0.237,-0.1,-0.25,0,0.9,-1.8
55,0,0,0,4.584,0,0.25,0,0,0,0.6,0,0,0,0.9,-1.8,0,0.9,-1.8,0,0.9,-1.8,0,0.9,-1.8
55,0,0,0,4.59,0,0.25,0,0,0,0.6,0,0,0,0.9,-1.8,0,0.9,-1.8,0,0.9,-1.8,0,0.9,-1.8
55,0,0,0,4.596,0,0.25,0,0,0,0.6,0,0,0,0.9,-1.8,0,0.9,-1.8,0,0.9,-1.8,0,0.9,-1.8
55,0,0,0,4.602,0,0.25,0,0,0,0.6,0,0,0,0.9,-1.8,0,0.9,-1.8,0,0.9,-1.8,0,0.9,-1.8
