1.82193980619994e-06,-7.24004206762441e-05,0.000169303345776139,1.77283966456703e-06,-7.34343491042289e-05,0.000169555001291677,2.30357951364062e-07,-7.34248501679247e-05,0.00017178543788221,1.80465170157401e-07,-7.49093209124752e-05,0.000173130576091474
2.35424740239523e-05,-0.00048834961567068,0.00109311105878396,2.35754645122059e-05,-0.000501898851846372,0.00109636915931066,2.65157982583676e-06,-0.000501552548324735,0.0011251170729718,2.68491668650615e-06,-0.000521027453502576,0.00114274009639193
8.71514676327132e-05,-0.0012707780209027,0.00269665152934673,8.71406650481247e-05,-0.00132096160004092,0.00270859710806537,9.67447289326095e-06,-0.00131917479475474,0.00281411037392365,9.65843976252214e-06,-0.00139130002115184,0.00287928009417326
0.000197287388493318,-0.0023688248102629,0.004730596463002,0.000197281488423734,-0.00248272620324763,0.00475720210332042,2.10124052269171e-05,-0.00247733443549758,0.0049944493933487,2.09727614812266e-05,-0.00264105450500929,0.00514194675162338
0.00034499886385148,-0.00373593932472716,0.00696342683583895,0.000345023110689088,-0.00393600227094071,0.00700874655525929,3.42112153056936e-05,-0.00392344966719893,0.00742035405128183,3.4099973778208e-05,-0.00421117873703425,0.00767825365434138
0.000512466379756161,-0.00533205056753827,0.00918100372965336,0.000512563217012287,-0.00563120762674241,0.00924575491685742,4.5314237929755e-05,-0.0056067942306659,0.00985132215994255,4.50219141978888e-05,-0.0060376821667536,0.0102344499771503
0.000677055276853197,-0.00712545468001058,0.0111862008169581,0.000677272631836987,-0.0075243889504093,0.0112672007912518,4.99741759576502e-05,-0.00748358367145796,0.0120584044702676,4.93169176290015e-05,-0.00805996805295472,0.0125648478785663
0.000814664978497882,-0.00909316997455911,0.0127980257596345,0.00081505200120557,-0.00957920903565501,0.0128884859567178,4.46791795543909e-05,-0.00952005222574481,0.0138291508734194,4.34307442662727e-05,-0.0102263080360332,0.0144392611794917
0.000902600593133606,-0.0112183796365628,0.0138499643403982,0.000903198373465059,-0.0117656961490953,0.013940544407967,2.79003835188672e-05,-0.0116917609830862,0.0149706265705096,2.58685771172085e-05,-0.0124949091769355,0.0156480547218578
0.000922128309234709,-0.0134836071906403,0.0141876224900592,0.000922929085468775,-0.0140545892994264,0.0142679891042325,9.28801423203708e-07,-0.0139774614754999,0.0153102981358688,-1.95699907705663e-06,-0.0148290476699573,0.0160047236863767
0.000860736334505489,-0.015858539303236,0.0136659173259481,0.00086167458044979,-0.016406297138251,0.0137263958842913,-3.18641289558655e-05,-0.0163462289438661,0.0146950306885678,-3.54640290407904e-05,-0.0171851277393318,0.0153463805801444
0.000714144601012626,-0.0182819410745676,0.0121462542318764,0.000715074545490265,-0.0187540944369122,0.0121802224356204,-6.35875826011873e-05,-0.0187374943346317,0.0129886443001754,-6.74159203153144e-05,-0.0194934700882088,0.013532727466548
0.000487935127426546,-0.0206387521182849,0.00949580288968477,0.000488655574099554,-0.0209827099961688,0.00950001546610535,-8.61374439194017e-05,-0.0210356973376282,0.0100707284285662,-8.95261050352022e-05,-0.0216338876165467,0.0104463534303019
0.000198456300170881,-0.0227362607009458,0.00558791837060957,0.000198701699956096,-0.0229058222606575,0.00556370990180222,-9.24917658923296e-05,-0.0230443947028875,0.00583488140223132,-9.4621595969273e-05,-0.0234113474619526,0.00599200784136
-0.000127671305154985,-0.0242874411788128,0.000307045983071408,-0.00012771899545076,-0.0242509093204175,0.000259809644247433,-7.91609539283519e-05,-0.0244705314264393,0.000192756974164876,-7.93140925213529e-05,-0.0245430535576112,0.00010128551123012
-0.000455011556558567,-0.0249138368715665,-0.00644355447037093,-0.000455648407303084,-0.0246614343279969,-0.00650609478768871,-4.81370112268762e-05,-0.0249303391993214,-0.00692155603992761,-4.61411074677439e-05,-0.0246678171700363,-0.00726424892585031
-0.000744271535652813,-0.0241790876803387,-0.0147340873248307,-0.000745251154991613,-0.0237286001246391,-0.0148039268747158,-7.43845064798293e-06,-0.0239907913340336,-0.0155448870778958,-3.69586278356203e-06,-0.0233901836754267,-0.0161096178383304
-0.000957707413119726,-0.0216574006294514,-0.0246036834682233,-0.00095876941203311,-0.0210551456770274,-0.0246746273221836,3.08498291210852e-05,-0.0212449615761818,-0.0256833237986975,3.53887896806156e-05,-0.0203537145797279,-0.0264103865037155
-0.00106631495927939,-0.0170216474507581,-0.0360669079614668,-0.00106730137211952,-0.0163374634958122,-0.036135481715899,5.47049881860268e-05,-0.0164024677073789,-0.0373212143726156,5.89283085292807e-05,-0.0153216023375833,-0.0381283364643301
-0.00105605769122873,-0.0101176192296362,-0.0491359090316514,-0.00105668524543517,-0.00943348598115978,-0.0492011070140848,5.7131040969447e-05,-0.00935658000977635,-0.0504465480149281,6.02938673623609e-05,-0.00822728589814337,-0.0512422373454671
-0.000931474702749027,-0.000986829154864033,-0.0638600855783067,-0.000931855266941829,-0.000382433239026536,-0.0639211096135757,3.99557903401224e-05,-0.000191364397475802,-0.0650945038169066,4.1718409365492e-05,0.00083464914601028,-0.0657935793196827
-0.000716744556657798,0.0101845225958315,-0.0803840492678902,-0.000716912974385396,0.0106472667304132,-0.0804382790419638,1.34929151556777e-05,0.0108874306975251,-0.0814107308737388,1.42348292994555e-05,0.0116848485027479,-0.0819484014668883
-0.000454017670371875,0.0231796406758387,-0.0990289461052405,-0.000454046479549003,0.023469669564073,-0.0990708036250434,-7.51982183866817e-06,0.0236795682602411,-0.099740443404591,-7.31349447033564e-06,0.0241818888636416,-0.10008322024973
-0.00020153543979592,0.0379108143177742,-0.120420741363622,-0.000201551339828393,0.038037683679583,-0.120443935312624,-1.22317884071167e-05,0.0381561654786249,-0.120770628142475,-1.22165423815387e-05,0.0383755878123206,-0.120925430205904
-3.37262216839438e-05,0.0546221622877132,-0.145736733469574,-3.36447157178647e-05,0.0546429757221587,-0.145741466627754,-3.6843118496932e-06,0.0546669274807261,-0.145802869657928,-3.60361747349008e-06,0.0547028082346639,-0.145829410092704
-1.81125450599714e-08,-0.0282568505855891,0.0602802461886447,-8.92490584929759e-08,-0.0282568807878247,0.0602802981553796,-1.92606207211349e-08,-0.0282587613801961,0.060283885219959,-8.88967877694208e-08,-0.0282587917008912,0.0602839366613634
-5.5829027843868e-08,-0.0259220265135649,0.0566192843020163,-6.30928073241565e-08,-0.025922058381413,0.0566193351221873,-5.58254466943108e-08,-0.0259237978136386,0.0566225806875236,-6.30920498004814e-08,-0.0259238296808091,0.0566226315078198
-6.47839608636083e-08,-0.0236736909724917,0.0532452650178901,-6.40069942969378e-08,-0.0236737245741476,0.0532453166250073,-6.47816394655036e-08,-0.0236753512818906,0.0532482752103103,-6.40047066993799e-08,-0.0236753848826108,0.0532483268172255
-6.99906261535948e-08,-0.0214844004735966,0.0501060286598602,-6.90891919414155e-08,-0.0214844361120174,0.0501060815265983,-6.99881550633658e-08,-0.0214859723363907,0.0501087960579274,-6.90867991893573e-08,-0.0214860079736365,0.0501088489242092
-7.53622271939572e-08,-0.0193321568834774,0.0471605877145971,-7.43792580370716e-08,-0.0193321948004572,0.0471606422403681,-7.53596249236698e-08,-0.0193336583000898,0.0471631467187887,-7.43767654817863e-08,-0.0193336962156831,0.0471632012438967
-8.07972253787727e-08,-0.0171993990646717,0.0443757515191372,-7.99155996655778e-08,-0.0171994394376103,0.0443758080438459,-8.07945438050344e-08,-0.0172008445354177,0.0443781298407195,-7.99129853877131e-08,-0.0172008849067844,0.0443781863645907
-8.61167354797587e-08,-0.015072174645139,0.04172420153931,-8.57965355181279e-08,-0.0150722175797957,0.0417242603512915,-8.61140956093767e-08,-0.0150735758794573,0.0417264218308833,-8.57937195357556e-08,-0.0150736188123863,0.0417264806418873
-9.11545330675147e-08,-0.0129396586952788,0.039183059250171,-9.20887964516975e-08,-0.012939704215418,0.0391831205899229,-9.11520720738441e-08,-0.0129410250911999,0.0391851402822478,-9.20856905011823e-08,-0.0129410706094917,0.039185201620906
-9.61055006179627e-08,-0.0107938884722643,0.0367328506782614,-9.84780140556921e-08,-0.0107939365071674,0.0367329147391131,-9.61031105355701e-08,-0.0107952274362384,0.0367348082023571,-9.8474785227538e-08,-0.0107952754692111,0.0367348722620227
-1.01145850627703e-07,-0.00862965124975923,0.0343567530017186,-1.04648148581154e-07,-0.00862970162080368,0.0343568199281825,-1.01143687590386e-07,-0.0086309684049688,0.0343586003893503,-1.04644709103307e-07,-0.00863101877404882,0.0343586673145602
-9.88784857567647e-08,-0.00644448191581914,0.0320400521721282,-1.17837268390835e-07,-0.00644453432388081,0.0320401220568796,-9.88882047333274e-08,-0.00644578123117823,0.0320418008810988,-1.17822039575501e-07,-0.00644583363729367,0.0320418707645498
-1.2160569549753e-07,-0.00423874200591978,0.0297696275751931,-1.05560554123655e-07,-0.004238796020819,0.0297697004469977,-1.21593587050178e-07,-0.00424002586348582,0.0297712876059473,-1.05567335198479e-07,-0.00424007987651676,0.0297713604764369
-9.55693379584331e-08,-0.00201569061516782,0.0275339946126167,-1.41387700455001e-07,-0.00201574566864826,0.0275340704424463,-9.55944837641071e-08,-0.00201695987862927,0.0275355745890895,-1.41357493055717e-07,-0.00201701493038686,0.0275356504176094
-1.39046812110125e-07,0.000218375800217885,0.0253225285427394,-1.06835089224788e-07,0.000218320414824058,0.0253226072302928,-1.39101342120627e-07,0.000217121770527573,0.0253240361274316,-1.06775763257901e-07,0.000217066386590359,0.0253241148137109
-1.32117586276096e-07,0.00245408688122573,0.0231261005698693,-1.21577950389214e-07,0.00245403199524952,0.0231261819261661,-1.32028963989191e-07,0.00245285020405173,0.0231275424892945,-1.21662456082619e-07,0.00245279531937159,0.0231276238443963
-1.20950389794044e-07,0.00467906282431607,0.0209363001158933,-1.39286888438017e-07,0.0046790093869038,0.0209363838801968,-1.20959515620337e-07,0.00467784693254236,0.0209376822310516,-1.39274093120575e-07,0.0046777934960327,0.0209377659942516
-1.42729787838611e-07,0.00687809892626645,0.0187457322769213,-1.22530587543164e-07,0.00687804794742752,0.0187458181040951,-1.42716429948959e-07,0.00687690849247913,0.0187470598782458,-1.22540918171751e-07,0.00687685751416689,0.0187471457044408
-1.31717022414583e-07,0.00903321857296846,0.0165484837510297,-1.36866885417921e-07,0.00903317111466051,0.0165485711921303,-1.31715641943593e-07,0.00903205943734098,0.0165497612251464,-1.36865958153075e-07,0.00903201197914516,0.0165498486654321
-1.49541220651557e-07,0.0111247260541292,0.0143391982947403,-1.20387775000496e-07,0.0111246832003369,0.014339286786055,-1.50282357726944e-07,0.0111236051279406,0.0143404292894713,-1.19667350157543e-07,0.0111235622474251,0.0143405178015863
-1.23499702536897e-07,0.0131314512616849,0.0121140411033487,-1.46109562029906e-07,0.0131314137756948,0.012114130156069,-1.22756283100876e-07,0.0131303745575897,0.0121152294844,-1.46830036673541e-07,0.0131303370972948,0.0121153185152831
-1.58532039943697e-07,0.0150320979332319,0.00987017506244348,-1.08330106186011e-07,0.0150320667835215,0.00987026388550971,-1.58544338527024e-07,0.0150310736989876,0.00987132272528024,-1.08317942695309e-07,0.0150310425481952,0.00987141154816973
-1.16188894787669e-07,0.0168057543432594,0.0076061218233483,-1.45912372826331e-07,0.0168057300185935,0.00760620973921045,-1.16178912955759e-07,0.0168047889761278,0.00760723098072358,-1.45923330428999e-07,0.0168047646500709,0.00760731889665589
-1.22406054644037e-07,0.0184341086844637,0.00532148312445502,-1.32809478541297e-07,0.0184340914924239,0.0053215693804054,-1.22405876263271e-07,0.0184332083003178,0.0053225551536169,-1.32811440530876e-07,0.0184331911066691,0.00532264140988614
-1.19637913292867e-07,0.0199015795747508,0.00301701602004512,-1.26640024271652e-07,0.0199015695015834,0.00301709986843823,-1.19639222188805e-07,0.0199007490030243,0.00301805180569437,-1.26641254766953e-07,0.0199007389281276,0.00301813565465014
-1.1599916989651e-07,0.0211970234737475,0.000694397768111532,-1.19409529021477e-07,0.0211970201921226,0.000694478488728389,-1.16000122680309e-07,0.0211962660072138,0.000695397735850367,-1.19411796909145e-07,0.0211962627238358,0.00069547845725948
-1.1706974991304e-07,0.0223144324887059,-0.00164395409247975,-1.05707723429401e-07,0.0223144353790186,-0.0016438771631182,-1.17082024924244e-07,0.0223137496608103,-0.00164298989132838,-1.05699254203455e-07,0.0223137525494506,-0.00164291296097208
-9.89740431427265e-08,0.0232532414966713,-0.00399516734555094,-1.09630679328164e-07,0.023253249665262,-0.00399509478549653,-9.89647875025477e-08,0.023252632831648,-0.00399423912866803,-1.09644223693444e-07,0.023252640998713,-0.00399416656744611
-9.94238756093396e-08,0.0240189119338614,-0.00635618024425,-9.37089559077907e-08,0.0240189243221429,-0.00635611252707324,-9.94280431469746e-08,0.0240183752603069,-0.00635528842500888,-9.37094375103317e-08,0.0240183876472866,-0.00635522070653405
-1.05546271943497e-07,0.0246220001591073,-0.00872410735367035,-7.10966762586562e-08,0.0246220155877852,-0.00872404481976163,-1.05561405903608e-07,0.02462153150758,-0.00872325244231842,-7.1086427033922e-08,0.0246215469352293,-0.00872318990700105
-6.20484774414405e-08,0.0250781857114406,-0.0110964417880561,-9.73543045241761e-08,0.0250782029308589,-0.0110963846801062,-6.20426486337409e-08,0.025077779759334,-0.0110956241535574,-9.73651321999809e-08,0.0250777969779701,-0.0110955670441983
-9.61097402995511e-08,0.0254065666534378,-0.0134715890959365,-4.56526245487803e-08,0.0254065845567146,-0.0134715374471162,-9.64761851919099e-08,0.0254062165850117,-0.0134708094705998,-4.52915837592167e-08,0.0254062344881643,-0.0134707578200577
-4.12052856965365e-08,0.0256294581691277,-0.0158486721615931,-8.26419907286477e-08,0.0256294755474409,-0.0158486259959401,-4.08355143463306e-08,0.0256291584093158,-0.0158479300508629,-8.30162581648366e-08,0.0256291757869789,-0.0158478838841027
-4.40377431710047e-08,0.0257703199929591,-0.0182282382232835,-6.20891576344037e-08,0.0257703360657686,-0.0182281973110032,-4.40433955594711e-08,0.0257700618408578,-0.0182275343219258,-6.20882058659066e-08,0.0257700779135928,-0.0182274934082969
-4.52311007403099e-08,0.0258535059420477,-0.0206119031245984,-4.34680140430287e-08,0.0258535199191934,-0.0206118671908362,-4.52346828181002e-08,0.0258532828968703,-0.0206112373371865,-4.34688472905779e-08,0.025853296874115,-0.0206112014022297
-3.25651109796802e-08,0.0259028527227384,-0.0230028865653029,-3.92414343359864e-08,0.0259028640633621,-0.0230028552608679,-3.25666673571618e-08,0.0259026579989295,-0.0230022583201936,-3.92439596062853e-08,0.0259026693397509,-0.0230022270146581
-2.59106155866983e-08,0.0259410510585933,-0.025405685221624,-2.97109564949974e-08,0.0259410593921636,-0.0254056580965338,-2.59117803228483e-08,0.0259408786360644,-0.0254050941224375,-2.97134880330564e-08,0.0259408869699032,-0.0254050669963837
-1.98742748316293e-08,0.0259892389003703,-0.0278263863545938,-2.04082978391371e-08,0.0259892440200471,-0.0278263629068234,-1.98754457365271e-08,0.0259890834898464,-0.0278258317632547,-2.04104070856998e-08,0.0259890886098216,-0.0278258083146676
-1.33580556427169e-08,0.0260666888710416,-0.030272629850415,-1.25359082804989e-08,0.0260666907038323,-0.030272609533319,-1.33593847696817e-08,0.0260665460139707,-0.0302721109985278,-1.25374267156301e-08,0.0260665478470615,-0.0302720906807661
-6.87684928534938e-09,0.0261907581443448,-0.0327537004762841,-5.65108897696169e-09,0.0261907567196824,-0.0327536827090369,-6.8780509008425e-09,0.0261906242215506,-0.0327532165012907,-5.65229875680972e-09,0.0261906227971699,-0.0327531987335279
-8.22350745246723e-10,0.0263770115449562,-0.0352806485749166,5.94914148493365e-10,0.0263770069625824,-0.0352806327494175,-8.23345845340087e-10,0.0263768837371356,-0.0352801985463382,5.93927369090516e-10,0.0263768791550112,-0.0352801827204701
4.74840782656024e-09,0.0266394940971085,-0.0378664982831434,6.24205159509974e-09,0.0266394864963315,-0.0378664837672176,4.74762229719918e-09,0.0266393703140888,-0.0378660812244624,6.24126926344136e-09,0.0266393627135229,-0.0378660667083097
9.82446338480559e-09,0.0269911229592849,-0.0405265502389986,1.13062732320697e-08,0.026991112490816,-0.0405265363752423,9.82387536358105e-09,0.026991001750008,-0.0405261651456392,1.13056849020919e-08,0.0269909912817093,-0.04052615128179
1.44076376593291e-08,0.0274441832088507,-0.0432788154586143,1.5808918631565e-08,0.027444170009591,-0.0432788015583783,1.44072308109434e-08,0.0274440636618412,-0.043278461309713,1.58085136017481e-08,0.0274440504627156,-0.0432784474095107
1.85099655771237e-08,0.0280109236686772,-0.0461446296164039,1.97755220701705e-08,0.0280109078391074,-0.0461446149481852,1.85097230447396e-08,0.0280108053104359,-0.0461443053792394,1.9775286965342e-08,0.0280107894809696,-0.0461442907111731
2.21488802831589e-08,0.0287042655048835,-0.0491495146800844,2.32371282475399e-08,0.0287042470880243,-0.049149498451095,2.21487858670632e-08,0.0287041482010659,-0.0491492193061462,2.32370466370365e-08,0.0287041297842888,-0.0491492030774219
2.53450127733841e-08,0.0295386585918443,-0.0523243870719354,2.62293578043907e-08,0.0295386375521433,-0.0523243684007797,2.53450510390504e-08,0.0295385424536497,-0.0523241194829693,2.622941256917e-08,0.0295385214140188,-0.0523241008121862
-2.80693487860149e-07,-0.120208563394355,0.193442905260326,-2.74411731727905e-07,-0.120208267877101,0.193442738419345,7.02553611140879e-08,-0.120211666230824,0.193453838657255,7.65391254565448e-08,-0.120211298056435,0.193453423357483
-5.86876182528682e-06,-0.0779766066247226,0.11732885523983,-5.86873350633824e-06,-0.0779739120483783,0.117329877190726,-7.90980749230426e-07,-0.0780132002529864,0.117458442404027,-7.90938095336359e-07,-0.0780095183565681,0.117455975799169
-2.61487426906214e-05,-0.066122947578916,0.0971092136303748,-2.61470179639819e-05,-0.0661127720630539,0.0971165040114403,-5.30577273297191e-06,-0.0662499038019192,0.097571352027658,-5.30389475291823e-06,-0.0662358681501724,0.0975646521547961
-6.51198532371986e-05,-0.0548465268475404,0.0796687024183282,-6.5118531138884e-05,-0.0548218424453226,0.0796898519783866,-1.31002924713764e-05,-0.0551191040157258,0.0806866188109092,-1.30979733487255e-05,-0.0550851038155291,0.0806734214428251
-0.000121914529506835,-0.0441460002426168,0.0644991117987517,-0.000121919046001263,-0.0440995724022846,0.0645424168471074,-2.2860388541653e-05,-0.0445971069117472,0.066236841315475,-2.28602876077673e-05,-0.0445333577853635,0.0662154863956417
-0.000190650061459953,-0.0342248064419981,0.0512303737753554,-0.000190672179787326,-0.0341512003859663,0.0513022616693006,-3.30343685804533e-05,-0.0348506859548625,0.0537526003019253,-3.30398270738431e-05,-0.0347500339854201,0.0537224019046594
-0.000260925099813208,-0.0254266790105304,0.0395671300871547,-0.000260983445236691,-0.0253242979440658,0.039669527029651,-4.21928568743292e-05,-0.0261848479270999,0.0428211817520787,-4.22061527884383e-05,-0.0260454679590933,0.0427826355896714
-0.000319361567554345,-0.0181438700997358,0.0292621622415998,-0.000319483747375764,-0.0180167781944438,0.0293906950906369,-4.90869741514455e-05,-0.0189710534068177,0.0330784298357667,-4.91183354071015e-05,-0.0187983331278467,0.0330333417937392
-0.000352235477511579,-0.0127074686929052,0.0201026547757541,-0.000352438393685095,-0.0125665024062702,0.0202464077313,-5.25932659513599e-05,-0.0135548008548989,0.0242103985365354,-5.26426813400818e-05,-0.0133617500111112,0.024161923798808
-0.000348645556397274,-0.00928745421815913,0.0118961580008254,-0.000348913805983577,-0.00914978141458955,0.0120392068114503,-5.16852036246669e-05,-0.0101538219595094,0.0159518497423159,-5.17478489828893e-05,-0.00995970845132277,0.0159043519049367
-0.00030331877083631,-0.00783218100842875,0.0044520692831278,-0.000303587785960804,-0.00771856785734282,0.00457639179283209,-4.55860957409618e-05,-0.00876850139491503,0.0080768836379721,-4.56496493978928e-05,-0.0085959471925654,0.00803551596544505
-0.000218146095208089,-0.00806137251370931,-0.0024381732662655,-0.00021837619716534,-0.00799137642263448,-0.00234928923079369,-3.40623074614147e-05,-0.00913087048062033,0.000384011829540398,-3.41203413123187e-05,-0.00900211578929788,0.000353988585957143
-0.000102232318744724,-0.00950449337818249,-0.00901614598737543,-0.000102312119885036,-0.00949108403247578,-0.00897503868506355,-1.76934513422552e-05,-0.0107124895378203,-0.00731830392152943,-1.78252787714949e-05,-0.0106456139103883,-0.00733264045102056
2.97703724013087e-05,-0.0115622519158167,-0.0155612834732732,2.98863037325233e-05,-0.0116079713912174,-0.0155739083097477,1.63986921778808e-06,-0.0127938412527531,-0.0152190509040797,1.73980190450797e-06,-0.0127997153225743,-0.0152151267699017
0.000160102395237975,-0.0135715846447302,-0.0223833238697475,0.000160416963677767,-0.0136678430426169,-0.0224482990042092,2.17854241093466e-05,-0.0145815445082942,-0.0235026095987725,2.19735724528334e-05,-0.0146614640408369,-0.0234803134543529
0.000271058315939707,-0.0148671951847452,-0.029805793836156,0.000271355131422052,-0.0149968874289617,-0.0299147484527462,3.99912306443183e-05,-0.0153409522418293,-0.0323400874238859,3.98931935889068e-05,-0.0154860254816005,-0.032301890713637
0.000347779090248051,-0.0148410542398709,-0.0381449569876766,0.000347930924823461,-0.0149834301326113,-0.0382838099261433,5.32797458258643e-05,-0.0145117803774268,-0.0418825084242589,5.33716371109726e-05,-0.0147037393315126,-0.0418331056179087
0.000380684170909713,-0.0130012982329113,-0.0476921731172717,0.000380883771344806,-0.0131372558229441,-0.0478433015374415,6.02174269533981e-05,-0.011773612407016,-0.0522625306098559,6.02809646810225e-05,-0.0119876639938601,-0.0522079955662469
0.000367851117494098,-0.0090198379230999,-0.0587077688393021,0.000367957201337708,-0.00913556210751842,-0.0588529565578568,6.00067770772228e-05,-0.007041288256598,-0.0636138394030978,6.00374033329145e-05,-0.00725049768173425,-0.0635605557914816
0.00031471435496301,-0.00274858931589295,-0.0714337297129846,0.000314761914260051,-0.00283687131649568,-0.0715572063599303,5.3056835263706e-05,-0.000392703833063557,-0.0761095001532865,5.3116409274403e-05,-0.000573051761496135,-0.0760631220955887
0.00023367065185015,0.00581434634260902,-0.0861303571704304,0.000233683804634285,0.00575488680204161,-0.0862214992940298,4.10464272419777e-05,0.00805145538711871,-0.0900232146349738,4.09996523416102e-05,0.00791714454399628,-0.0899878656450186
0.000142104079314738,0.0166149274434479,-0.103143317933482,0.000142137954420458,0.0165814958362211,-0.103198515107086,2.61027525172346e-05,0.0182740212634689,-0.105821886194158,2.61474305497148e-05,0.018192001192459,-0.105799507687093
6.03547692280769e-05,0.0296850449332862,-0.123017417978226,6.03413470839362e-05,0.0296716555185983,-0.123040824750441,1.17052075652158e-05,0.0305185153143495,-0.124316025728405,1.16925116735971e-05,0.0304836105474993,-0.124305986554189
9.64798810715834e-06,0.0453339374080968,-0.146703027936972,9.63352314340966e-06,0.0453318890984651,-0.146706783786998,1.97980159596529e-06,0.0454870353367329,-0.146939873196835,1.96751970248036e-06,0.0454814455134271,-0.146938158523201
-2.24140820826854e-09,-0.0228791287687775,0.0536321012086678,2.24394213213118e-09,-0.0228791287680801,0.0536321012008449,-2.24886395381757e-09,-0.0228806437274531,0.0536348674823055,2.25117312851487e-09,-0.0228806437262645,0.053634867473489
-2.57882147777918e-10,-0.0206883240166658,0.0504109828083819,2.60739892093907e-10,-0.0206883240165674,0.0504109828091366,-2.5789145674274e-10,-0.0206897676327882,0.0504135465801168,2.60748754565898e-10,-0.0206897676326903,0.0504135465808715
-1.38643954089469e-10,-0.0185448821232279,0.0473870322802148,1.4120347606687e-10,-0.0185448821231498,0.0473870322808632,-1.38697502444233e-10,-0.0185462706570856,0.0473894248758098,1.41256559330018e-10,-0.0185462706570076,0.0473894248764586
6.26669893285512e-11,-0.0164318991097963,0.0445263213340683,-6.04515270618409e-11,-0.0164318991097718,0.044526321334647,6.25497700437111e-11,-0.0164332455418719,0.0445285679250078,-6.03349119139331e-11,-0.0164332455418479,0.0445285679255878
3.22831774116902e-10,-0.014336279006937,0.0418010793740131,-3.21009215544341e-10,-0.0143362790070038,0.0418010793745585,3.22655819868668e-10,-0.0143375936724761,0.04180320054473,-3.20833704074508e-10,-0.0143375936725427,0.0418032005452744
5.6303291118541e-10,-0.0122482107958406,0.0391882133138908,-5.61653537659286e-10,-0.0122482107960296,0.0391882133144312,5.62839316917537e-10,-0.0122495017977935,0.0391902261334645,-5.61460991989774e-10,-0.0122495017979831,0.0391902261340071
8.94029534873838e-10,-0.010160859944331,0.0366682390166213,-8.93146668294232e-10,-0.0101608599446792,0.0366682390171897,8.93646867555809e-10,-0.0101621334193913,0.036670157821626,-8.92764853399562e-10,-0.0101621334197393,0.0366701578221944
4.80766472624578e-09,-0.00807020836907335,0.0342245074866581,-4.8073313924214e-09,-0.00807020836961048,0.0342245074872798,4.80244287834093e-09,-0.0080714686524419,0.034226344454984,-4.80211070613883e-09,-0.00807146865298036,0.034226344455607
-4.27304335196029e-09,-0.00597499283684799,0.0318425707453631,4.27277378126147e-09,-0.00597499283760761,0.0318425707460679,-4.26825258792816e-09,-0.00597624255784068,0.0318443363729797,4.26798187297992e-09,-0.00597624255860074,0.0318443363736844
7.61728702647753e-09,-0.00387669185368367,0.0295099692532115,-7.61821199296572e-09,-0.00387669185469242,0.0295099692540233,7.61324884563253e-09,-0.00387793199973818,0.0295116725898268,-7.61417526203517e-09,-0.00387793200074649,0.0295116725906395
4.06233769745312e-08,-0.00177952791448988,0.0272156006564184,-4.0625006545698e-08,-0.00177952791576952,0.0272156006573643,4.0758038434106e-08,-0.00178075783148191,0.0272172497156107,-4.07596694446121e-08,-0.00178075783276199,0.0272172497165561
-4.71274737018648e-08,0.000309464596950138,0.0249497827207157,4.71250942633571e-08,0.00030946459538117,0.0249497827218175,-4.72580320071824e-08,0.000308246986221894,0.0249513841926023,4.72556506965532e-08,0.00030824698465115,0.024951384193705
1.67506233798061e-09,0.0023807162594085,0.0227041288751182,-1.67823167084094e-09,0.00238071625753888,0.0227041288763989,1.67450149955885e-09,0.00237951469998521,0.0227056891222315,-1.6776726751356e-09,0.00237951469811604,0.0227056891235136
4.80957505159556e-09,0.00442200998862163,0.0204711875396884,-4.81356619968865e-09,0.00442200998645315,0.0204711875411681,4.80482855989862e-09,0.00442082945587097,0.0204727118173533,-4.80882163805245e-09,0.0044208294537027,0.0204727118188344
2.25186988599842e-08,0.00641897883561104,0.0182446900959659,-2.25235347227232e-08,0.00641897883315301,0.0182446900976632,2.24978563811491e-08,0.00641782549068126,0.0182461830669087,-2.25026944897539e-08,0.00641782548822123,0.0182461830686056
-2.83136810538353e-08,0.00835554620876877,0.0160192343521439,2.83079876564969e-08,0.00835554620603784,0.0160192343540713,-2.82877230610974e-08,0.00835442707257905,0.0160207000811301,2.82820270214848e-08,0.00835442706984901,0.0160207000830588
6.00176890091609e-08,0.0102142313682918,0.0137910109897716,-6.00242390387041e-08,0.0102142313653242,0.0137910109919397,5.98204647961711e-08,0.0102131543071284,0.0137924526232878,-5.98270173432066e-08,0.0102131543041599,0.0137924526254567
-6.10105939905348e-08,0.0119775981684771,0.0115564306832825,6.10031961680751e-08,0.0119775981653123,0.0115564306856983,-6.08120933193418e-08,0.0119765702263839,0.0115578514997199,6.08046926244585e-08,0.0119765702232166,0.0115578515021371
-7.52639259405507e-09,0.0136282661882441,0.00931371414295734,7.51817686473474e-09,0.0136282661849318,0.00931371414562099,-7.53145873235282e-09,0.0136272954204157,0.0093151159124476,7.52324008921041e-09,0.0136272954171033,0.00931511591511169
4.07449584339225e-09,0.0151506044847505,0.00706155350395754,-4.08349086846439e-09,0.0151506044813507,0.00706155350686233,4.0783088784778e-09,0.0151496971614398,0.00706293808439762,-4.0873069392067e-09,0.0151496971580392,0.00706293808730374
2.03577133791426e-09,0.0165315434765669,0.00479976257935455,-2.04549200422812e-09,0.0165315434731399,0.0047997625824916,2.0359493197721e-09,0.0165307048516117,0.00480113118382253,-2.04567302874546e-09,0.0165307048481842,0.00480113118696046
1.33926029158109e-09,0.0177612667472109,0.00252889835529002,-1.34964081552233e-09,0.0177612667438187,0.00252889835864245,1.33979772313867e-09,0.0177605002828849,0.00253025180333211,-1.3501819168234e-09,0.0177605002794925,0.00253025180668587
-2.20843272034959e-08,0.0188342395052536,0.000250125136842083,2.20733636103536e-08,0.0188342395019532,0.000250125140388135,-2.21217094434309e-08,0.0188335466902054,0.000251463917151806,2.21107426871443e-08,0.0188335466869054,0.000251463920699191
2.18414251571667e-08,0.0197492529782453,-0.00203497152845955,-2.1852885444813e-08,0.0197492529750929,-0.00203497152474563,2.18784256321422e-08,0.0197486328213763,-0.00203364710566145,-2.18898893277373e-08,0.0197486328182219,-0.00203364710194709
-2.5362283367385e-08,0.0205105589750674,-0.0043246366793781,2.53504199896002e-08,0.020510558972102,-0.00432463667552607,-2.57901178892997e-08,0.0205100092720296,-0.00432332637110155,2.57782512012539e-08,0.020510009269064,-0.00432332636724775
-1.74321961747265e-08,0.0211261916784868,-0.0066171924552143,1.74200246242716e-08,0.021126191675739,-0.00661719245125658,-1.68089098649684e-08,0.0211257052896026,-0.00661589643748606,1.67967345215308e-08,0.0211257052868545,-0.006615896433527
4.0733745950921e-08,0.0216094028949931,-0.00891129001909263,-4.0746121556287e-08,0.0216094028924836,-0.00891129001506075,4.05321346620706e-08,0.0216089749854038,-0.00891000754917037,-4.05445139163289e-08,0.0216089749828927,-0.0089100075451376
-2.11953316203984e-08,0.0219760998748029,-0.01120597362728,2.11828469024445e-08,0.0219760998725378,-0.01120597362321,-2.18067665020885e-08,0.0219757208661435,-0.0112047050024646,2.17942786787903e-08,0.0219757208638807,-0.0112047049983937
2.25241797914751e-08,0.0222453416384705,-0.0135011285073183,-2.25366754320328e-08,0.0222453416364485,-0.0135011285032429,2.31440956462337e-08,0.0222450037096913,-0.013499871325342,-2.31565948988594e-08,0.022245003707668,-0.0134998713212648
4.6915160072543e-09,0.0224376818494645,-0.0157976518575169,-4.70393378022769e-09,0.0224376818476746,-0.0157976518534646,4.70271379615488e-09,0.022437373718833,-0.0157964064635876,-4.71513470724759e-09,0.0224373737170422,-0.015796406459534
3.65278105901055e-10,0.022574533881706,-0.0180970687520703,-3.77533243129775e-10,0.0225745338801248,-0.0180970687480713,3.50917011893445e-10,0.0225742462977072,-0.0180958334904453,-3.63175332963478e-10,0.0225742462961276,-0.0180958334864454
1.1992844730124e-09,0.022677310260331,-0.0204024976230404,-1.2113018866117e-09,0.0226773102589406,-0.0204024976191159,1.20110481476956e-09,0.0226770335460492,-0.0204012701599696,-1.21312539776064e-09,0.0226770335446564,-0.0204012701560448
-1.34907388127152e-09,0.0227665535963668,-0.0227177761280495,1.33736049509488e-09,0.0227665535951362,-0.0227177761242228,-1.34891746515459e-09,0.0227662788065608,-0.0227165542109891,1.3372014279861e-09,0.0227662788053299,-0.0227165542071597
-4.31438755885042e-10,0.0228616486472645,-0.0250481758322425,4.20086075335581e-10,0.0228616486461688,-0.0250481758285268,-4.32054299052021e-10,0.0228613675657546,-0.0250469565772935,4.20698883818679e-10,0.022861367564659,-0.0250469565735778
3.08103958693577e-10,0.0229804050498282,-0.0274001971387983,-3.19049239033105e-10,0.0229804050488416,-0.0274001971352078,3.07998713199225e-10,0.0229801103326516,-0.027398977170328,-3.18946656366182e-10,0.0229801103316646,-0.0273989771667371
2.69756137545554e-10,0.0231389389101777,-0.0297816423127721,-2.80257096749247e-10,0.0231389389092764,-0.0297816423093153,2.69866721747542e-10,0.0231386240952077,-0.029780417721613,-2.80370044621661e-10,0.0231386240943066,-0.0297804177181553
2.98543613871701e-11,0.0233517073888785,-0.0322017317321293,-3.98828487439946e-11,0.0233517073880415,-0.0322017317288097,2.99953315259586e-11,0.0233513668368758,-0.0322004980155044,-4.00261128875028e-11,0.0233513668360378,-0.0322004980121835
-2.0054271460768e-10,0.0236316755922275,-0.0346712548990049,1.91005614794086e-10,0.0236316755914358,-0.0346712548958243,-2.00420012799306e-10,0.0236313043694856,-0.0346700068814219,1.9088083715958e-10,0.0236313043686937,-0.0346700068782408
-3.77265511641185e-10,0.0239905976187965,-0.0372027848702192,3.68231481842776e-10,0.0239905976180353,-0.0372027848671759,-3.7717466714234e-10,0.0239901913320701,-0.0372015165894517,3.68138834320456e-10,0.0239901913313085,-0.0372015165864079
-4.90345215650678e-10,0.0244393933503614,-0.0398109865976721,4.81819036495072e-10,0.0244393933496165,-0.0398109865947616,-4.90291105806244e-10,0.0244389479427412,-0.0398096911439598,4.81763206646583e-10,0.024438947941997,-0.0398096911410479
-5.38036976755646e-10,0.0249886101843544,-0.0425130500138517,5.30017022723393e-10,0.0249886101836168,-0.0425130500110664,-5.38018156315907e-10,0.0249881216960299,-0.0425117193072451,5.29996733708427e-10,0.0249881216952921,-0.0425117193044597
-5.26695874121068e-10,0.0256489704295467,-0.0453292901829434,5.19176076612432e-10,0.0256489704288068,-0.0453292901802744,-5.26705774303936e-10,0.0256484347213115,-0.0453279146671823,5.19184458337467e-10,0.0256484347205713,-0.0453279146645125
-4.70644861790482e-10,0.0264320197801134,-0.0482839759104758,4.63614329489635e-10,0.0264320197793638,-0.0482839759079106,-4.70673189726787e-10,0.0264314322099123,-0.0482825441315293,4.63641476636105e-10,0.0264314322091624,-0.0482825441289629
-3.87212376821629e-10,0.0273509117234919,-0.0514064783309689,3.80657299287473e-10,0.0273509117227262,-0.0514064783284935,-3.87250493290157e-10,0.0273502667561465,-0.0514049763520594,3.80694339049167e-10,0.02735026675538,-0.0514049763495832
-2.89837385995626e-10,0.028421390225512,-0.0547328795281026,2.83741292194217e-10,0.0284213902247231,-0.0547328795256985,-2.89880220782568e-10,0.0284206809411122,-0.0547312901064385,2.83783204387629e-10,0.0284206809403234,-0.0547312901040349
-1.82521126274019e-10,0.0296630748329079,-0.0583082612727028,1.76865410694498e-10,0.0296630748320893,-0.0583082612703516,-1.82569452113001e-10,0.0296622922766175,-0.0583065626788279,1.76912862967315e-10,0.0296622922757984,-0.0583065626764752
-1.69369880023271e-08,-0.116591374001572,0.194635434404905,5.50283727119802e-10,-0.116591370335662,0.194635441907729,-6.79116550542652e-09,-0.116590303369701,0.194633725697704,1.07022053493897e-08,-0.116590297470773,0.194633725798582
-2.91027694490272e-08,-0.0758771074865445,0.111312227918529,-3.96967472866151e-08,-0.0758770842658102,0.111312287262891,4.06051241611421e-08,-0.0758764622479616,0.111310551668872,3.00076028615464e-08,-0.0758764245508594,0.111310561907293
-3.87833951599183e-08,-0.0658410520272023,0.089997627436802,-3.72291046191656e-08,-0.0658409964960212,0.0899977988478726,1.42743032493836e-07,-0.0658397977516931,0.0899934304223717,1.44295322897895e-07,-0.0658397055015816,0.0899934772282056
1.04909668590646e-08,-0.0563400271467999,0.0714735402495617,9.1907809946739e-09,-0.0563399357850336,0.0714738759381928,3.404000482182e-07,-0.0563380932008488,0.0714668124023912,3.39096688412464e-07,-0.0563379345162071,0.0714669254797338
1.18630372577783e-07,-0.0471579838539165,0.0552334152524425,1.17205773170617e-07,-0.047157864339303,0.0552339457958202,6.09859378199768e-07,-0.0471553922269045,0.055224653679256,6.08434303286923e-07,-0.0471551688490432,0.0552248564098958
2.82043722530343e-07,-0.0382668307507529,0.0409774348701757,2.7831897214054e-07,-0.0382667010755238,0.0409781614027795,9.19001021421672e-07,-0.0382636870149609,0.0409674167156862,9.15336979360074e-07,-0.0382634155400394,0.0409677210943595
4.79241329913523e-07,-0.0297740042348296,0.0285148530636388,4.79021971465301e-07,-0.0297738882918337,0.0285157458353611,1.21849181824662e-06,-0.0297705050078307,0.0285044665746201,1.21796873654753e-06,-0.0297702144084258,0.0285048715240999
6.84377195201119e-07,-0.0218661318229347,0.0177139869319918,6.92619905433633e-07,-0.0218660533311377,0.0177149891811443,1.46050795054123e-06,-0.0218625550914844,0.0177041027480276,1.4690180151825e-06,-0.021862282215358,0.0177045926910502
8.74844764365711e-07,-0.0147482088645869,0.00847864828720146,8.7764942118687e-07,-0.0147481852379365,0.00847968534924615,1.61300020567881e-06,-0.0147448702122774,0.00847003285170089,1.61580687637123e-06,-0.0147446503522231,0.00847058197602513
1.01941719706359e-06,-0.00859062461368376,0.000734306581059219,9.99069755763269e-07,-0.00859066405781017,0.000735294950934939,1.64698116615566e-06,-0.0085878242975761,0.000727559523451493,1.62675007543523e-06,-0.00858768603350701,0.000728130600054389
1.05140975279099e-06,-0.00349541370610984,-0.00557925217249844,1.0654010187941e-06,-0.00349551398974546,-0.00557839502166901,1.50968923241619e-06,-0.00349338811386035,-0.00558372896432324,1.52357775085959e-06,-0.00349334750974828,-0.00558318024371607
1.00487648151672e-06,0.000512660538412479,-0.0105161585059745,1.00344088808814e-06,0.000512511286787865,-0.0105155066096101,1.25532781255326e-06,0.000513766544426142,-0.0105181749295511,1.25389009151517e-06,0.00051370794226191,-0.010517697025398
7.70750624452641e-07,0.00347593365107568,-0.0141325089865907,9.09392447109473e-07,0.00347575458571692,-0.0141321216314307,7.9763785416735e-07,0.00347607440241271,-0.0141320835264778,9.36141917592694e-07,0.00347592831942456,-0.0141317240405554
6.43778382747577e-07,0.00548422863875397,-0.0164941412481916,5.05226893773681e-07,0.00548404344079856,-0.0164940585479303,4.52233641209024e-07,0.00548345078736201,-0.0164914853772498,3.13822771614655e-07,0.00548323935647765,-0.0164912861513624
2.27794882990921e-07,0.00665457545858783,-0.0176840309227684,2.34516064447179e-07,0.00665440795240513,-0.0176842699412023,-1.58938523543369e-07,0.00665300518512035,-0.0176795207867011,-1.52219917490015e-07,0.00665275593967807,-0.0176795120652966
-1.57432116579269e-07,0.00711610421058562,-0.0178069070800708,-1.51919396305377e-07,0.00711597549907106,-0.0178074586432215,-7.02853852538874e-07,0.00711392964409074,-0.0178010450783148,-6.9734843294325e-07,0.00711367161144283,-0.0178012401054328
-5.40653527659745e-07,0.00700047692492989,-0.0169932501532855,-5.3689674193943e-07,0.00700040131385027,-0.0169940769700032,-1.19865718537626e-06,0.00699792815041334,-0.0169866170260913,-1.19490311163172e-06,0.00699768697637682,-0.016987007913488
-8.74871628683612e-07,0.00643759084325102,-0.0154005547045171,-8.7184100045824e-07,0.00643757355433228,-0.015401591275495,-1.5933197354272e-06,0.00643491669984253,-0.0153937545787679,-1.59029205895074e-06,0.00643471150736619,-0.01539431020195
-1.11396101651655e-06,0.00555415353326616,-0.013212869529367,-1.11157869932621e-06,0.00555418970179811,-0.0132140249612167,-1.83790717877426e-06,0.00555159572803032,-0.0132064711619808,-1.83553036515029e-06,0.0055514372405181,-0.0132071378836569
-1.22068668513166e-06,0.00447337993922048,-0.0106381829973228,-1.21940871000122e-06,0.00447345544902156,-0.0106393477140427,-1.89570691024478e-06,0.00447114624803313,-0.0106326615065453,-1.89443666572507e-06,0.0044710365397207,-0.0106333675003931
-1.17376584929247e-06,0.00331456579583533,-0.00790368650760831,-1.17449005932168e-06,0.00331465998708902,-0.00790474381585193,-1.75002925858737e-06,0.00331280517866084,-0.0078993711594979,-1.75076145486186e-06,0.00331273893579698,-0.00790003489214186
-9.75941499069641e-07,0.00219197117149705,-0.00524911027048303,-9.7955073067889e-07,0.00219206120782767,-0.00524995345812851,-1.4137572874894e-06,0.00219075422324311,-0.00524614447288796,-1.41737200881517e-06,0.00219072117131547,-0.00524668760668234
-6.62785324587125e-07,0.00121306636704133,-0.00291856581759697,-6.69223648457653e-07,0.00121313280674529,-0.00291912122473104,-9.40405727817426e-07,0.00121237441964084,-0.00291688530602929,-9.46845190419828e-07,0.00121236234693423,-0.00291725005128951
-3.11950185724052e-07,0.000476659277142133,-0.00115153058976958,-3.19436251149946e-07,0.000476692301502712,-0.00115178693287366,-4.36338845438646e-07,0.000476384688350651,-0.0011508648401235,-4.43822452054228e-07,0.000476382430095734,-0.00115103567284924
-7.18389174910344e-08,7.16997391736474e-05,-0.000173683342266973,-3.9312358604483e-08,7.170573494375e-05,-0.000173727593021589,-9.2826478226027e-08,7.16586636855254e-05,-0.0001735837987491,-6.03202075348307e-08,7.1658708699962e-05,-0.000173613631233138
0,0,0,0,0,0,0,0,0,0,0,0
0,0,0,0,0,0,0,0,0,0,0,0
0,0,0,0,0,0,0,0,0,0,0,0
0,0,0,0,0,0,0,0,0,0,0,0
0,0,0,0,0,0,0,0,0,0,0,0
0,0,0,0,0,0,0,0,0,0,0,0
0,0,0,0,0,0,0,0,0,0,0,0
0,0,0,0,0,0,0,0,0,0,0,0
0,0,0,0,0,0,0,0,0,0,0,0
0,0,0,0,0,0,0,0,0,0,0,0
0,0,0,0,0,0,0,0,0,0,0,0
0,0,0,0,0,0,0,0,0,0,0,0
0,0,0,0,0,0,0,0,0,0,0,0
0,0,0,0,0,0,0,0,0,0,0,0
0,0,0,0,0,0,0,0,0,0,0,0
0,0,0,0,0,0,0,0,0,0,0,0
0,0,0,0,0,0,0,0,0,0,0,0
0,0,0,0,0,0,0,0,0,0,0,0
0,0,0,0,0,0,0,0,0,0,0,0
0,0,0,0,0,0,0,0,0,0,0,0
0,0,0,0,0,0,0,0,0,0,0,0
0,0,0,0,0,0,0,0,0,0,0,0
0,0,0,0,0,0,0,0,0,0,0,0
0,0,0,0,0,0,0,0,0,0,0,0
0,0,0,0,0,0,0,0,0,0,0,0
0,0,0,0,0,0,0,0,0,0,0,0
0,0,0,0,0,0,0,0,0,0,0,0
0,0,0,0,0,0,0,0,0,0,0,0
0,0,0,0,0,0,0,0,0,0,0,0
0,0,0,0,0,0,0,0,0,0,0,0
0,0,0,0,0,0,0,0,0,0,0,0
0,0,0,0,0,0,0,0,0,0,0,0
0,0,0,0,0,0,0,0,0,0,0,0
0,0,0,0,0,0,0,0,0,0,0,0
0,0,0,0,0,0,0,0,0,0,0,0
0,0,0,0,0,0,0,0,0,0,0,0
0,0,0,0,0,0,0,0,0,0,0,0
0,0,0,0,0,0,0,0,0,0,0,0
0,0,0,0,0,0,0,0,0,0,0,0
0,0,0,0,0,0,0,0,0,0,0,0
0,0,0,0,0,0,0,0,0,0,0,0
0,0,0,0,0,0,0,0,0,0,0,0
0,0,0,0,0,0,0,0,0,0,0,0
0,0,0,0,0,0,0,0,0,0,0,0
0,0,0,0,0,0,0,0,0,0,0,0
0,0,0,0,0,0,0,0,0,0,0,0
0,0,0,0,0,0,0,0,0,0,0,0
0,0,0,0,0,0,0,0,0,0,0,0
0,0,0,0,0,0,0,0,0,0,0,0
0,0,0,0,0,0,0,0,0,0,0,0
0,0,0,0,0,0,0,0,0,0,0,0
0,0,0,0,0,0,0,0,0,0,0,0
0,0,0,0,0,0,0,0,0,0,0,0
0,0,0,0,0,0,0,0,0,0,0,0
0,0,0,0,0,0,0,0,0,0,0,0
0,0,0,0,0,0,0,0,0,0,0,0
0,0,0,0,0,0,0,0,0,0,0,0
0,0,0,0,0,0,0,0,0,0,0,0
0,0,0,0,0,0,0,0,0,0,0,0
0,0,0,0,0,0,0,0,0,0,0,0
0,0,0,0,0,0,0,0,0,0,0,0
0,0,0,0,0,0,0,0,0,0,0,0
0,0,0,0,0,0,0,0,0,0,0,0
0,0,0,0,0,0,0,0,0,0,0,0
0,0,0,0,0,0,0,0,0,0,0,0
0,0,0,0,0,0,0,0,0,0,0,0
0,0,0,0,0,0,0,0,0,0,0,0
0,0,0,0,0,0,0,0,0,0,0,0
0,0,0,0,0,0,0,0,0,0,0,0
0,0,0,0,0,0,0,0,0,0,0,0
0,0,0,0,0,0,0,0,0,0,0,0
0,0,0,0,0,0,0,0,0,0,0,0
0,0,0,0,0,0,0,0,0,0,0,0
0,0,0,0,0,0,0,0,0,0,0,0
0,0,0,0,0,0,0,0,0,0,0,0
0,0,0,0,0,0,0,0,0,0,0,0
0,0,0,0,0,0,0,0,0,0,0,0
0,0,0,0,0,0,0,0,0,0,0,0
0,0,0,0,0,0,0,0,0,0,0,0
0,0,0,0,0,0,0,0,0,0,0,0
0,0,0,0,0,0,0,0,0,0,0,0
0,0,0,0,0,0,0,0,0,0,0,0
0,0,0,0,0,0,0,0,0,0,0,0
0,0,0,0,0,0,0,0,0,0,0,0
0,0,0,0,0,0,0,0,0,0,0,0
0,0,0,0,0,0,0,0,0,0,0,0
0,0,0,0,0,0,0,0,0,0,0,0
0,0,0,0,0,0,0,0,0,0,0,0
0,0,0,0,0,0,0,0,0,0,0,0
0,0,0,0,0,0,0,0,0,0,0,0
0,0,0,0,0,0,0,0,0,0,0,0
0,0,0,0,0,0,0,0,0,0,0,0
0,0,0,0,0,0,0,0,0,0,0,0
0,0,0,0,0,0,0,0,0,0,0,0
0,0,0,0,0,0,0,0,0,0,0,0
0,0,0,0,0,0,0,0,0,0,0,0
0,0,0,0,0,0,0,0,0,0,0,0
0,0,0,0,0,0,0,0,0,0,0,0
0,0,0,0,0,0,0,0,0,0,0,0
0,0,0,0,0,0,0,0,0,0,0,0
0,0,0,0,0,0,0,0,0,0,0,0
0,0,0,0,0,0,0,0,0,0,0,0
0,0,0,0,0,0,0,0,0,0,0,0
0,0,0,0,0,0,0,0,0,0,0,0
0,0,0,0,0,0,0,0,0,0,0,0
0,0,0,0,0,0,0,0,0,0,0,0
0,0,0,0,0,0,0,0,0,0,0,0
0,0,0,0,0,0,0,0,0,0,0,0
0,0,0,0,0,0,0,0,0,0,0,0
0,0,0,0,0,0,0,0,0,0,0,0
0,0,0,0,0,0,0,0,0,0,0,0
0,0,0,0,0,0,0,0,0,0,0,0
0,0,0,0,0,0,0,0,0,0,0,0
0,0,0,0,0,0,0,0,0,0,0,0
0,0,0,0,0,0,0,0,0,0,0,0
0,0,0,0,0,0,0,0,0,0,0,0
0,0,0,0,0,0,0,0,0,0,0,0
0,0,0,0,0,0,0,0,0,0,0,0
0,0,0,0,0,0,0,0,0,0,0,0
0,0,0,0,0,0,0,0,0,0,0,0
0,0,0,0,0,0,0,0,0,0,0,0
0,0,0,0,0,0,0,0,0,0,0,0
0,0,0,0,0,0,0,0,0,0,0,0
0,0,0,0,0,0,0,0,0,0,0,0
0,0,0,0,0,0,0,0,0,0,0,0
0,0,0,0,0,0,0,0,0,0,0,0
0,0,0,0,0,0,0,0,0,0,0,0
0,0,0,0,0,0,0,0,0,0,0,0
0,0,0,0,0,0,0,0,0,0,0,0
0,0,0,0,0,0,0,0,0,0,0,0
0,0,0,0,0,0,0,0,0,0,0,0
0,0,0,0,0,0,0,0,0,0,0,0
0,0,0,0,0,0,0,0,0,0,0,0
0,0,0,0,0,0,0,0,0,0,0,0
0,0,0,0,0,0,0,0,0,0,0,0
0,0,0,0,0,0,0,0,0,0,0,0
0,0,0,0,0,0,0,0,0,0,0,0
0,0,0,0,0,0,0,0,0,0,0,0
0,0,0,0,0,0,0,0,0,0,0,0
0,0,0,0,0,0,0,0,0,0,0,0
0,0,0,0,0,0,0,0,0,0,0,0
0,0,0,0,0,0,0,0,0,0,0,0
0,0,0,0,0,0,0,0,0,0,0,0
0,0,0,0,0,0,0,0,0,0,0,0
0,0,0,0,0,0,0,0,0,0,0,0
0,0,0,0,0,0,0,0,0,0,0,0
0,0,0,0,0,0,0,0,0,0,0,0
0,0,0,0,0,0,0,0,0,0,0,0
0,0,0,0,0,0,0,0,0,0,0,0
0,0,0,0,0,0,0,0,0,0,0,0
0,0,0,0,0,0,0,0,0,0,0,0
0,0,0,0,0,0,0,0,0,0,0,0
0,0,0,0,0,0,0,0,0,0,0,0
0,0,0,0,0,0,0,0,0,0,0,0
0,0,0,0,0,0,0,0,0,0,0,0
0,0,0,0,0,0,0,0,0,0,0,0
0,0,0,0,0,0,0,0,0,0,0,0
0,0,0,0,0,0,0,0,0,0,0,0
0,0,0,0,0,0,0,0,0,0,0,0
0,0,0,0,0,0,0,0,0,0,0,0
0,0,0,0,0,0,0,0,0,0,0,0
0,0,0,0,0,0,0,0,0,0,0,0
0,0,0,0,0,0,0,0,0,0,0,0
0,0,0,0,0,0,0,0,0,0,0,0
0,0,0,0,0,0,0,0,0,0,0,0
0,0,0,0,0,0,0,0,0,0,0,0
0,0,0,0,0,0,0,0,0,0,0,0
0,0,0,0,0,0,0,0,0,0,0,0
0,0,0,0,0,0,0,0,0,0,0,0
0,0,0,0,0,0,0,0,0,0,0,0
0,0,0,0,0,0,0,0,0,0,0,0
0,0,0,0,0,0,0,0,0,0,0,0
0,0,0,0,0,0,0,0,0,0,0,0
0,0,0,0,0,0,0,0,0,0,0,0
0,0,0,0,0,0,0,0,0,0,0,0
0,0,0,0,0,0,0,0,0,0,0,0
0,0,0,0,0,0,0,0,0,0,0,0
0,0,0,0,0,0,0,0,0,0,0,0
0,0,0,0,0,0,0,0,0,0,0,0
0,0,0,0,0,0,0,0,0,0,0,0
0,0,0,0,0,0,0,0,0,0,0,0
0,0,0,0,0,0,0,0,0,0,0,0
0,0,0,0,0,0,0,0,0,0,0,0
0,0,0,0,0,0,0,0,0,0,0,0
0,0,0,0,0,0,0,0,0,0,0,0
0,0,0,0,0,0,0,0,0,0,0,0
0,0,0,0,0,0,0,0,0,0,0,0
0,0,0,0,0,0,0,0,0,0,0,0
0,0,0,0,0,0,0,0,0,0,0,0
0,0,0,0,0,0,0,0,0,0,0,0
0,0,0,0,0,0,0,0,0,0,0,0
0,0,0,0,0,0,0,0,0,0,0,0
0,0,0,0,0,0,0,0,0,0,0,0
0,0,0,0,0,0,0,0,0,0,0,0
0,0,0,0,0,0,0,0,0,0,0,0
0,0,0,0,0,0,0,0,0,0,0,0
0,0,0,0,0,0,0,0,0,0,0,0
0,0,0,0,0,0,0,0,0,0,0,0
0,0,0,0,0,0,0,0,0,0,0,0
0,0,0,0,0,0,0,0,0,0,0,0
0,0,0,0,0,0,0,0,0,0,0,0
0,0,0,0,0,0,0,0,0,0,0,0
0,0,0,0,0,0,0,0,0,0,0,0
0,0,0,0,0,0,0,0,0,0,0,0
0,0,0,0,0,0,0,0,0,0,0,0
0,0,0,0,0,0,0,0,0,0,0,0
0,0,0,0,0,0,0,0,0,0,0,0
0,0,0,0,0,0,0,0,0,0,0,0
0,0,0,0,0,0,0,0,0,0,0,0
0,0,0,0,0,0,0,0,0,0,0,0
0,0,0,0,0,0,0,0,0,0,0,0
0,0,0,0,0,0,0,0,0,0,0,0
0,0,0,0,0,0,0,0,0,0,0,0
0,0,0,0,0,0,0,0,0,0,0,0
0,0,0,0,0,0,0,0,0,0,0,0
0,0,0,0,0,0,0,0,0,0,0,0
0,0,0,0,0,0,0,0,0,0,0,0
0,0,0,0,0,0,0,0,0,0,0,0
0,0,0,0,0,0,0,0,0,0,0,0
0,0,0,0,0,0,0,0,0,0,0,0
0,0,0,0,0,0,0,0,0,0,0,0
0,0,0,0,0,0,0,0,0,0,0,0
0,0,0,0,0,0,0,0,0,0,0,0
0,0,0,0,0,0,0,0,0,0,0,0
0,0,0,0,0,0,0,0,0,0,0,0
0,0,0,0,0,0,0,0,0,0,0,0
0,0,0,0,0,0,0,0,0,0,0,0
0,0,0,0,0,0,0,0,0,0,0,0
0,0,0,0,0,0,0,0,0,0,0,0
0,0,0,0,0,0,0,0,0,0,0,0
0,0,0,0,0,0,0,0,0,0,0,0
0,0,0,0,0,0,0,0,0,0,0,0
0,0,0,0,0,0,0,0,0,0,0,0
0,0,0,0,0,0,0,0,0,0,0,0
0,0,0,0,0,0,0,0,0,0,0,0
0,0,0,0,0,0,0,0,0,0,0,0
0,0,0,0,0,0,0,0,0,0,0,0
0,0,0,0,0,0,0,0,0,0,0,0
0,0,0,0,0,0,0,0,0,0,0,0
0,0,0,0,0,0,0,0,0,0,0,0
0,0,0,0,0,0,0,0,0,0,0,0
0,0,0,0,0,0,0,0,0,0,0,0
0,0,0,0,0,0,0,0,0,0,0,0
0,0,0,0,0,0,0,0,0,0,0,0
0,0,0,0,0,0,0,0,0,0,0,0
0,0,0,0,0,0,0,0,0,0,0,0
0,0,0,0,0,0,0,0,0,0,0,0
0,0,0,0,0,0,0,0,0,0,0,0
0,0,0,0,0,0,0,0,0,0,0,0
0,0,0,0,0,0,0,0,0,0,0,0
0,0,0,0,0,0,0,0,0,0,0,0
0,0,0,0,0,0,0,0,0,0,0,0
0,0,0,0,0,0,0,0,0,0,0,0
0,0,0,0,0,0,0,0,0,0,0,0
0,0,0,0,0,0,0,0,0,0,0,0
0,0,0,0,0,0,0,0,0,0,0,0
0,0,0,0,0,0,0,0,0,0,0,0
0,0,0,0,0,0,0,0,0,0,0,0
0,0,0,0,0,0,0,0,0,0,0,0
0,0,0,0,0,0,0,0,0,0,0,0
0,0,0,0,0,0,0,0,0,0,0,0
0,0,0,0,0,0,0,0,0,0,0,0
0,0,0,0,0,0,0,0,0,0,0,0
0,0,0,0,0,0,0,0,0,0,0,0
0,0,0,0,0,0,0,0,0,0,0,0
0,0,0,0,0,0,0,0,0,0,0,0
0,0,0,0,0,0,0,0,0,0,0,0
0,0,0,0,0,0,0,0,0,0,0,0
0,0,0,0,0,0,0,0,0,0,0,0
0,0,0,0,0,0,0,0,0,0,0,0
0,0,0,0,0,0,0,0,0,0,0,0
0,0,0,0,0,0,0,0,0,0,0,0
0,0,0,0,0,0,0,0,0,0,0,0
0,0,0,0,0,0,0,0,0,0,0,0
0,0,0,0,0,0,0,0,0,0,0,0
0,0,0,0,0,0,0,0,0,0,0,0
0,0,0,0,0,0,0,0,0,0,0,0
0,0,0,0,0,0,0,0,0,0,0,0
0,0,0,0,0,0,0,0,0,0,0,0
0,0,0,0,0,0,0,0,0,0,0,0
0,0,0,0,0,0,0,0,0,0,0,0
0,0,0,0,0,0,0,0,0,0,0,0
0,0,0,0,0,0,0,0,0,0,0,0
0,0,0,0,0,0,0,0,0,0,0,0
0,0,0,0,0,0,0,0,0,0,0,0
0,0,0,0,0,0,0,0,0,0,0,0
0,0,0,0,0,0,0,0,0,0,0,0
0,0,0,0,0,0,0,0,0,0,0,0
0,0,0,0,0,0,0,0,0,0,0,0
0,0,0,0,0,0,0,0,0,0,0,0
0,0,0,0,0,0,0,0,0,0,0,0
0,0,0,0,0,0,0,0,0,0,0,0
0,0,0,0,0,0,0,0,0,0,0,0
0,0,0,0,0,0,0,0,0,0,0,0
0,0,0,0,0,0,0,0,0,0,0,0
0,0,0,0,0,0,0,0,0,0,0,0
0,0,0,0,0,0,0,0,0,0,0,0
0,0,0,0,0,0,0,0,0,0,0,0
0,0,0,0,0,0,0,0,0,0,0,0
0,0,0,0,0,0,0,0,0,0,0,0
0,0,0,0,0,0,0,0,0,0,0,0
0,0,0,0,0,0,0,0,0,0,0,0
0,0,0,0,0,0,0,0,0,0,0,0
0,0,0,0,0,0,0,0,0,0,0,0
0,0,0,0,0,0,0,0,0,0,0,0
0,0,0,0,0,0,0,0,0,0,0,0
0,0,0,0,0,0,0,0,0,0,0,0
0,0,0,0,0,0,0,0,0,0,0,0
0,0,0,0,0,0,0,0,0,0,0,0
0,0,0,0,0,0,0,0,0,0,0,0
0,0,0,0,0,0,0,0,0,0,0,0
0,0,0,0,0,0,0,0,0,0,0,0
0,0,0,0,0,0,0,0,0,0,0,0
0,0,0,0,0,0,0,0,0,0,0,0
0,0,0,0,0,0,0,0,0,0,0,0
0,0,0,0,0,0,0,0,0,0,0,0
0,0,0,0,0,0,0,0,0,0,0,0
0,0,0,0,0,0,0,0,0,0,0,0
0,0,0,0,0,0,0,0,0,0,0,0
0,0,0,0,0,0,0,0,0,0,0,0
0,0,0,0,0,0,0,0,0,0,0,0
0,0,0,0,0,0,0,0,0,0,0,0
0,0,0,0,0,0,0,0,0,0,0,0
0,0,0,0,0,0,0,0,0,0,0,0
0,0,0,0,0,0,0,0,0,0,0,0
0,0,0,0,0,0,0,0,0,0,0,0
0,0,0,0,0,0,0,0,0,0,0,0
0,0,0,0,0,0,0,0,0,0,0,0
0,0,0,0,0,0,0,0,0,0,0,0
0,0,0,0,0,0,0,0,0,0,0,0
0,0,0,0,0,0,0,0,0,0,0,0
0,0,0,0,0,0,0,0,0,0,0,0
0,0,0,0,0,0,0,0,0,0,0,0
0,0,0,0,0,0,0,0,0,0,0,0
0,0,0,0,0,0,0,0,0,0,0,0
0,0,0,0,0,0,0,0,0,0,0,0
0,0,0,0,0,0,0,0,0,0,0,0
0,0,0,0,0,0,0,0,0,0,0,0
0,0,0,0,0,0,0,0,0,0,0,0
0,0,0,0,0,0,0,0,0,0,0,0
0,0,0,0,0,0,0,0,0,0,0,0
0,0,0,0,0,0,0,0,0,0,0,0
0,0,0,0,0,0,0,0,0,0,0,0
0,0,0,0,0,0,0,0,0,0,0,0
0,0,0,0,0,0,0,0,0,0,0,0
0,0,0,0,0,0,0,0,0,0,0,0
0,0,0,0,0,0,0,0,0,0,0,0
0,0,0,0,0,0,0,0,0,0,0,0
0,0,0,0,0,0,0,0,0,0,0,0
0,0,0,0,0,0,0,0,0,0,0,0
0,0,0,0,0,0,0,0,0,0,0,0
0,0,0,0,0,0,0,0,0,0,0,0
0,0,0,0,0,0,0,0,0,0,0,0
0,0,0,0,0,0,0,0,0,0,0,0
0,0,0,0,0,0,0,0,0,0,0,0
0,0,0,0,0,0,0,0,0,0,0,0
0,0,0,0,0,0,0,0,0,0,0,0
0,0,0,0,0,0,0,0,0,0,0,0
0,0,0,0,0,0,0,0,0,0,0,0
0,0,0,0,0,0,0,0,0,0,0,0
0,0,0,0,0,0,0,0,0,0,0,0
0,0,0,0,0,0,0,0,0,0,0,0
0,0,0,0,0,0,0,0,0,0,0,0
0,0,0,0,0,0,0,0,0,0,0,0
0,0,0,0,0,0,0,0,0,0,0,0
0,0,0,0,0,0,0,0,0,0,0,0
0,0,0,0,0,0,0,0,0,0,0,0
0,0,0,0,0,0,0,0,0,0,0,0
0,0,0,0,0,0,0,0,0,0,0,0
0,0,0,0,0,0,0,0,0,0,0,0
0,0,0,0,0,0,0,0,0,0,0,0
0,0,0,0,0,0,0,0,0,0,0,0
0,0,0,0,0,0,0,0,0,0,0,0
0,0,0,0,0,0,0,0,0,0,0,0
0,0,0,0,0,0,0,0,0,0,0,0
0,0,0,0,0,0,0,0,0,0,0,0
0,0,0,0,0,0,0,0,0,0,0,0
0,0,0,0,0,0,0,0,0,0,0,0
0,0,0,0,0,0,0,0,0,0,0,0
0,0,0,0,0,0,0,0,0,0,0,0
0,0,0,0,0,0,0,0,0,0,0,0
0,0,0,0,0,0,0,0,0,0,0,0
0,0,0,0,0,0,0,0,0,0,0,0
0,0,0,0,0,0,0,0,0,0,0,0
0,0,0,0,0,0,0,0,0,0,0,0
0,0,0,0,0,0,0,0,0,0,0,0
0,0,0,0,0,0,0,0,0,0,0,0
0,0,0,0,0,0,0,0,0,0,0,0
0,0,0,0,0,0,0,0,0,0,0,0
0,0,0,0,0,0,0,0,0,0,0,0
0,0,0,0,0,0,0,0,0,0,0,0
0,0,0,0,0,0,0,0,0,0,0,0
0,0,0,0,0,0,0,0,0,0,0,0
0,0,0,0,0,0,0,0,0,0,0,0
0,0,0,0,0,0,0,0,0,0,0,0
0,0,0,0,0,0,0,0,0,0,0,0
0,0,0,0,0,0,0,0,0,0,0,0
0,0,0,0,0,0,0,0,0,0,0,0
0,0,0,0,0,0,0,0,0,0,0,0
0,0,0,0,0,0,0,0,0,0,0,0
0,0,0,0,0,0,0,0,0,0,0,0
0,0,0,0,0,0,0,0,0,0,0,0
0,0,0,0,0,0,0,0,0,0,0,0
0,0,0,0,0,0,0,0,0,0,0,0
0,0,0,0,0,0,0,0,0,0,0,0
0,0,0,0,0,0,0,0,0,0,0,0
0,0,0,0,0,0,0,0,0,0,0,0
0,0,0,0,0,0,0,0,0,0,0,0
0,0,0,0,0,0,0,0,0,0,0,0
0,0,0,0,0,0,0,0,0,0,0,0
0,0,0,0,0,0,0,0,0,0,0,0
0,0,0,0,0,0,0,0,0,0,0,0
0,0,0,0,0,0,0,0,0,0,0,0
0,0,0,0,0,0,0,0,0,0,0,0
0,0,0,0,0,0,0,0,0,0,0,0
0,0,0,0,0,0,0,0,0,0,0,0
0,0,0,0,0,0,0,0,0,0,0,0
0,0,0,0,0,0,0,0,0,0,0,0
0,0,0,0,0,0,0,0,0,0,0,0
0,0,0,0,0,0,0,0,0,0,0,0
0,0,0,0,0,0,0,0,0,0,0,0
0,0,0,0,0,0,0,0,0,0,0,0
0,0,0,0,0,0,0,0,0,0,0,0
0,0,0,0,0,0,0,0,0,0,0,0
0,0,0,0,0,0,0,0,0,0,0,0
0,0,0,0,0,0,0,0,0,0,0,0
0,0,0,0,0,0,0,0,0,0,0,0
0,0,0,0,0,0,0,0,0,0,0,0
0,0,0,0,0,0,0,0,0,0,0,0
0,0,0,0,0,0,0,0,0,0,0,0
0,0,0,0,0,0,0,0,0,0,0,0
0,0,0,0,0,0,0,0,0,0,0,0
0,0,0,0,0,0,0,0,0,0,0,0
0,0,0,0,0,0,0,0,0,0,0,0
0,0,0,0,0,0,0,0,0,0,0,0
0,0,0,0,0,0,0,0,0,0,0,0
0,0,0,0,0,0,0,0,0,0,0,0
0,0,0,0,0,0,0,0,0,0,0,0
0,0,0,0,0,0,0,0,0,0,0,0
0,0,0,0,0,0,0,0,0,0,0,0
0,0,0,0,0,0,0,0,0,0,0,0
0,0,0,0,0,0,0,0,0,0,0,0
0,0,0,0,0,0,0,0,0,0,0,0
0,0,0,0,0,0,0,0,0,0,0,0
0,0,0,0,0,0,0,0,0,0,0,0
0,0,0,0,0,0,0,0,0,0,0,0
0,0,0,0,0,0,0,0,0,0,0,0
0,0,0,0,0,0,0,0,0,0,0,0
0,0,0,0,0,0,0,0,0,0,0,0
0,0,0,0,0,0,0,0,0,0,0,0
0,0,0,0,0,0,0,0,0,0,0,0
0,0,0,0,0,0,0,0,0,0,0,0
0,0,0,0,0,0,0,0,0,0,0,0
0,0,0,0,0,0,0,0,0,0,0,0
0,0,0,0,0,0,0,0,0,0,0,0
0,0,0,0,0,0,0,0,0,0,0,0
0,0,0,0,0,0,0,0,0,0,0,0
0,0,0,0,0,0,0,0,0,0,0,0
0,0,0,0,0,0,0,0,0,0,0,0
0,0,0,0,0,0,0,0,0,0,0,0
0,0,0,0,0,0,0,0,0,0,0,0
0,0,0,0,0,0,0,0,0,0,0,0
0,0,0,0,0,0,0,0,0,0,0,0
0,0,0,0,0,0,0,0,0,0,0,0
0,0,0,0,0,0,0,0,0,0,0,0
0,0,0,0,0,0,0,0,0,0,0,0
0,0,0,0,0,0,0,0,0,0,0,0
0,0,0,0,0,0,0,0,0,0,0,0
0,0,0,0,0,0,0,0,0,0,0,0
0,0,0,0,0,0,0,0,0,0,0,0
0,0,0,0,0,0,0,0,0,0,0,0
0,0,0,0,0,0,0,0,0,0,0,0
0,0,0,0,0,0,0,0,0,0,0,0
0,0,0,0,0,0,0,0,0,0,0,0
0,0,0,0,0,0,0,0,0,0,0,0
0,0,0,0,0,0,0,0,0,0,0,0
0,0,0,0,0,0,0,0,0,0,0,0
0,0,0,0,0,0,0,0,0,0,0,0
0,0,0,0,0,0,0,0,0,0,0,0
0,0,0,0,0,0,0,0,0,0,0,0
0,0,0,0,0,0,0,0,0,0,0,0
0,0,0,0,0,0,0,0,0,0,0,0
0,0,0,0,0,0,0,0,0,0,0,0
0,0,0,0,0,0,0,0,0,0,0,0
0,0,0,0,0,0,0,0,0,0,0,0
0,0,0,0,0,0,0,0,0,0,0,0
0,0,0,0,0,0,0,0,0,0,0,0
0,0,0,0,0,0,0,0,0,0,0,0
0,0,0,0,0,0,0,0,0,0,0,0
0,0,0,0,0,0,0,0,0,0,0,0
0,0,0,0,0,0,0,0,0,0,0,0
0,0,0,0,0,0,0,0,0,0,0,0
0,0,0,0,0,0,0,0,0,0,0,0
0,0,0,0,0,0,0,0,0,0,0,0
0,0,0,0,0,0,0,0,0,0,0,0
0,0,0,0,0,0,0,0,0,0,0,0
0,0,0,0,0,0,0,0,0,0,0,0
0,0,0,0,0,0,0,0,0,0,0,0
0,0,0,0,0,0,0,0,0,0,0,0
0,0,0,0,0,0,0,0,0,0,0,0
0,0,0,0,0,0,0,0,0,0,0,0
0,0,0,0,0,0,0,0,0,0,0,0
0,0,0,0,0,0,0,0,0,0,0,0
0,0,0,0,0,0,0,0,0,0,0,0
0,0,0,0,0,0,0,0,0,0,0,0
0,0,0,0,0,0,0,0,0,0,0,0
0,0,0,0,0,0,0,0,0,0,0,0
0,0,0,0,0,0,0,0,0,0,0,0
0,0,0,0,0,0,0,0,0,0,0,0
0,0,0,0,0,0,0,0,0,0,0,0
0,0,0,0,0,0,0,0,0,0,0,0
0,0,0,0,0,0,0,0,0,0,0,0
0,0,0,0,0,0,0,0,0,0,0,0
0,0,0,0,0,0,0,0,0,0,0,0
0,0,0,0,0,0,0,0,0,0,0,0
0,0,0,0,0,0,0,0,0,0,0,0
0,0,0,0,0,0,0,0,0,0,0,0
0,0,0,0,0,0,0,0,0,0,0,0
0,0,0,0,0,0,0,0,0,0,0,0
0,0,0,0,0,0,0,0,0,0,0,0
0,0,0,0,0,0,0,0,0,0,0,0
0,0,0,0,0,0,0,0,0,0,0,0
0,0,0,0,0,0,0,0,0,0,0,0
0,0,0,0,0,0,0,0,0,0,0,0
0,0,0,0,0,0,0,0,0,0,0,0
0,0,0,0,0,0,0,0,0,0,0,0
0,0,0,0,0,0,0,0,0,0,0,0
0,0,0,0,0,0,0,0,0,0,0,0
0,0,0,0,0,0,0,0,0,0,0,0
0,0,0,0,0,0,0,0,0,0,0,0
0,0,0,0,0,0,0,0,0,0,0,0
0,0,0,0,0,0,0,0,0,0,0,0
0,0,0,0,0,0,0,0,0,0,0,0
0,0,0,0,0,0,0,0,0,0,0,0
0,0,0,0,0,0,0,0,0,0,0,0
0,0,0,0,0,0,0,0,0,0,0,0
0,0,0,0,0,0,0,0,0,0,0,0
0,0,0,0,0,0,0,0,0,0,0,0
0,0,0,0,0,0,0,0,0,0,0,0
0,0,0,0,0,0,0,0,0,0,0,0
0,0,0,0,0,0,0,0,0,0,0,0
0,0,0,0,0,0,0,0,0,0,0,0
0,0,0,0,0,0,0,0,0,0,0,0
0,0,0,0,0,0,0,0,0,0,0,0
0,0,0,0,0,0,0,0,0,0,0,0
0,0,0,0,0,0,0,0,0,0,0,0
0,0,0,0,0,0,0,0,0,0,0,0
0,0,0,0,0,0,0,0,0,0,0,0
0,0,0,0,0,0,0,0,0,0,0,0
0,0,0,0,0,0,0,0,0,0,0,0
0,0,0,0,0,0,0,0,0,0,0,0
0,0,0,0,0,0,0,0,0,0,0,0
0,0,0,0,0,0,0,0,0,0,0,0
0,0,0,0,0,0,0,0,0,0,0,0
0,0,0,0,0,0,0,0,0,0,0,0
0,0,0,0,0,0,0,0,0,0,0,0
0,0,0,0,0,0,0,0,0,0,0,0
0,0,0,0,0,0,0,0,0,0,0,0
0,0,0,0,0,0,0,0,0,0,0,0
0,0,0,0,0,0,0,0,0,0,0,0
0,0,0,0,0,0,0,0,0,0,0,0
0,0,0,0,0,0,0,0,0,0,0,0
0,0,0,0,0,0,0,0,0,0,0,0
0,0,0,0,0,0,0,0,0,0,0,0
0,0,0,0,0,0,0,0,0,0,0,0
0,0,0,0,0,0,0,0,0,0,0,0
0,0,0,0,0,0,0,0,0,0,0,0
0,0,0,0,0,0,0,0,0,0,0,0
0,0,0,0,0,0,0,0,0,0,0,0
0,0,0,0,0,0,0,0,0,0,0,0
0,0,0,0,0,0,0,0,0,0,0,0
0,0,0,0,0,0,0,0,0,0,0,0
0,0,0,0,0,0,0,0,0,0,0,0
0,0,0,0,0,0,0,0,0,0,0,0
0,0,0,0,0,0,0,0,0,0,0,0
0,0,0,0,0,0,0,0,0,0,0,0
0,0,0,0,0,0,0,0,0,0,0,0
0,0,0,0,0,0,0,0,0,0,0,0
0,0,0,0,0,0,0,0,0,0,0,0
0,0,0,0,0,0,0,0,0,0,0,0
0,0,0,0,0,0,0,0,0,0,0,0
0,0,0,0,0,0,0,0,0,0,0,0
0,0,0,0,0,0,0,0,0,0,0,0
0,0,0,0,0,0,0,0,0,0,0,0
0,0,0,0,0,0,0,0,0,0,0,0
0,0,0,0,0,0,0,0,0,0,0,0
0,0,0,0,0,0,0,0,0,0,0,0
0,0,0,0,0,0,0,0,0,0,0,0
0,0,0,0,0,0,0,0,0,0,0,0
0,0,0,0,0,0,0,0,0,0,0,0
0,0,0,0,0,0,0,0,0,0,0,0
0,0,0,0,0,0,0,0,0,0,0,0
0,0,0,0,0,0,0,0,0,0,0,0
0,0,0,0,0,0,0,0,0,0,0,0
0,0,0,0,0,0,0,0,0,0,0,0
0,0,0,0,0,0,0,0,0,0,0,0
0,0,0,0,0,0,0,0,0,0,0,0
0,0,0,0,0,0,0,0,0,0,0,0
0,0,0,0,0,0,0,0,0,0,0,0
0,0,0,0,0,0,0,0,0,0,0,0
0,0,0,0,0,0,0,0,0,0,0,0
0,0,0,0,0,0,0,0,0,0,0,0
0,0,0,0,0,0,0,0,0,0,0,0
0,0,0,0,0,0,0,0,0,0,0,0
0,0,0,0,0,0,0,0,0,0,0,0
0,0,0,0,0,0,0,0,0,0,0,0
0,0,0,0,0,0,0,0,0,0,0,0
0,0,0,0,0,0,0,0,0,0,0,0
0,0,0,0,0,0,0,0,0,0,0,0
0,0,0,0,0,0,0,0,0,0,0,0
0,0,0,0,0,0,0,0,0,0,0,0
0,0,0,0,0,0,0,0,0,0,0,0
0,0,0,0,0,0,0,0,0,0,0,0
0,0,0,0,0,0,0,0,0,0,0,0
0,0,0,0,0,0,0,0,0,0,0,0
0,0,0,0,0,0,0,0,0,0,0,0
0,0,0,0,0,0,0,0,0,0,0,0
0,0,0,0,0,0,0,0,0,0,0,0
0,0,0,0,0,0,0,0,0,0,0,0
0,0,0,0,0,0,0,0,0,0,0,0
0,0,0,0,0,0,0,0,0,0,0,0
0,0,0,0,0,0,0,0,0,0,0,0
0,0,0,0,0,0,0,0,0,0,0,0
0,0,0,0,0,0,0,0,0,0,0,0
0,0,0,0,0,0,0,0,0,0,0,0
0,0,0,0,0,0,0,0,0,0,0,0
0,0,0,0,0,0,0,0,0,0,0,0
0,0,0,0,0,0,0,0,0,0,0,0
0,0,0,0,0,0,0,0,0,0,0,0
0,0,0,0,0,0,0,0,0,0,0,0
0,0,0,0,0,0,0,0,0,0,0,0
0,0,0,0,0,0,0,0,0,0,0,0
0,0,0,0,0,0,0,0,0,0,0,0
0,0,0,0,0,0,0,0,0,0,0,0
0,0,0,0,0,0,0,0,0,0,0,0
0,0,0,0,0,0,0,0,0,0,0,0
0,0,0,0,0,0,0,0,0,0,0,0
0,0,0,0,0,0,0,0,0,0,0,0
0,0,0,0,0,0,0,0,0,0,0,0
0,0,0,0,0,0,0,0,0,0,0,0
0,0,0,0,0,0,0,0,0,0,0,0
0,0,0,0,0,0,0,0,0,0,0,0
0,0,0,0,0,0,0,0,0,0,0,0
0,0,0,0,0,0,0,0,0,0,0,0
0,0,0,0,0,0,0,0,0,0,0,0
0,0,0,0,0,0,0,0,0,0,0,0
0,0,0,0,0,0,0,0,0,0,0,0
0,0,0,0,0,0,0,0,0,0,0,0
0,0,0,0,0,0,0,0,0,0,0,0
0,0,0,0,0,0,0,0,0,0,0,0
0,0,0,0,0,0,0,0,0,0,0,0
0,0,0,0,0,0,0,0,0,0,0,0
0,0,0,0,0,0,0,0,0,0,0,0
0,0,0,0,0,0,0,0,0,0,0,0
0,0,0,0,0,0,0,0,0,0,0,0
0,0,0,0,0,0,0,0,0,0,0,0
0,0,0,0,0,0,0,0,0,0,0,0
0,0,0,0,0,0,0,0,0,0,0,0
0,0,0,0,0,0,0,0,0,0,0,0
0,0,0,0,0,0,0,0,0,0,0,0
0,0,0,0,0,0,0,0,0,0,0,0
0,0,0,0,0,0,0,0,0,0,0,0
0,0,0,0,0,0,0,0,0,0,0,0
0,0,0,0,0,0,0,0,0,0,0,0
0,0,0,0,0,0,0,0,0,0,0,0
0,0,0,0,0,0,0,0,0,0,0,0
0,0,0,0,0,0,0,0,0,0,0,0
0,0,0,0,0,0,0,0,0,0,0,0
0,0,0,0,0,0,0,0,0,0,0,0
0,0,0,0,0,0,0,0,0,0,0,0
0,0,0,0,0,0,0,0,0,0,0,0
0,0,0,0,0,0,0,0,0,0,0,0
0,0,0,0,0,0,0,0,0,0,0,0
0,0,0,0,0,0,0,0,0,0,0,0
0,0,0,0,0,0,0,0,0,0,0,0
0,0,0,0,0,0,0,0,0,0,0,0
0,0,0,0,0,0,0,0,0,0,0,0
0,0,0,0,0,0,0,0,0,0,0,0
0,0,0,0,0,0,0,0,0,0,0,0
0,0,0,0,0,0,0,0,0,0,0,0
0,0,0,0,0,0,0,0,0,0,0,0
0,0,0,0,0,0,0,0,0,0,0,0
0,0,0,0,0,0,0,0,0,0,0,0
0,0,0,0,0,0,0,0,0,0,0,0
0,0,0,0,0,0,0,0,0,0,0,0
0,0,0,0,0,0,0,0,0,0,0,0
0,0,0,0,0,0,0,0,0,0,0,0
0,0,0,0,0,0,0,0,0,0,0,0
0,0,0,0,0,0,0,0,0,0,0,0
0,0,0,0,0,0,0,0,0,0,0,0
0,0,0,0,0,0,0,0,0,0,0,0
0,0,0,0,0,0,0,0,0,0,0,0
0,0,0,0,0,0,0,0,0,0,0,0
0,0,0,0,0,0,0,0,0,0,0,0
0,0,0,0,0,0,0,0,0,0,0,0
0,0,0,0,0,0,0,0,0,0,0,0
0,0,0,0,0,0,0,0,0,0,0,0
0,0,0,0,0,0,0,0,0,0,0,0
0,0,0,0,0,0,0,0,0,0,0,0
0,0,0,0,0,0,0,0,0,0,0,0
0,0,0,0,0,0,0,0,0,0,0,0
0,0,0,0,0,0,0,0,0,0,0,0
0,0,0,0,0,0,0,0,0,0,0,0
0,0,0,0,0,0,0,0,0,0,0,0
0,0,0,0,0,0,0,0,0,0,0,0
0,0,0,0,0,0,0,0,0,0,0,0
0,0,0,0,0,0,0,0,0,0,0,0
0,0,0,0,0,0,0,0,0,0,0,0
0,0,0,0,0,0,0,0,0,0,0,0
0,0,0,0,0,0,0,0,0,0,0,0
0,0,0,0,0,0,0,0,0,0,0,0
0,0,0,0,0,0,0,0,0,0,0,0
0,0,0,0,0,0,0,0,0,0,0,0
0,0,0,0,0,0,0,0,0,0,0,0
0,0,0,0,0,0,0,0,0,0,0,0
0,0,0,0,0,0,0,0,0,0,0,0
0,0,0,0,0,0,0,0,0,0,0,0
0,0,0,0,0,0,0,0,0,0,0,0
0,0,0,0,0,0,0,0,0,0,0,0
0,0,0,0,0,0,0,0,0,0,0,0
0,0,0,0,0,0,0,0,0,0,0,0
0,0,0,0,0,0,0,0,0,0,0,0
0,0,0,0,0,0,0,0,0,0,0,0
0,0,0,0,0,0,0,0,0,0,0,0
0,0,0,0,0,0,0,0,0,0,0,0
0,0,0,0,0,0,0,0,0,0,0,0
0,0,0,0,0,0,0,0,0,0,0,0
0,0,0,0,0,0,0,0,0,0,0,0
0,0,0,0,0,0,0,0,0,0,0,0
0,0,0,0,0,0,0,0,0,0,0,0
0,0,0,0,0,0,0,0,0,0,0,0
0,0,0,0,0,0,0,0,0,0,0,0
0,0,0,0,0,0,0,0,0,0,0,0
0,0,0,0,0,0,0,0,0,0,0,0
0,0,0,0,0,0,0,0,0,0,0,0
0,0,0,0,0,0,0,0,0,0,0,0
0,0,0,0,0,0,0,0,0,0,0,0
0,0,0,0,0,0,0,0,0,0,0,0
0,0,0,0,0,0,0,0,0,0,0,0
0,0,0,0,0,0,0,0,0,0,0,0
0,0,0,0,0,0,0,0,0,0,0,0
0,0,0,0,0,0,0,0,0,0,0,0
0,0,0,0,0,0,0,0,0,0,0,0
0,0,0,0,0,0,0,0,0,0,0,0
0,0,0,0,0,0,0,0,0,0,0,0
0,0,0,0,0,0,0,0,0,0,0,0
0,0,0,0,0,0,0,0,0,0,0,0
0,0,0,0,0,0,0,0,0,0,0,0
0,0,0,0,0,0,0,0,0,0,0,0
0,0,0,0,0,0,0,0,0,0,0,0
0,0,0,0,0,0,0,0,0,0,0,0
0,0,0,0,0,0,0,0,0,0,0,0
