0,0,0,0,0,0,0.27,0,0,0,0.1,0,0,0.2,-0.05,-0.27,0.2,0.05,-0.27,-0.183,-0.12,-0.27,-0.183,0.12,-0.27
0,0,0,0,0.001,0,0.27,0,0,0,0.1,0,0,0.199,-0.05,-0.27,0.199,0.05,-0.27,-0.184,-0.12,-0.27,-0.184,0.12,-0.27
0,0,0,0,0.002,0,0.27,0,0,0,0.1,0,0,0.198,-0.05,-0.27,0.198,0.05,-0.27,-0.185,-0.12,-0.27,-0.185,0.12,-0.27
0,0,0,0,0.003,0,0.27,0,0,0,0.1,0,0,0.197,-0.05,-0.27,0.197,0.05,-0.27,-0.186,-0.12,-0.27,-0.186,0.12,-0.27
0,0,0,0,0.004,0,0.27,0,0,0,0.1,0,0,0.196,-0.05,-0.27,0.196,0.05,-0.27,-0.187,-0.12,-0.27,-0.187,0.12,-0.27
0,0,0,0,0.005,0,0.27,0,0,0,0.1,0,0,0.195,-0.05,-0.27,0.195,0.05,-0.27,-0.188,-0.12,-0.27,-0.188,0.12,-0.27
0,0,0,0,0.006,0,0.27,0,0,0,0.1,0,0,0.194,-0.05,-0.27,0.194,0.05,-0.27,-0.189,-0.12,-0.27,-0.189,0.12,-0.27
0,0,0,0,0.007,0,0.27,0,0,0,0.1,0,0,0.193,-0.05,-0.27,0.193,0.05,-0.27,-0.19,-0.12,-0.27,-0.19,0.12,-0.27
0,0,0,0,0.008,0,0.27,0,0,0,0.1,0,0,0.192,-0.05,-0.27,0.192,0.05,-0.27,-0.191,-0.12,-0.27,-0.191,0.12,-0.27
0,0,0,0,0.009,0,0.27,0,0,0,0.1,0,0,0.191,-0.05,-0.27,0.191,0.05,-0.27,-0.192,-0.12,-0.27,-0.192,0.12,-0.27
0,0,0,0,0.01,0,0.27,0,0,0,0.1,0,0,0.19,-0.05,-0.27,0.19,0.05,-0.27,-0.193,-0.12,-0.27,-0.193,0.12,-0.27
0,0,0,0,0.011,0,0.27,0,0,0,0.1,0,0,0.189,-0.05,-0.27,0.189,0.05,-0.27,-0.194,-0.12,-0.27,-0.194,0.12,-0.27
0,0,0,0,0.012,0,0.27,0,0,0,0.1,0,0,0.188,-0.05,-0.27,0.188,0.05,-0.27,-0.195,-0.12,-0.27,-0.195,0.12,-0.27
0,0,0,0,0.013,0,0.27,0,0,0,0.1,0,0,0.187,-0.05,-0.27,0.187,0.05,-0.27,-0.196,-0.12,-0.27,-0.196,0.12,-0.27
0,0,0,0,0.014,0,0.27,0,0,0,0.1,0,0,0.186,-0.05,-0.27,0.186,0.05,-0.27,-0.197,-0.12,-0.27,-0.197,0.12,-0.27
0,0,0,0,0.015,0,0.27,0,0,0,0.1,0,0,0.185,-0.05,-0.27,0.185,0.05,-0.27,-0.198,-0.12,-0.27,-0.198,0.12,-0.27
0,0,0,0,0.016,0,0.27,0,0,0,0.1,0,0,0.184,-0.05,-0.27,0.184,0.05,-0.27,-0.199,-0.12,-0.27,-0.199,0.12,-0.27
0,0,0,0,0.017,0,0.27,0,0,0,0.1,0,0,0.183,-0.05,-0.27,0.183,0.05,-0.27,-0.2,-0.12,-0.27,-0.2,0.12,-0.27
0,0,0,0,0.018,0,0.27,0,0,0,0.1,0,0,0.182,-0.05,-0.27,0.182,0.05,-0.27,-0.201,-0.12,-0.27,-0.201,0.12,-0.27
0,0,0,0,0.019,0,0.27,0,0,0,0.1,0,0,0.181,-0.05,-0.27,0.181,0.05,-0.27,-0.202,-0.12,-0.27,-0.202,0.12,-0.27
0,0,0,0,0.02,0,0.27,0,0,0,0.1,0,0,0.18,-0.05,-0.27,0.18,0.05,-0.27,-0.203,-0.12,-0.27,-0.203,0.12,-0.27
0,0,0,0,0.021,0,0.27,0,0,0,0.4,0,0,0.18,-0.05,-0.27,0.18,0.05,-0.27,-0.203,-0.12,-0.27,-0.203,0.12,-0.27
1,0,0,0,0.021,0,0.27,0,0,0,0.4,0,0,0.179,-0.05,-0.27,0,0.9,-1.8,0,0.9,-1.8,-0.204,0.12,-0.27
1,0,0,0,0.025,0,0.27,0,0,0,0.4,0,0,0.175,-0.05,-0.27,0,0.9,-1.8,0,0.9,-1.8,-0.208,0.12,-0.27
1,0,0,0,0.029,0,0.27,0,0,0,0.4,0,0,0.171,-0.05,-0.27,0,0.9,-1.8,0,0.9,-1.8,-0.212,0.12,-0.27
1,0,0,0,0.033,0,0.27,0,0,0,0.4,0,0,0.167,-0.05,-0.27,0,0.9,-1.8,0,0.9,-1.8,-0.216,0.12,-0.27
1,0,0,0,0.037,0,0.27,0,0,0,0.4,0,0,0.163,-0.05,-0.27,0,0.9,-1.8,0,0.9,-1.8,-0.22,0.12,-0.27
1,0,0,0,0.041,0,0.27,0,0,0,0.4,0,0,0.159,-0.05,-0.27,0,0.9,-1.8,0,0.9,-1.8,-0.224,0.12,-0.27
1,0,0,0,0.045,0,0.27,0,0,0,0.4,0,0,0.155,-0.05,-0.27,0,0.9,-1.8,0,0.9,-1.8,-0.228,0.12,-0.27
1,0,0,0,0.049,0,0.27,0,0,0,0.4,0,0,0.151,-0.05,-0.27,0,0.9,-1.8,0,0.9,-1.8,-0.232,0.12,-0.27
1,0,0,0,0.053,0,0.27,0,0,0,0.4,0,0,0.147,-0.05,-0.27,0,0.9,-1.8,0,0.9,-1.8,-0.236,0.12,-0.27
1,0,0,0,0.057,0,0.27,0,0,0,0.4,0,0,0.143,-0.05,-0.27,0,0.9,-1.8,0,0.9,-1.8,-0.24,0.12,-0.27
1,0,0,0,0.061,0,0.27,0,0,0,0.4,0,0,0.139,-0.05,-0.27,0,0.9,-1.8,0,0.9,-1.8,-0.244,0.12,-0.27
1,0,0,0,0.065,0,0.27,0,0,0,0.4,0,0,0.135,-0.05,-0.27,0,0.9,-1.8,0,0.9,-1.8,-0.248,0.12,-0.27
1,0,0,0,0.069,0,0.27,0,0,0,0.4,0,0,0.131,-0.05,-0.27,0,0.9,-1.8,0,0.9,-1.8,-0.252,0.12,-0.27
1,0,0,0,0.073,0,0.27,0,0,0,0.4,0,0,0.127,-0.05,-0.27,0,0.9,-1.8,0,0.9,-1.8,-0.256,0.12,-0.27
1,0,0,0,0.077,0,0.27,0,0,0,0.4,0,0,0.123,-0.05,-0.27,0,0.9,-1.8,0,0.9,-1.8,-0.26,0.12,-0.27
1,0,0,0,0.081,0,0.27,0,0,0,0.4,0,0,0.119,-0.05,-0.27,0,0.9,-1.8,0,0.9,-1.8,-0.264,0.12,-0.27
1,0,0,0,0.085,0,0.27,0,0,0,0.4,0,0,0.115,-0.05,-0.27,0,0.9,-1.8,0,0.9,-1.8,-0.268,0.12,-0.27
1,0,0,0,0.089,0,0.27,0,0,0,0.4,0,0,0.111,-0.05,-0.27,0,0.9,-1.8,0,0.9,-1.8,-0.272,0.12,-0.27
1,0,0,0,0.093,0,0.27,0,0,0,0.4,0,0,0.107,-0.05,-0.27,0,0.9,-1.8,0,0.9,-1.8,-0.276,0.12,-0.27
1,0,0,0,0.097,0,0.27,0,0,0,0.4,0,0,0.103,-0.05,-0.27,0,0.9,-1.8,0,0.9,-1.8,-0.28,0.12,-0.27
1,0,0,0,0.101,0,0.27,0,0,0,0.4,0,0,0.103,-0.05,-0.27,0,0.9,-1.8,0,0.9,-1.8,-0.28,0.12,-0.27
2,0,0,0,0.101,0,0.27,0,0,0,0.4,0,0,0,0.9,-1.8,0,0.9,-1.8,0,0.9,-1.8,0,0.9,-1.8
2,0,0,0,0.105,0,0.27,0,0,0,0.4,0,0,0,0.9,-1.8,0,0.9,-1.8,0,0.9,-1.8,0,0.9,-1.8
2,0,0,0,0.109,0,0.27,0,0,0,0.4,0,0,0,0.9,-1.8,0,0.9,-1.8,0,0.9,-1.8,0,0.9,-1.8
2,0,0,0,0.113,0,0.27,0,0,0,0.4,0,0,0,0.9,-1.8,0,0.9,-1.8,0,0.9,-1.8,0,0.9,-1.8
2,0,0,0,0.117,0,0.27,0,0,0,0.4,0,0,0,0.9,-1.8,0,0.9,-1.8,0,0.9,-1.8,0,0.9,-1.8
2,0,0,0,0.121,0,0.27,0,0,0,0.4,0,0,0,0.9,-1.8,0,0.9,-1.8,0,0.9,-1.8,0,0.9,-1.8
3,0,0,0,0.121,0,0.27,0,0,0,0.4,0,0,0,0.9,-1.8,0.232,0.05,-0.27,-0.151,-0.12,-0.27,0,0.9,-1.8
3,0,0,0,0.125,0,0.27,0,0,0,0.4,0,0,0,0.9,-1.8,0.228,0.05,-0.27,-0.155,-0.12,-0.27,0,0.9,-1.8
3,0,0,0,0.129,0,0.27,0,0,0,0.4,0,0,0,0.9,-1.8,0.224,0.05,-0.27,-0.159,-0.12,-0.27,0,0.9,-1.8
3,0,0,0,0.133,0,0.27,0,0,0,0.4,0,0,0,0.9,-1.8,0.22,0.05,-0.27,-0.163,-0.12,-0.27,0,0.9,-1.8
3,0,0,0,0.137,0,0.27,0,0,0,0.4,0,0,0,0.9,-1.8,0.216,0.05,-0.27,-0.167,-0.12,-0.27,0,0.9,-1.8
3,0,0,0,0.141,0,0.27,0,0,0,0.4,0,0,0,0.9,-1.8,0.212,0.05,-0.27,-0.171,-0.12,-0.27,0,0.9,-1.8
3,0,0,0,0.145,0,0.27,0,0,0,0.4,0,0,0,0.9,-1.8,0.208,0.05,-0.27,-0.175,-0.12,-0.27,0,0.9,-1.8
3,0,0,0,0.149,0,0.27,0,0,0,0.4,0,0,0,0.9,-1.8,0.204,0.05,-0.27,-0.179,-0.12,-0.27,0,0.9,-1.8
3,0,0,0,0.153,0,0.27,0,0,0,0.4,0,0,0,0.9,-1.8,0.2,0.05,-0.27,-0.183,-0.12,-0.27,0,0.9,-1.8
3,0,0,0,0.157,0,0.27,0,0,0,0.4,0,0,0,0.9,-1.8,0.196,0.05,-0.27,-0.187,-0.12,-0.27,0,0.9,-1.8
3,0,0,0,0.161,0,0.27,0,0,0,0.4,0,0,0,0.9,-1.8,0.192,0.05,-0.27,-0.191,-0.12,-0.27,0,0.9,-1.8
3,0,0,0,0.165,0,0.27,0,0,0,0.4,0,0,0,0.9,-1.8,0.188,0.05,-0.27,-0.195,-0.12,-0.27,0,0.9,-1.8
3,0,0,0,0.169,0,0.27,0,0,0,0.4,0,0,0,0.9,-1.8,0.184,0.05,-0.27,-0.199,-0.12,-0.27,0,0.9,-1.8
3,0,0,0,0.173,0,0.27,0,0,0,0.4,0,0,0,0.9,-1.8,0.18,0.05,-0.27,-0.203,-0.12,-0.27,0,0.9,-1.8
3,0,0,0,0.177,0,0.27,0,0,0,0.4,0,0,0,0.9,-1.8,0.176,0.05,-0.27,-0.207,-0.12,-0.27,0,0.9,-1.8
3,0,0,0,0.181,0,0.27,0,0,0,0.4,0,0,0,0.9,-1.8,0.172,0.05,-0.27,-0.211,-0.12,-0.27,0,0.9,-1.8
3,0,0,0,0.185,0,0.27,0,0,0,0.4,0,0,0,0.9,-1.8,0.168,0.05,-0.27,-0.215,-0.12,-0.27,0,0.9,-1.8
3,0,0,0,0.189,0,0.27,0,0,0,0.4,0,0,0,0.9,-1.8,0.164,0.05,-0.27,-0.219,-0.12,-0.27,0,0.9,-1.8
3,0,0,0,0.193,0,0.27,0,0,0,0.4,0,0,0,0.9,-1.8,0.16,0.05,-0.27,-0.223,-0.12,-0.27,0,0.9,-1.8
3,0,0,0,0.197,0,0.27,0,0,0,0.4,0,0,0,0.9,-1.8,0.156,0.05,-0.27,-0.227,-0.12,-0.27,0,0.9,-1.8
3,0,0,0,0.201,0,0.27,0,0,0,0.4,0,0,0,0.9,-1.8,0.156,0.05,-0.27,-0.227,-0.12,-0.27,0,0.9,-1.8
4,0,0,0,0.201,0,0.27,0,0,0,0.4,0,0,0,0.9,-1.8,0,0.9,-1.8,0,0.9,-1.8,0,0.9,-1.8
4,0,0,0,0.205,0,0.27,0,0,0,0.4,0,0,0,0.9,-1.8,0,0.9,-1.8,0,0.9,-1.8,0,0.9,-1.8
4,0,0,0,0.209,0,0.27,0,0,0,0.4,0,0,0,0.9,-1.8,0,0.9,-1.8,0,0.9,-1.8,0,0.9,-1.8
4,0,0,0,0.213,0,0.27,0,0,0,0.4,0,0,0,0.9,-1.8,0,0.9,-1.8,0,0.9,-1.8,0,0.9,-1.8
4,0,0,0,0.217,0,0.27,0,0,0,0.6,0,0,0,0.9,-1.8,0,0.9,-1.8,0,0.9,-1.8,0,0.9,-1.8
5,0,0,0,0.217,0,0.27,0,0,0,0.6,0,0,0.232,-0.05,-0.27,0,0.9,-1.8,0,0.9,-1.8,-0.151,0.12,-0.27
5,0,0,0,0.223,0,0.27,0,0,0,0.6,0,0,0.226,-0.05,-0.27,0,0.9,-1.8,0,0.9,-1.8,-0.157,0.12,-0.27
5,0,0,0,0.229,0,0.27,0,0,0,0.6,0,0,0.22,-0.05,-0.27,0,0.9,-1.8,0,0.9,-1.8,-0.163,0.12,-0.27
5,0,0,0,0.235,0,0.27,0,0,0,0.6,0,0,0.214,-0.05,-0.27,0,0.9,-1.8,0,0.9,-1.8,-0.169,0.12,-0.27
5,0,0,0,0.241,0,0.27,0,0,0,0.6,0,0,0.208,-0.05,-0.27,0,0.9,-1.8,0,0.9,-1.8,-0.175,0.12,-0.27
5,0,0,0,0.247,0,0.27,0,0,0,0.6,0,0,0.202,-0.05,-0.27,0,0.9,-1.8,0,0.9,-1.8,-0.181,0.12,-0.27
5,0,0,0,0.253,0,0.27,0,0,0,0.6,0,0,0.196,-0.05,-0.27,0,0.9,-1.8,0,0.9,-1.8,-0.187,0.12,-0.27
5,0,0,0,0.259,0,0.27,0,0,0,0.6,0,0,0.19,-0.05,-0.27,0,0.9,-1.8,0,0.9,-1.8,-0.193,0.12,-0.27
5,0,0,0,0.265,0,0.27,0,0,0,0.6,0,0,0.184,-0.05,-0.27,0,0.9,-1.8,0,0.9,-1.8,-0.199,0.12,-0.27
5,0,0,0,0.271,0,0.27,0,0,0,0.6,0,0,0.178,-0.05,-0.27,0,0.9,-1.8,0,0.9,-1.8,-0.205,0.12,-0.27
5,0,0,0,0.277,0,0.27,0,0,0,0.6,0,0,0.172,-0.05,-0.27,0,0.9,-1.8,0,0.9,-1.8,-0.211,0.12,-0.27
5,0,0,0,0.283,0,0.27,0,0,0,0.6,0,0,0.166,-0.05,-0.27,0,0.9,-1.8,0,0.9,-1.8,-0.217,0.12,-0.27
5,0,0,0,0.289,0,0.27,0,0,0,0.6,0,0,0.16,-0.05,-0.27,0,0.9,-1.8,0,0.9,-1.8,-0.223,0.12,-0.27
5,0,0,0,0.295,0,0.27,0,0,0,0.6,0,0,0.154,-0.05,-0.27,0,0.9,-1.8,0,0.9,-1.8,-0.229,0.12,-0.27
5,0,0,0,0.301,0,0.27,0,0,0,0.6,0,0,0.148,-0.05,-0.27,0,0.9,-1.8,0,0.9,-1.8,-0.235,0.12,-0.27
5,0,0,0,0.307,0,0.27,0,0,0,0.6,0,0,0.142,-0.05,-0.27,0,0.9,-1.8,0,0.9,-1.8,-0.241,0.12,-0.27
5,0,0,0,0.313,0,0.27,0,0,0,0.6,0,0,0.136,-0.05,-0.27,0,0.9,-1.8,0,0.9,-1.8,-0.247,0.12,-0.27
5,0,0,0,0.319,0,0.27,0,0,0,0.6,0,0,0.13,-0.05,-0.27,0,0.9,-1.8,0,0.9,-1.8,-0.253,0.12,-0.27
5,0,0,0,0.325,0,0.27,0,0,0,0.6,0,0,0.124,-0.05,-0.27,0,0.9,-1.8,0,0.9,-1.8,-0.259,0.12,-0.27
5,0,0,0,0.331,0,0.27,0,0,0,0.6,0,0,0.118,-0.05,-0.27,0,0.9,-1.8,0,0.9,-1.8,-0.265,0.12,-0.27
5,0,0,0,0.337,0,0.27,0,0,0,0.6,0,0,0.118,-0.05,-0.27,0,0.9,-1.8,0,0.9,-1.8,-0.265,0.12,-0.27
6,0,0,0,0.337,0,0.27,0,0,0,0.6,0,0,0,0.9,-1.8,0,0.9,-1.8,0,0.9,-1.8,0,0.9,-1.8
6,0,0,0,0.343,0,0.27,0,0,0,0.6,0,0,0,0.9,-1.8,0,0.9,-1.8,0,0.9,-1.8,0,0.9,-1.8
6,0,0,0,0.349,0,0.27,0,0,0,0.6,0,0,0,0.9,-1.8,0,0.9,-1.8,0,0.9,-1.8,0,0.9,-1.8
6,0,0,0,0.355,0,0.27,0,0,0,0.6,0,0,0,0.9,-1.8,0,0.9,-1.8,0,0.9,-1.8,0,0.9,-1.8
6,0,0,0,0.361,0,0.27,0,0,0,0.6,0,0,0,0.9,-1.8,0,0.9,-1.8,0,0.9,-1.8,0,0.9,-1.8
6,0,0,0,0.367,0,0.27,0,0,0,0.6,0,0,0,0.9,-1.8,0,0.9,-1.8,0,0.9,-1.8,0,0.9,-1.8
7,0,0,0,0.367,0,0.27,0,0,0,0.6,0,0,0,0.9,-1.8,0.248,0.05,-0.27,-0.135,-0.12,-0.27,0,0.9,-1.8
7,0,0,0,0.373,0,0.27,0,0,0,0.6,0,0,0,0.9,-1.8,0.242,0.05,-0.27,-0.141,-0.12,-0.27,0,0.9,-1.8
7,0,0,0,0.379,0,0.27,0,0,0,0.6,0,0,0,0.9,-1.8,0.236,0.05,-0.27,-0.147,-0.12,-0.27,0,0.9,-1.8
7,0,0,0,0.385,0,0.27,0,0,0,0.6,0,0,0,0.9,-1.8,0.23,0.05,-0.27,-0.153,-0.12,-0.27,0,0.9,-1.8
7,0,0,0,0.391,0,0.27,0,0,0,0.6,0,0,0,0.9,-1.8,0.224,0.05,-0.27,-0.159,-0.12,-0.27,0,0.9,-1.8
7,0,0,0,0.397,0,0.27,0,0,0,0.6,0,0,0,0.9,-1.8,0.218,0.05,-0.27,-0.165,-0.12,-0.27,0,0.9,-1.8
7,0,0,0,0.403,0,0.27,0,0,0,0.6,0,0,0,0.9,-1.8,0.212,0.05,-0.27,-0.171,-0.12,-0.27,0,0.9,-1.8
7,0,0,0,0.409,0,0.27,0,0,0,0.6,0,0,0,0.9,-1.8,0.206,0.05,-0.27,-0.177,-0.12,-0.27,0,0.9,-1.8
7,0,0,0,0.415,0,0.27,0,0,0,0.6,0,0,0,0.9,-1.8,0.2,0.05,-0.27,-0.183,-0.12,-0.27,0,0.9,-1.8
7,0,0,0,0.421,0,0.27,0,0,0,0.6,0,0,0,0.9,-1.8,0.194,0.05,-0.27,-0.189,-0.12,-0.27,0,0.9,-1.8
7,0,0,0,0.427,0,0.27,0,0,0,0.6,0,0,0,0.9,-1.8,0.188,0.05,-0.27,-0.195,-0.12,-0.27,0,0.9,-1.8
7,0,0,0,0.433,0,0.27,0,0,0,0.6,0,0,0,0.9,-1.8,0.182,0.05,-0.27,-0.201,-0.12,-0.27,0,0.9,-1.8
7,0,0,0,0.439,0,0.27,0,0,0,0.6,0,0,0,0.9,-1.8,0.176,0.05,-0.27,-0.207,-0.12,-0.27,0,0.9,-1.8
7,0,0,0,0.445,0,0.27,0,0,0,0.6,0,0,0,0.9,-1.8,0.17,0.05,-0.27,-0.213,-0.12,-0.27,0,0.9,-1.8
7,0,0,0,0.451,0,0.27,0,0,0,0.6,0,0,0,0.9,-1.8,0.164,0.05,-0.27,-0.219,-0.12,-0.27,0,0.9,-1.8
7,0,0,0,0.457,0,0.27,0,0,0,0.6,0,0,0,0.9,-1.8,0.158,0.05,-0.27,-0.225,-0.12,-0.27,0,0.9,-1.8
7,0,0,0,0.463,0,0.27,0,0,0,0.6,0,0,0,0.9,-1.8,0.152,0.05,-0.27,-0.231,-0.12,-0.27,0,0.9,-1.8
7,0,0,0,0.469,0,0.27,0,0,0,0.6,0,0,0,0.9,-1.8,0.146,0.05,-0.27,-0.237,-0.12,-0.27,0,0.9,-1.8
7,0,0,0,0.475,0,0.27,0,0,0,0.6,0,0,0,0.9,-1.8,0.14,0.05,-0.27,-0.243,-0.12,-0.27,0,0.9,-1.8
7,0,0,0,0.481,0,0.27,0,0,0,0.6,0,0,0,0.9,-1.8,0.134,0.05,-0.27,-0.249,-0.12,-0.27,0,0.9,-1.8
7,0,0,0,0.487,0,0.27,0,0,0,0.6,0,0,0,0.9,-1.8,0.134,0.05,-0.27,-0.249,-0.12,-0.27,0,0.9,-1.8
8,0,0,0,0.487,0,0.27,0,0,0,0.6,0,0,0,0.9,-1.8,0,0.9,-1.8,0,0.9,-1.8,0,0.9,-1.8
8,0,0,0,0.493,0,0.27,0,0,0,0.6,0,0,0,0.9,-1.8,0,0.9,-1.8,0,0.9,-1.8,0,0.9,-1.8
8,0,0,0,0.499,0,0.27,0,0,0,0.6,0,0,0,0.9,-1.8,0,0.9,-1.8,0,0.9,-1.8,0,0.9,-1.8
8,0,0,0,0.505,0,0.27,0,0,0,0.6,0,0,0,0.9,-1.8,0,0.9,-1.8,0,0.9,-1.8,0,0.9,-1.8
8,0,0,0,0.511,0,0.27,0,0,0,0.6,0,0,0,0.9,-1.8,0,0.9,-1.8,0,0.9,-1.8,0,0.9,-1.8
8,0,0,0,0.517,0,0.27,0,0,0,0.6,0,0,0,0.9,-1.8,0,0.9,-1.8,0,0.9,-1.8,0,0.9,-1.8
8,0,0,0,0.523,0,0.27,0,0,0,0.6,0,0,0,0.9,-1.8,0,0.9,-1.8,0,0.9,-1.8,0,0.9,-1.8
9,0,0,0,0.523,0,0.27,0,0,0,0.6,0,0,0.248,-0.05,-0.27,0,0.9,-1.8,0,0.9,-1.8,-0.135,0.12,-0.27
9,0,0,0,0.529,0,0.27,0,0,0,0.6,0,0,0.242,-0.05,-0.27,0,0.9,-1.8,0,0.9,-1.8,-0.141,0.12,-0.27
9,0,0,0,0.535,0,0.27,0,0,0,0.6,0,0,0.236,-0.05,-0.27,0,0.9,-1.8,0,0.9,-1.8,-0.147,0.12,-0.27
9,0,0,0,0.541,0,0.27,0,0,0,0.6,0,0,0.23,-0.05,-0.27,0,0.9,-1.8,0,0.9,-1.8,-0.153,0.12,-0.27
9,0,0,0,0.547,0,0.27,0,0,0,0.6,0,0,0.224,-0.05,-0.27,0,0.9,-1.8,0,0.9,-1.8,-0.159,0.12,-0.27
9,0,0,0,0.553,0,0.27,0,0,0,0.6,0,0,0.218,-0.05,-0.27,0,0.9,-1.8,0,0.9,-1.8,-0.165,0.12,-0.27
9,0,0,0,0.559,0,0.27,0,0,0,0.6,0,0,0.212,-0.05,-0.27,0,0.9,-1.8,0,0.9,-1.8,-0.171,0.12,-0.27
9,0,0,0,0.565,0,0.27,0,0,0,0.6,0,0,0.206,-0.05,-0.27,0,0.9,-1.8,0,0.9,-1.8,-0.177,0.12,-0.27
9,0,0,0,0.571,0,0.27,0,0,0,0.6,0,0,0.2,-0.05,-0.27,0,0.9,-1.8,0,0.9,-1.8,-0.183,0.12,-0.27
9,0,0,0,0.577,0,0.27,0,0,0,0.6,0,0,0.194,-0.05,-0.27,0,0.9,-1.8,0,0.9,-1.8,-0.189,0.12,-0.27
9,0,0,0,0.583,0,0.27,0,0,0,0.6,0,0,0.188,-0.05,-0.27,0,0.9,-1.8,0,0.9,-1.8,-0.195,0.12,-0.27
9,0,0,0,0.589,0,0.27,0,0,0,0.6,0,0,0.182,-0.05,-0.27,0,0.9,-1.8,0,0.9,-1.8,-0.201,0.12,-0.27
9,0,0,0,0.595,0,0.27,0,0,0,0.6,0,0,0.176,-0.05,-0.27,0,0.9,-1.8,0,0.9,-1.8,-0.207,0.12,-0.27
9,0,0,0,0.601,0,0.27,0,0,0,0.6,0,0,0.17,-0.05,-0.27,0,0.9,-1.8,0,0.9,-1.8,-0.213,0.12,-0.27
9,0,0,0,0.607,0,0.27,0,0,0,0.6,0,0,0.164,-0.05,-0.27,0,0.9,-1.8,0,0.9,-1.8,-0.219,0.12,-0.27
9,0,0,0,0.613,0,0.27,0,0,0,0.6,0,0,0.158,-0.05,-0.27,0,0.9,-1.8,0,0.9,-1.8,-0.225,0.12,-0.27
9,0,0,0,0.619,0,0.27,0,0,0,0.6,0,0,0.152,-0.05,-0.27,0,0.9,-1.8,0,0.9,-1.8,-0.231,0.12,-0.27
9,0,0,0,0.625,0,0.27,0,0,0,0.6,0,0,0.146,-0.05,-0.27,0,0.9,-1.8,0,0.9,-1.8,-0.237,0.12,-0.27
9,0,0,0,0.631,0,0.27,0,0,0,0.6,0,0,0.14,-0.05,-0.27,0,0.9,-1.8,0,0.9,-1.8,-0.243,0.12,-0.27
9,0,0,0,0.637,0,0.27,0,0,0,0.6,0,0,0.14,-0.05,-0.27,0,0.9,-1.8,0,0.9,-1.8,-0.243,0.12,-0.27
10,0,0,0,0.637,0,0.27,0,0,0,0.6,0,0,0,0.9,-1.8,0,0.9,-1.8,0,0.9,-1.8,0,0.9,-1.8
10,0,0,0,0.643,0,0.27,0,0,0,0.6,0,0,0,0.9,-1.8,0,0.9,-1.8,0,0.9,-1.8,0,0.9,-1.8
10,0,0,0,0.649,0,0.27,0,0,0,0.6,0,0,0,0.9,-1.8,0,0.9,-1.8,0,0.9,-1.8,0,0.9,-1.8
10,0,0,0,0.655,0,0.27,0,0,0,0.6,0,0,0,0.9,-1.8,0,0.9,-1.8,0,0.9,-1.8,0,0.9,-1.8
10,0,0,0,0.661,0,0.27,0,0,0,0.6,0,0,0,0.9,-1.8,0,0.9,-1.8,0,0.9,-1.8,0,0.9,-1.8
10,0,0,0,0.667,0,0.27,0,0,0,0.6,0,0,0,0.9,-1.8,0,0.9,-1.8,0,0.9,-1.8,0,0.9,-1.8
10,0,0,0,0.673,0,0.27,0,0,0,0.6,0,0,0,0.9,-1.8,0,0.9,-1.8,0,0.9,-1.8,0,0.9,-1.8
11,0,0,0,0.673,0,0.27,0,0,0,0.6,0,0,0,0.9,-1.8,0.248,0.05,-0.27,-0.135,-0.12,-0.27,0,0.9,-1.8
11,0,0,0,0.679,0,0.27,0,0,0,0.6,0,0,0,0.9,-1.8,0.242,0.05,-0.27,-0.141,-0.12,-0.27,0,0.9,-1.8
11,0,0,0,0.685,0,0.27,0,0,0,0.6,0,0,0,0.9,-1.8,0.236,0.05,-0.27,-0.147,-0.12,-0.27,0,0.9,-1.8
11,0,0,0,0.691,0,0.27,0,0,0,0.6,0,0,0,0.9,-1.8,0.23,0.05,-0.27,-0.153,-0.12,-0.27,0,0.9,-1.8
11,0,0,0,0.697,0,0.27,0,0,0,0.6,0,0,0,0.9,-1.8,0.224,0.05,-0.27,-0.159,-0.12,-0.27,0,0.9,-1.8
11,0,0,0,0.703,0,0.27,0,0,0,0.6,0,0,0,0.9,-1.8,0.218,0.05,-0.27,-0.165,-0.12,-0.27,0,0.9,-1.8
11,0,0,0,0.709,0,0.27,0,0,0,0.6,0,0,0,0.9,-1.8,0.212,0.05,-0.27,-0.171,-0.12,-0.27,0,0.9,-1.8
11,0,0,0,0.715,0,0.27,0,0,0,0.6,0,0,0,0.9,-1.8,0.206,0.05,-0.27,-0.177,-0.12,-0.27,0,0.9,-1.8
11,0,0,0,0.721,0,0.27,0,0,0,0.6,0,0,0,0.9,-1.8,0.2,0.05,-0.27,-0.183,-0.12,-0.27,0,0.9,-1.8
11,0,0,0,0.727,0,0.27,0,0,0,0.6,0,0,0,0.9,-1.8,0.194,0.05,-0.27,-0.189,-0.12,-0.27,0,0.9,-1.8
11,0,0,0,0.733,0,0.27,0,0,0,0.6,0,0,0,0.9,-1.8,0.188,0.05,-0.27,-0.195,-0.12,-0.27,0,0.9,-1.8
11,0,0,0,0.739,0,0.27,0,0,0,0.6,0,0,0,0.9,-1.8,0.182,0.05,-0.27,-0.201,-0.12,-0.27,0,0.9,-1.8
11,0,0,0,0.745,0,0.27,0,0,0,0.6,0,0,0,0.9,-1.8,0.176,0.05,-0.27,-0.207,-0.12,-0.27,0,0.9,-1.8
11,0,0,0,0.751,0,0.27,0,0,0,0.6,0,0,0,0.9,-1.8,0.17,0.05,-0.27,-0.213,-0.12,-0.27,0,0.9,-1.8
11,0,0,0,0.757,0,0.27,0,0,0,0.6,0,0,0,0.9,-1.8,0.164,0.05,-0.27,-0.219,-0.12,-0.27,0,0.9,-1.8
11,0,0,0,0.763,0,0.27,0,0,0,0.6,0,0,0,0.9,-1.8,0.158,0.05,-0.27,-0.225,-0.12,-0.27,0,0.9,-1.8
11,0,0,0,0.769,0,0.27,0,0,0,0.6,0,0,0,0.9,-1.8,0.152,0.05,-0.27,-0.231,-0.12,-0.27,0,0.9,-1.8
11,0,0,0,0.775,0,0.27,0,0,0,0.6,0,0,0,0.9,-1.8,0.146,0.05,-0.27,-0.237,-0.12,-0.27,0,0.9,-1.8
11,0,0,0,0.781,0,0.27,0,0,0,0.6,0,0,0,0.9,-1.8,0.14,0.05,-0.27,-0.243,-0.12,-0.27,0,0.9,-1.8
11,0,0,0,0.787,0,0.27,0,0,0,0.6,0,0,0,0.9,-1.8,0.14,0.05,-0.27,-0.243,-0.12,-0.27,0,0.9,-1.8
12,0,0,0,0.787,0,0.27,0,0,0,0.6,0,0,0,0.9,-1.8,0,0.9,-1.8,0,0.9,-1.8,0,0.9,-1.8
12,0,0,0,0.793,0,0.27,0,0,0,0.6,0,0,0,0.9,-1.8,0,0.9,-1.8,0,0.9,-1.8,0,0.9,-1.8
12,0,0,0,0.799,0,0.27,0,0,0,0.6,0,0,0,0.9,-1.8,0,0.9,-1.8,0,0.9,-1.8,0,0.9,-1.8
12,0,0,0,0.805,0,0.27,0,0,0,0.6,0,0,0,0.9,-1.8,0,0.9,-1.8,0,0.9,-1.8,0,0.9,-1.8
12,0,0,0,0.811,0,0.27,0,0,0,0.6,0,0,0,0.9,-1.8,0,0.9,-1.8,0,0.9,-1.8,0,0.9,-1.8
12,0,0,0,0.817,0,0.27,0,0,0,0.6,0,0,0,0.9,-1.8,0,0.9,-1.8,0,0.9,-1.8,0,0.9,-1.8
12,0,0,0,0.823,0,0.27,0,0,0,0.6,0,0,0,0.9,-1.8,0,0.9,-1.8,0,0.9,-1.8,0,0.9,-1.8
12,0,0,0,0.829,0,0.27,0,0,0,0.6,0,0,0,0.9,-1.8,0,0.9,-1.8,0,0.9,-1.8,0,0.9,-1.8
12,0,0,0,0.835,0,0.27,0,0,0,0.6,0,0,0,0.9,-1.8,0,0.9,-1.8,0,0.9,-1.8,0,0.9,-1.8
12,0,0,0,0.841,0,0.27,0,0,0,0.6,0,0,0,0.9,-1.8,0,0.9,-1.8,0,0.9,-1.8,0,0.9,-1.8
12,0,0,0,0.847,0,0.27,0,0,0,0.6,0,0,0,0.9,-1.8,0,0.9,-1.8,0,0.9,-1.8,0,0.9,-1.8
12,0,0,0,0.853,0,0.27,0,0,0,0.6,0,0,0,0.9,-1.8,0,0.9,-1.8,0,0.9,-1.8,0,0.9,-1.8
12,0,0,0,0.859,0,0.27,0,0,0,0.6,0,0,0,0.9,-1.8,0,0.9,-1.8,0,0.9,-1.8,0,0.9,-1.8
12,0,0,0,0.865,0,0.27,0,0,0,0.6,0,0,0,0.9,-1.8,0,0.9,-1.8,0,0.9,-1.8,0,0.9,-1.8
12,0,0,0,0.871,0,0.27,0,0,0,0.6,0,0,0,0.9,-1.8,0,0.9,-1.8,0,0.9,-1.8,0,0.9,-1.8
12,0,0,0,0.877,0,0.27,0,0,0,0.6,0,0,0,0.9,-1.8,0,0.9,-1.8,0,0.9,-1.8,0,0.9,-1.8
12,0,0,0,0.883,0,0.285,0,0,0,0.4,0,0,0,0.9,-1.8,0,0.9,-1.8,0,0.9,-1.8,0,0.9,-1.8
13,0,0,0,0.883,0,0.285,0,0,0,0.4,0,0,0,0.9,-1.8,0,0.9,-1.8,-0.195,-0.12,-0.285,-0.195,0.12,-0.285
13,0,0,0,0.887,0,0.285,0,0,0,0.4,0,0,0,0.9,-1.8,0,0.9,-1.8,-0.199,-0.12,-0.285,-0.199,0.12,-0.285
13,0,0,0,0.891,0,0.285,0,0,0,0.4,0,0,0,0.9,-1.8,0,0.9,-1.8,-0.203,-0.12,-0.285,-0.203,0.12,-0.285
13,0,0,0,0.895,0,0.285,0,0,0,0.4,0,0,0,0.9,-1.8,0,0.9,-1.8,-0.207,-0.12,-0.285,-0.207,0.12,-0.285
13,0,0,0,0.899,0,0.285,0,0,0,0.4,0,0,0,0.9,-1.8,0,0.9,-1.8,-0.211,-0.12,-0.285,-0.211,0.12,-0.285
13,0,0,0,0.903,0,0.285,0,0,0,0.4,0,0,0,0.9,-1.8,0,0.9,-1.8,-0.215,-0.12,-0.285,-0.215,0.12,-0.285
13,0,0,0,0.907,0,0.285,0,0,0,0.4,0,0,0,0.9,-1.8,0,0.9,-1.8,-0.219,-0.12,-0.285,-0.219,0.12,-0.285
13,0,0,0,0.911,0,0.285,0,0,0,0.4,0,0,0,0.9,-1.8,0,0.9,-1.8,-0.223,-0.12,-0.285,-0.223,0.12,-0.285
13,0,0,0,0.915,0,0.285,0,0,0,0.4,0,0,0,0.9,-1.8,0,0.9,-1.8,-0.227,-0.12,-0.285,-0.227,0.12,-0.285
13,0,0,0,0.919,0,0.285,0,0,0,0.4,0,0,0,0.9,-1.8,0,0.9,-1.8,-0.231,-0.12,-0.285,-0.231,0.12,-0.285
13,0,0,0,0.923,0,0.285,0,0,0,0.4,0,0,0,0.9,-1.8,0,0.9,-1.8,-0.235,-0.12,-0.285,-0.235,0.12,-0.285
13,0,0,0,0.927,0,0.285,0,0,0,0.4,0,0,0,0.9,-1.8,0,0.9,-1.8,-0.239,-0.12,-0.285,-0.239,0.12,-0.285
13,0,0,0,0.931,0,0.285,0,0,0,0.4,0,0,0,0.9,-1.8,0,0.9,-1.8,-0.243,-0.12,-0.285,-0.243,0.12,-0.285
13,0,0,0,0.935,0,0.285,0,0,0,0.4,0,0,0,0.9,-1.8,0,0.9,-1.8,-0.247,-0.12,-0.285,-0.247,0.12,-0.285
13,0,0,0,0.939,0,0.285,0,0,0,0.4,0,0,0,0.9,-1.8,0,0.9,-1.8,-0.251,-0.12,-0.285,-0.251,0.12,-0.285
13,0,0,0,0.943,0,0.285,0,0,0,0.4,0,0,0,0.9,-1.8,0,0.9,-1.8,-0.255,-0.12,-0.285,-0.255,0.12,-0.285
13,0,0,0,0.947,0,0.285,0,0,0,0.4,0,0,0,0.9,-1.8,0,0.9,-1.8,-0.255,-0.12,-0.285,-0.255,0.12,-0.285
14,0,0,0,0.947,0,0.285,0,0,0,0.4,0,0,0,0.9,-1.8,0,0.9,-1.8,0,0.9,-1.8,0,0.9,-1.8
14,0,0,0,0.951,0,0.285,0,0,0,0.4,0,0,0,0.9,-1.8,0,0.9,-1.8,0,0.9,-1.8,0,0.9,-1.8
14,0,0,0,0.955,0,0.285,0,0,0,0.4,0,0,0,0.9,-1.8,0,0.9,-1.8,0,0.9,-1.8,0,0.9,-1.8
14,0,0,0,0.959,0,0.285,0,0,0,0.4,0,0,0,0.9,-1.8,0,0.9,-1.8,0,0.9,-1.8,0,0.9,-1.8
14,0,0,0,0.963,0,0.285,0,0,0,0.4,0,0,0,0.9,-1.8,0,0.9,-1.8,0,0.9,-1.8,0,0.9,-1.8
15,0,0,0,0.963,0,0.285,0,0,0,0.4,0,0,0.224,-0.05,-0.285,0.224,0.05,-0.285,0,0.9,-1.8,0,0.9,-1.8
15,0,0,0,0.967,0,0.285,0,0,0,0.4,0,0,0.22,-0.05,-0.285,0.22,0.05,-0.285,0,0.9,-1.8,0,0.9,-1.8
15,0,0,0,0.971,0,0.285,0,0,0,0.4,0,0,0.216,-0.05,-0.285,0.216,0.05,-0.285,0,0.9,-1.8,0,0.9,-1.8
15,0,0,0,0.975,0,0.285,0,0,0,0.4,0,0,0.212,-0.05,-0.285,0.212,0.05,-0.285,0,0.9,-1.8,0,0.9,-1.8
15,0,0,0,0.979,0,0.285,0,0,0,0.4,0,0,0.208,-0.05,-0.285,0.208,0.05,-0.285,0,0.9,-1.8,0,0.9,-1.8
15,0,0,0,0.983,0,0.285,0,0,0,0.4,0,0,0.204,-0.05,-0.285,0.204,0.05,-0.285,0,0.9,-1.8,0,0.9,-1.8
15,0,0,0,0.987,0,0.285,0,0,0,0.4,0,0,0.2,-0.05,-0.285,0.2,0.05,-0.285,0,0.9,-1.8,0,0.9,-1.8
15,0,0,0,0.991,0,0.285,0,0,0,0.4,0,0,0.196,-0.05,-0.285,0.196,0.05,-0.285,0,0.9,-1.8,0,0.9,-1.8
15,0,0,0,0.995,0,0.285,0,0,0,0.4,0,0,0.192,-0.05,-0.285,0.192,0.05,-0.285,0,0.9,-1.8,0,0.9,-1.8
15,0,0,0,0.999,0,0.285,0,0,0,0.4,0,0,0.188,-0.05,-0.285,0.188,0.05,-0.285,0,0.9,-1.8,0,0.9,-1.8
15,0,0,0,1.003,0,0.285,0,0,0,0.4,0,0,0.184,-0.05,-0.285,0.184,0.05,-0.285,0,0.9,-1.8,0,0.9,-1.8
15,0,0,0,1.007,0,0.285,0,0,0,0.4,0,0,0.18,-0.05,-0.285,0.18,0.05,-0.285,0,0.9,-1.8,0,0.9,-1.8
15,0,0,0,1.011,0,0.285,0,0,0,0.4,0,0,0.176,-0.05,-0.285,0.176,0.05,-0.285,0,0.9,-1.8,0,0.9,-1.8
15,0,0,0,1.015,0,0.285,0,0,0,0.4,0,0,0.172,-0.05,-0.285,0.172,0.05,-0.285,0,0.9,-1.8,0,0.9,-1.8
15,0,0,0,1.019,0,0.285,0,0,0,0.4,0,0,0.168,-0.05,-0.285,0.168,0.05,-0.285,0,0.9,-1.8,0,0.9,-1.8
15,0,0,0,1.023,0,0.285,0,0,0,0.4,0,0,0.168,-0.05,-0.285,0.168,0.05,-0.285,0,0.9,-1.8,0,0.9,-1.8
16,0,0,0,1.023,0,0.285,0,0,0,0.4,0,0,0,0.9,-1.8,0,0.9,-1.8,0,0.9,-1.8,0,0.9,-1.8
16,0,0,0,1.027,0,0.285,0,0,0,0.4,0,0,0,0.9,-1.8,0,0.9,-1.8,0,0.9,-1.8,0,0.9,-1.8
16,0,0,0,1.031,0,0.285,0,0,0,0.4,0,0,0,0.9,-1.8,0,0.9,-1.8,0,0.9,-1.8,0,0.9,-1.8
16,0,0,0,1.035,0,0.285,0,0,0,0.4,0,0,0,0.9,-1.8,0,0.9,-1.8,0,0.9,-1.8,0,0.9,-1.8
16,0,0,0,1.039,0,0.285,0,0,0,0.4,0,0,0,0.9,-1.8,0,0.9,-1.8,0,0.9,-1.8,0,0.9,-1.8
17,0,0,0,1.039,0,0.285,0,0,0,0.4,0,0,0,0.9,-1.8,0,0.9,-1.8,-0.159,-0.12,-0.285,-0.159,0.12,-0.285
17,0,0,0,1.043,0,0.285,0,0,0,0.4,0,0,0,0.9,-1.8,0,0.9,-1.8,-0.163,-0.12,-0.285,-0.163,0.12,-0.285
17,0,0,0,1.047,0,0.285,0,0,0,0.4,0,0,0,0.9,-1.8,0,0.9,-1.8,-0.167,-0.12,-0.285,-0.167,0.12,-0.285
17,0,0,0,1.051,0,0.285,0,0,0,0.4,0,0,0,0.9,-1.8,0,0.9,-1.8,-0.171,-0.12,-0.285,-0.171,0.12,-0.285
17,0,0,0,1.055,0,0.285,0,0,0,0.4,0,0,0,0.9,-1.8,0,0.9,-1.8,-0.175,-0.12,-0.285,-0.175,0.12,-0.285
17,0,0,0,1.059,0,0.285,0,0,0,0.4,0,0,0,0.9,-1.8,0,0.9,-1.8,-0.179,-0.12,-0.285,-0.179,0.12,-0.285
17,0,0,0,1.063,0,0.285,0,0,0,0.4,0,0,0,0.9,-1.8,0,0.9,-1.8,-0.183,-0.12,-0.285,-0.183,0.12,-0.285
17,0,0,0,1.067,0,0.285,0,0,0,0.4,0,0,0,0.9,-1.8,0,0.9,-1.8,-0.187,-0.12,-0.285,-0.187,0.12,-0.285
17,0,0,0,1.071,0,0.285,0,0,0,0.4,0,0,0,0.9,-1.8,0,0.9,-1.8,-0.191,-0.12,-0.285,-0.191,0.12,-0.285
17,0,0,0,1.075,0,0.285,0,0,0,0.4,0,0,0,0.9,-1.8,0,0.9,-1.8,-0.195,-0.12,-0.285,-0.195,0.12,-0.285
17,0,0,0,1.079,0,0.285,0,0,0,0.4,0,0,0,0.9,-1.8,0,0.9,-1.8,-0.199,-0.12,-0.285,-0.199,0.12,-0.285
17,0,0,0,1.083,0,0.285,0,0,0,0.4,0,0,0,0.9,-1.8,0,0.9,-1.8,-0.203,-0.12,-0.285,-0.203,0.12,-0.285
17,0,0,0,1.087,0,0.285,0,0,0,0.4,0,0,0,0.9,-1.8,0,0.9,-1.8,-0.207,-0.12,-0.285,-0.207,0.12,-0.285
17,0,0,0,1.091,0,0.285,0,0,0,0.4,0,0,0,0.9,-1.8,0,0.9,-1.8,-0.211,-0.12,-0.285,-0.211,0.12,-0.285
17,0,0,0,1.095,0,0.285,0,0,0,0.4,0,0,0,0.9,-1.8,0,0.9,-1.8,-0.215,-0.12,-0.285,-0.215,0.12,-0.285
17,0,0,0,1.099,0,0.285,0,0,0,0.4,0,0,0,0.9,-1.8,0,0.9,-1.8,-0.219,-0.12,-0.285,-0.219,0.12,-0.285
17,0,0,0,1.103,0,0.285,0,0,0,0.4,0,0,0,0.9,-1.8,0,0.9,-1.8,-0.223,-0.12,-0.285,-0.223,0.12,-0.285
17,0,0,0,1.107,0,0.285,0,0,0,0.4,0,0,0,0.9,-1.8,0,0.9,-1.8,-0.223,-0.12,-0.285,-0.223,0.12,-0.285
18,0,0,0,1.107,0,0.285,0,0,0,0.4,0,0,0,0.9,-1.8,0,0.9,-1.8,0,0.9,-1.8,0,0.9,-1.8
18,0,0,0,1.111,0,0.285,0,0,0,0.4,0,0,0,0.9,-1.8,0,0.9,-1.8,0,0.9,-1.8,0,0.9,-1.8
18,0,0,0,1.115,0,0.285,0,0,0,0.4,0,0,0,0.9,-1.8,0,0.9,-1.8,0,0.9,-1.8,0,0.9,-1.8
18,0,0,0,1.119,0,0.285,0,0,0,0.4,0,0,0,0.9,-1.8,0,0.9,-1.8,0,0.9,-1.8,0,0.9,-1.8
18,0,0,0,1.123,0,0.285,0,0,0,0.4,0,0,0,0.9,-1.8,0,0.9,-1.8,0,0.9,-1.8,0,0.9,-1.8
19,0,0,0,1.123,0,0.285,0,0,0,0.4,0,0,0.224,-0.05,-0.285,0.224,0.05,-0.285,0,0.9,-1.8,0,0.9,-1.8
19,0,0,0,1.127,0,0.285,0,0,0,0.4,0,0,0.22,-0.05,-0.285,0.22,0.05,-0.285,0,0.9,-1.8,0,0.9,-1.8
19,0,0,0,1.131,0,0.285,0,0,0,0.4,0,0,0.216,-0.05,-0.285,0.216,0.05,-0.285,0,0.9,-1.8,0,0.9,-1.8
19,0,0,0,1.135,0,0.285,0,0,0,0.4,0,0,0.212,-0.05,-0.285,0.212,0.05,-0.285,0,0.9,-1.8,0,0.9,-1.8
19,0,0,0,1.139,0,0.285,0,0,0,0.4,0,0,0.208,-0.05,-0.285,0.208,0.05,-0.285,0,0.9,-1.8,0,0.9,-1.8
19,0,0,0,1.143,0,0.285,0,0,0,0.4,0,0,0.204,-0.05,-0.285,0.204,0.05,-0.285,0,0.9,-1.8,0,0.9,-1.8
19,0,0,0,1.147,0,0.285,0,0,0,0.4,0,0,0.2,-0.05,-0.285,0.2,0.05,-0.285,0,0.9,-1.8,0,0.9,-1.8
19,0,0,0,1.151,0,0.285,0,0,0,0.4,0,0,0.196,-0.05,-0.285,0.196,0.05,-0.285,0,0.9,-1.8,0,0.9,-1.8
19,0,0,0,1.155,0,0.285,0,0,0,0.4,0,0,0.192,-0.05,-0.285,0.192,0.05,-0.285,0,0.9,-1.8,0,0.9,-1.8
19,0,0,0,1.159,0,0.285,0,0,0,0.4,0,0,0.188,-0.05,-0.285,0.188,0.05,-0.285,0,0.9,-1.8,0,0.9,-1.8
19,0,0,0,1.163,0,0.285,0,0,0,0.4,0,0,0.184,-0.05,-0.285,0.184,0.05,-0.285,0,0.9,-1.8,0,0.9,-1.8
19,0,0,0,1.167,0,0.285,0,0,0,0.4,0,0,0.18,-0.05,-0.285,0.18,0.05,-0.285,0,0.9,-1.8,0,0.9,-1.8
19,0,0,0,1.171,0,0.285,0,0,0,0.4,0,0,0.176,-0.05,-0.285,0.176,0.05,-0.285,0,0.9,-1.8,0,0.9,-1.8
19,0,0,0,1.175,0,0.285,0,0,0,0.4,0,0,0.172,-0.05,-0.285,0.172,0.05,-0.285,0,0.9,-1.8,0,0.9,-1.8
19,0,0,0,1.179,0,0.285,0,0,0,0.4,0,0,0.168,-0.05,-0.285,0.168,0.05,-0.285,0,0.9,-1.8,0,0.9,-1.8
19,0,0,0,1.183,0,0.285,0,0,0,0.4,0,0,0.164,-0.05,-0.285,0.164,0.05,-0.285,0,0.9,-1.8,0,0.9,-1.8
19,0,0,0,1.187,0,0.285,0,0,0,0.4,0,0,0.164,-0.05,-0.285,0.164,0.05,-0.285,0,0.9,-1.8,0,0.9,-1.8
20,0,0,0,1.187,0,0.285,0,0,0,0.4,0,0,0,0.9,-1.8,0,0.9,-1.8,0,0.9,-1.8,0,0.9,-1.8
20,0,0,0,1.191,0,0.285,0,0,0,0.4,0,0,0,0.9,-1.8,0,0.9,-1.8,0,0.9,-1.8,0,0.9,-1.8
20,0,0,0,1.195,0,0.285,0,0,0,0.4,0,0,0,0.9,-1.8,0,0.9,-1.8,0,0.9,-1.8,0,0.9,-1.8
20,0,0,0,1.199,0,0.285,0,0,0,0.4,0,0,0,0.9,-1.8,0,0.9,-1.8,0,0.9,-1.8,0,0.9,-1.8
20,0,0,0,1.203,0,0.29,0,0,0,0.6,0,0,0,0.9,-1.8,0,0.9,-1.8,0,0.9,-1.8,0,0.9,-1.8
21,0,0,0,1.203,0,0.29,0,0,0,0.6,0,0,0,0.9,-1.8,0,0.9,-1.8,-0.159,-0.12,-0.29,-0.159,0.12,-0.29
21,0,0,0,1.209,0,0.29,0,0,0,0.6,0,0,0,0.9,-1.8,0,0.9,-1.8,-0.165,-0.12,-0.29,-0.165,0.12,-0.29
21,0,0,0,1.215,0,0.29,0,0,0,0.6,0,0,0,0.9,-1.8,0,0.9,-1.8,-0.171,-0.12,-0.29,-0.171,0.12,-0.29
21,0,0,0,1.221,0,0.29,0,0,0,0.6,0,0,0,0.9,-1.8,0,0.9,-1.8,-0.177,-0.12,-0.29,-0.177,0.12,-0.29
21,0,0,0,1.227,0,0.29,0,0,0,0.6,0,0,0,0.9,-1.8,0,0.9,-1.8,-0.183,-0.12,-0.29,-0.183,0.12,-0.29
21,0,0,0,1.233,0,0.29,0,0,0,0.6,0,0,0,0.9,-1.8,0,0.9,-1.8,-0.189,-0.12,-0.29,-0.189,0.12,-0.29
21,0,0,0,1.239,0,0.29,0,0,0,0.6,0,0,0,0.9,-1.8,0,0.9,-1.8,-0.195,-0.12,-0.29,-0.195,0.12,-0.29
21,0,0,0,1.245,0,0.29,0,0,0,0.6,0,0,0,0.9,-1.8,0,0.9,-1.8,-0.201,-0.12,-0.29,-0.201,0.12,-0.29
21,0,0,0,1.251,0,0.29,0,0,0,0.6,0,0,0,0.9,-1.8,0,0.9,-1.8,-0.207,-0.12,-0.29,-0.207,0.12,-0.29
21,0,0,0,1.257,0,0.29,0,0,0,0.6,0,0,0,0.9,-1.8,0,0.9,-1.8,-0.213,-0.12,-0.29,-0.213,0.12,-0.29
21,0,0,0,1.263,0,0.29,0,0,0,0.6,0,0,0,0.9,-1.8,0,0.9,-1.8,-0.219,-0.12,-0.29,-0.219,0.12,-0.29
21,0,0,0,1.269,0,0.29,0,0,0,0.6,0,0,0,0.9,-1.8,0,0.9,-1.8,-0.225,-0.12,-0.29,-0.225,0.12,-0.29
21,0,0,0,1.275,0,0.29,0,0,0,0.6,0,0,0,0.9,-1.8,0,0.9,-1.8,-0.231,-0.12,-0.29,-0.231,0.12,-0.29
21,0,0,0,1.281,0,0.29,0,0,0,0.6,0,0,0,0.9,-1.8,0,0.9,-1.8,-0.237,-0.12,-0.29,-0.237,0.12,-0.29
21,0,0,0,1.287,0,0.29,0,0,0,0.6,0,0,0,0.9,-1.8,0,0.9,-1.8,-0.243,-0.12,-0.29,-0.243,0.12,-0.29
21,0,0,0,1.293,0,0.29,0,0,0,0.6,0,0,0,0.9,-1.8,0,0.9,-1.8,-0.249,-0.12,-0.29,-0.249,0.12,-0.29
21,0,0,0,1.299,0,0.29,0,0,0,0.6,0,0,0,0.9,-1.8,0,0.9,-1.8,-0.255,-0.12,-0.29,-0.255,0.12,-0.29
21,0,0,0,1.305,0,0.29,0,0,0,0.6,0,0,0,0.9,-1.8,0,0.9,-1.8,-0.261,-0.12,-0.29,-0.261,0.12,-0.29
21,0,0,0,1.311,0,0.29,0,0,0,0.6,0,0,0,0.9,-1.8,0,0.9,-1.8,-0.267,-0.12,-0.29,-0.267,0.12,-0.29
21,0,0,0,1.317,0,0.29,0,0,0,0.6,0,0,0,0.9,-1.8,0,0.9,-1.8,-0.267,-0.12,-0.29,-0.267,0.12,-0.29
22,0,0,0,1.317,0,0.29,0,0,0,0.6,0,0,0,0.9,-1.8,0,0.9,-1.8,0,0.9,-1.8,0,0.9,-1.8
22,0,0,0,1.323,0,0.29,0,0,0,0.6,0,0,0,0.9,-1.8,0,0.9,-1.8,0,0.9,-1.8,0,0.9,-1.8
22,0,0,0,1.329,0,0.29,0,0,0,0.6,0,0,0,0.9,-1.8,0,0.9,-1.8,0,0.9,-1.8,0,0.9,-1.8
22,0,0,0,1.335,0,0.29,0,0,0,0.6,0,0,0,0.9,-1.8,0,0.9,-1.8,0,0.9,-1.8,0,0.9,-1.8
22,0,0,0,1.341,0,0.29,0,0,0,0.6,0,0,0,0.9,-1.8,0,0.9,-1.8,0,0.9,-1.8,0,0.9,-1.8
22,0,0,0,1.347,0,0.29,0,0,0,0.6,0,0,0,0.9,-1.8,0,0.9,-1.8,0,0.9,-1.8,0,0.9,-1.8
22,0,0,0,1.353,0,0.29,0,0,0,0.6,0,0,0,0.9,-1.8,0,0.9,-1.8,0,0.9,-1.8,0,0.9,-1.8
23,0,0,0,1.353,0,0.29,0,0,0,0.6,0,0,0.248,-0.05,-0.29,0.248,0.05,-0.29,0,0.9,-1.8,0,0.9,-1.8
23,0,0,0,1.359,0,0.29,0,0,0,0.6,0,0,0.242,-0.05,-0.29,0.242,0.05,-0.29,0,0.9,-1.8,0,0.9,-1.8
23,0,0,0,1.365,0,0.29,0,0,0,0.6,0,0,0.236,-0.05,-0.29,0.236,0.05,-0.29,0,0.9,-1.8,0,0.9,-1.8
23,0,0,0,1.371,0,0.29,0,0,0,0.6,0,0,0.23,-0.05,-0.29,0.23,0.05,-0.29,0,0.9,-1.8,0,0.9,-1.8
23,0,0,0,1.377,0,0.29,0,0,0,0.6,0,0,0.224,-0.05,-0.29,0.224,0.05,-0.29,0,0.9,-1.8,0,0.9,-1.8
23,0,0,0,1.383,0,0.29,0,0,0,0.6,0,0,0.218,-0.05,-0.29,0.218,0.05,-0.29,0,0.9,-1.8,0,0.9,-1.8
23,0,0,0,1.389,0,0.29,0,0,0,0.6,0,0,0.212,-0.05,-0.29,0.212,0.05,-0.29,0,0.9,-1.8,0,0.9,-1.8
23,0,0,0,1.395,0,0.29,0,0,0,0.6,0,0,0.206,-0.05,-0.29,0.206,0.05,-0.29,0,0.9,-1.8,0,0.9,-1.8
23,0,0,0,1.401,0,0.29,0,0,0,0.6,0,0,0.2,-0.05,-0.29,0.2,0.05,-0.29,0,0.9,-1.8,0,0.9,-1.8
23,0,0,0,1.407,0,0.29,0,0,0,0.6,0,0,0.194,-0.05,-0.29,0.194,0.05,-0.29,0,0.9,-1.8,0,0.9,-1.8
23,0,0,0,1.413,0,0.29,0,0,0,0.6,0,0,0.188,-0.05,-0.29,0.188,0.05,-0.29,0,0.9,-1.8,0,0.9,-1.8
23,0,0,0,1.419,0,0.29,0,0,0,0.6,0,0,0.182,-0.05,-0.29,0.182,0.05,-0.29,0,0.9,-1.8,0,0.9,-1.8
23,0,0,0,1.425,0,0.29,0,0,0,0.6,0,0,0.176,-0.05,-0.29,0.176,0.05,-0.29,0,0.9,-1.8,0,0.9,-1.8
23,0,0,0,1.431,0,0.29,0,0,0,0.6,0,0,0.17,-0.05,-0.29,0.17,0.05,-0.29,0,0.9,-1.8,0,0.9,-1.8
23,0,0,0,1.437,0,0.29,0,0,0,0.6,0,0,0.164,-0.05,-0.29,0.164,0.05,-0.29,0,0.9,-1.8,0,0.9,-1.8
23,0,0,0,1.443,0,0.29,0,0,0,0.6,0,0,0.158,-0.05,-0.29,0.158,0.05,-0.29,0,0.9,-1.8,0,0.9,-1.8
23,0,0,0,1.449,0,0.29,0,0,0,0.6,0,0,0.152,-0.05,-0.29,0.152,0.05,-0.29,0,0.9,-1.8,0,0.9,-1.8
23,0,0,0,1.455,0,0.29,0,0,0,0.6,0,0,0.146,-0.05,-0.29,0.146,0.05,-0.29,0,0.9,-1.8,0,0.9,-1.8
23,0,0,0,1.461,0,0.29,0,0,0,0.6,0,0,0.14,-0.05,-0.29,0.14,0.05,-0.29,0,0.9,-1.8,0,0.9,-1.8
23,0,0,0,1.467,0,0.29,0,0,0,0.6,0,0,0.14,-0.05,-0.29,0.14,0.05,-0.29,0,0.9,-1.8,0,0.9,-1.8
24,0,0,0,1.467,0,0.29,0,0,0,0.6,0,0,0,0.9,-1.8,0,0.9,-1.8,0,0.9,-1.8,0,0.9,-1.8
24,0,0,0,1.473,0,0.29,0,0,0,0.6,0,0,0,0.9,-1.8,0,0.9,-1.8,0,0.9,-1.8,0,0.9,-1.8
24,0,0,0,1.479,0,0.29,0,0,0,0.6,0,0,0,0.9,-1.8,0,0.9,-1.8,0,0.9,-1.8,0,0.9,-1.8
24,0,0,0,1.485,0,0.29,0,0,0,0.6,0,0,0,0.9,-1.8,0,0.9,-1.8,0,0.9,-1.8,0,0.9,-1.8
24,0,0,0,1.491,0,0.29,0,0,0,0.6,0,0,0,0.9,-1.8,0,0.9,-1.8,0,0.9,-1.8,0,0.9,-1.8
24,0,0,0,1.497,0,0.29,0,0,0,0.6,0,0,0,0.9,-1.8,0,0.9,-1.8,0,0.9,-1.8,0,0.9,-1.8
24,0,0,0,1.503,0,0.29,0,0,0,0.6,0,0,0,0.9,-1.8,0,0.9,-1.8,0,0.9,-1.8,0,0.9,-1.8
25,0,0,0,1.503,0,0.29,0,0,0,0.6,0,0,0,0.9,-1.8,0,0.9,-1.8,-0.135,-0.12,-0.29,-0.135,0.12,-0.29
25,0,0,0,1.509,0,0.29,0,0,0,0.6,0,0,0,0.9,-1.8,0,0.9,-1.8,-0.141,-0.12,-0.29,-0.141,0.12,-0.29
25,0,0,0,1.515,0,0.29,0,0,0,0.6,0,0,0,0.9,-1.8,0,0.9,-1.8,-0.147,-0.12,-0.29,-0.147,0.12,-0.29
25,0,0,0,1.521,0,0.29,0,0,0,0.6,0,0,0,0.9,-1.8,0,0.9,-1.8,-0.153,-0.12,-0.29,-0.153,0.12,-0.29
25,0,0,0,1.527,0,0.29,0,0,0,0.6,0,0,0,0.9,-1.8,0,0.9,-1.8,-0.159,-0.12,-0.29,-0.159,0.12,-0.29
25,0,0,0,1.533,0,0.29,0,0,0,0.6,0,0,0,0.9,-1.8,0,0.9,-1.8,-0.165,-0.12,-0.29,-0.165,0.12,-0.29
25,0,0,0,1.539,0,0.29,0,0,0,0.6,0,0,0,0.9,-1.8,0,0.9,-1.8,-0.171,-0.12,-0.29,-0.171,0.12,-0.29
25,0,0,0,1.545,0,0.29,0,0,0,0.6,0,0,0,0.9,-1.8,0,0.9,-1.8,-0.177,-0.12,-0.29,-0.177,0.12,-0.29
25,0,0,0,1.551,0,0.29,0,0,0,0.6,0,0,0,0.9,-1.8,0,0.9,-1.8,-0.183,-0.12,-0.29,-0.183,0.12,-0.29
25,0,0,0,1.557,0,0.29,0,0,0,0.6,0,0,0,0.9,-1.8,0,0.9,-1.8,-0.189,-0.12,-0.29,-0.189,0.12,-0.29
25,0,0,0,1.563,0,0.29,0,0,0,0.6,0,0,0,0.9,-1.8,0,0.9,-1.8,-0.195,-0.12,-0.29,-0.195,0.12,-0.29
25,0,0,0,1.569,0,0.29,0,0,0,0.6,0,0,0,0.9,-1.8,0,0.9,-1.8,-0.201,-0.12,-0.29,-0.201,0.12,-0.29
25,0,0,0,1.575,0,0.29,0,0,0,0.6,0,0,0,0.9,-1.8,0,0.9,-1.8,-0.207,-0.12,-0.29,-0.207,0.12,-0.29
25,0,0,0,1.581,0,0.29,0,0,0,0.6,0,0,0,0.9,-1.8,0,0.9,-1.8,-0.213,-0.12,-0.29,-0.213,0.12,-0.29
25,0,0,0,1.587,0,0.29,0,0,0,0.6,0,0,0,0.9,-1.8,0,0.9,-1.8,-0.219,-0.12,-0.29,-0.219,0.12,-0.29
25,0,0,0,1.593,0,0.29,0,0,0,0.6,0,0,0,0.9,-1.8,0,0.9,-1.8,-0.225,-0.12,-0.29,-0.225,0.12,-0.29
25,0,0,0,1.599,0,0.29,0,0,0,0.6,0,0,0,0.9,-1.8,0,0.9,-1.8,-0.231,-0.12,-0.29,-0.231,0.12,-0.29
25,0,0,0,1.605,0,0.29,0,0,0,0.6,0,0,0,0.9,-1.8,0,0.9,-1.8,-0.237,-0.12,-0.29,-0.237,0.12,-0.29
25,0,0,0,1.611,0,0.29,0,0,0,0.6,0,0,0,0.9,-1.8,0,0.9,-1.8,-0.243,-0.12,-0.29,-0.243,0.12,-0.29
25,0,0,0,1.617,0,0.29,0,0,0,0.6,0,0,0,0.9,-1.8,0,0.9,-1.8,-0.243,-0.12,-0.29,-0.243,0.12,-0.29
26,0,0,0,1.617,0,0.29,0,0,0,0.6,0,0,0,0.9,-1.8,0,0.9,-1.8,0,0.9,-1.8,0,0.9,-1.8
26,0,0,0,1.623,0,0.29,0,0,0,0.6,0,0,0,0.9,-1.8,0,0.9,-1.8,0,0.9,-1.8,0,0.9,-1.8
26,0,0,0,1.629,0,0.29,0,0,0,0.6,0,0,0,0.9,-1.8,0,0.9,-1.8,0,0.9,-1.8,0,0.9,-1.8
26,0,0,0,1.635,0,0.29,0,0,0,0.6,0,0,0,0.9,-1.8,0,0.9,-1.8,0,0.9,-1.8,0,0.9,-1.8
26,0,0,0,1.641,0,0.29,0,0,0,0.6,0,0,0,0.9,-1.8,0,0.9,-1.8,0,0.9,-1.8,0,0.9,-1.8
26,0,0,0,1.647,0,0.29,0,0,0,0.6,0,0,0,0.9,-1.8,0,0.9,-1.8,0,0.9,-1.8,0,0.9,-1.8
26,0,0,0,1.653,0,0.29,0,0,0,0.6,0,0,0,0.9,-1.8,0,0.9,-1.8,0,0.9,-1.8,0,0.9,-1.8
27,0,0,0,1.653,0,0.29,0,0,0,0.6,0,0,0.248,-0.05,-0.29,0.248,0.05,-0.29,0,0.9,-1.8,0,0.9,-1.8
27,0,0,0,1.659,0,0.29,0,0,0,0.6,0,0,0.242,-0.05,-0.29,0.242,0.05,-0.29,0,0.9,-1.8,0,0.9,-1.8
27,0,0,0,1.665,0,0.29,0,0,0,0.6,0,0,0.236,-0.05,-0.29,0.236,0.05,-0.29,0,0.9,-1.8,0,0.9,-1.8
27,0,0,0,1.671,0,0.29,0,0,0,0.6,0,0,0.23,-0.05,-0.29,0.23,0.05,-0.29,0,0.9,-1.8,0,0.9,-1.8
27,0,0,0,1.677,0,0.29,0,0,0,0.6,0,0,0.224,-0.05,-0.29,0.224,0.05,-0.29,0,0.9,-1.8,0,0.9,-1.8
27,0,0,0,1.683,0,0.29,0,0,0,0.6,0,0,0.218,-0.05,-0.29,0.218,0.05,-0.29,0,0.9,-1.8,0,0.9,-1.8
27,0,0,0,1.689,0,0.29,0,0,0,0.6,0,0,0.212,-0.05,-0.29,0.212,0.05,-0.29,0,0.9,-1.8,0,0.9,-1.8
27,0,0,0,1.695,0,0.29,0,0,0,0.6,0,0,0.206,-0.05,-0.29,0.206,0.05,-0.29,0,0.9,-1.8,0,0.9,-1.8
27,0,0,0,1.701,0,0.29,0,0,0,0.6,0,0,0.2,-0.05,-0.29,0.2,0.05,-0.29,0,0.9,-1.8,0,0.9,-1.8
27,0,0,0,1.707,0,0.29,0,0,0,0.6,0,0,0.194,-0.05,-0.29,0.194,0.05,-0.29,0,0.9,-1.8,0,0.9,-1.8
27,0,0,0,1.713,0,0.29,0,0,0,0.6,0,0,0.188,-0.05,-0.29,0.188,0.05,-0.29,0,0.9,-1.8,0,0.9,-1.8
27,0,0,0,1.719,0,0.29,0,0,0,0.6,0,0,0.182,-0.05,-0.29,0.182,0.05,-0.29,0,0.9,-1.8,0,0.9,-1.8
27,0,0,0,1.725,0,0.29,0,0,0,0.6,0,0,0.176,-0.05,-0.29,0.176,0.05,-0.29,0,0.9,-1.8,0,0.9,-1.8
27,0,0,0,1.731,0,0.29,0,0,0,0.6,0,0,0.17,-0.05,-0.29,0.17,0.05,-0.29,0,0.9,-1.8,0,0.9,-1.8
27,0,0,0,1.737,0,0.29,0,0,0,0.6,0,0,0.164,-0.05,-0.29,0.164,0.05,-0.29,0,0.9,-1.8,0,0.9,-1.8
27,0,0,0,1.743,0,0.29,0,0,0,0.6,0,0,0.158,-0.05,-0.29,0.158,0.05,-0.29,0,0.9,-1.8,0,0.9,-1.8
27,0,0,0,1.749,0,0.29,0,0,0,0.6,0,0,0.152,-0.05,-0.29,0.152,0.05,-0.29,0,0.9,-1.8,0,0.9,-1.8
27,0,0,0,1.755,0,0.29,0,0,0,0.6,0,0,0.146,-0.05,-0.29,0.146,0.05,-0.29,0,0.9,-1.8,0,0.9,-1.8
27,0,0,0,1.761,0,0.29,0,0,0,0.6,0,0,0.14,-0.05,-0.29,0.14,0.05,-0.29,0,0.9,-1.8,0,0.9,-1.8
27,0,0,0,1.767,0,0.29,0,0,0,0.6,0,0,0.14,-0.05,-0.29,0.14,0.05,-0.29,0,0.9,-1.8,0,0.9,-1.8
28,0,0,0,1.767,0,0.29,0,0,0,0.6,0,0,0,0.9,-1.8,0,0.9,-1.8,0,0.9,-1.8,0,0.9,-1.8
28,0,0,0,1.773,0,0.29,0,0,0,0.6,0,0,0,0.9,-1.8,0,0.9,-1.8,0,0.9,-1.8,0,0.9,-1.8
28,0,0,0,1.779,0,0.29,0,0,0,0.6,0,0,0,0.9,-1.8,0,0.9,-1.8,0,0.9,-1.8,0,0.9,-1.8
28,0,0,0,1.785,0,0.29,0,0,0,0.6,0,0,0,0.9,-1.8,0,0.9,-1.8,0,0.9,-1.8,0,0.9,-1.8
28,0,0,0,1.791,0,0.29,0,0,0,0.6,0,0,0,0.9,-1.8,0,0.9,-1.8,0,0.9,-1.8,0,0.9,-1.8
28,0,0,0,1.797,0,0.29,0,0,0,0.6,0,0,0,0.9,-1.8,0,0.9,-1.8,0,0.9,-1.8,0,0.9,-1.8
28,0,0,0,1.803,0,0.35,0,0,0,1.4,0,0,0,0.9,-1.8,0,0.9,-1.8,0,0.9,-1.8,0,0.9,-1.8
29,0,0,0,1.803,0,0.35,0,0,0,1.4,0,0,0,0.9,-1.8,0,0.9,-1.8,-0.135,-0.12,-0.35,-0.135,0.12,-0.35
29,0,0,0,1.817,0,0.35,0,0,0,1.4,0,0,0,0.9,-1.8,0,0.9,-1.8,-0.149,-0.12,-0.35,-0.149,0.12,-0.35
29,0,0,0,1.831,0,0.35,0,0,0,1.4,0,0,0,0.9,-1.8,0,0.9,-1.8,-0.163,-0.12,-0.35,-0.163,0.12,-0.35
29,0,0,0,1.845,0,0.35,0,0,0,1.4,0,0,0,0.9,-1.8,0,0.9,-1.8,-0.177,-0.12,-0.35,-0.177,0.12,-0.35
29,0,0,0,1.859,0,0.35,0,0,0,1.4,0,0,0,0.9,-1.8,0,0.9,-1.8,-0.191,-0.12,-0.35,-0.191,0.12,-0.35
29,0,0,0,1.873,0,0.35,0,0,0,1.4,0,0,0,0.9,-1.8,0,0.9,-1.8,-0.205,-0.12,-0.35,-0.205,0.12,-0.35
29,0,0,0,1.887,0,0.35,0,0,0,1.4,0,0,0,0.9,-1.8,0,0.9,-1.8,-0.219,-0.12,-0.35,-0.219,0.12,-0.35
29,0,0,0,1.901,0,0.35,0,0,0,1.4,0,0,0,0.9,-1.8,0,0.9,-1.8,-0.233,-0.12,-0.35,-0.233,0.12,-0.35
29,0,0,0,1.915,0,0.35,0,0,0,1.4,0,0,0,0.9,-1.8,0,0.9,-1.8,-0.247,-0.12,-0.35,-0.247,0.12,-0.35
29,0,0,0,1.929,0,0.35,0,0,0,1.4,0,0,0,0.9,-1.8,0,0.9,-1.8,-0.261,-0.12,-0.35,-0.261,0.12,-0.35
29,0,0,0,1.943,0,0.35,0,0,0,1.4,0,0,0,0.9,-1.8,0,0.9,-1.8,-0.275,-0.12,-0.35,-0.275,0.12,-0.35
29,0,0,0,1.957,0,0.35,0,0,0,1.4,0,0,0,0.9,-1.8,0,0.9,-1.8,-0.289,-0.12,-0.35,-0.289,0.12,-0.35
29,0,0,0,1.971,0,0.35,0,0,0,1.4,0,0,0,0.9,-1.8,0,0.9,-1.8,-0.303,-0.12,-0.35,-0.303,0.12,-0.35
29,0,0,0,1.985,0,0.35,0,0,0,1.4,0,0,0,0.9,-1.8,0,0.9,-1.8,-0.317,-0.12,-0.35,-0.317,0.12,-0.35
29,0,0,0,1.999,0,0.35,0,0,0,1.4,0,0,0,0.9,-1.8,0,0.9,-1.8,-0.331,-0.12,-0.35,-0.331,0.12,-0.35
29,0,0,0,2.013,0,0.35,0,0,0,1.4,0,0,0,0.9,-1.8,0,0.9,-1.8,-0.345,-0.12,-0.35,-0.345,0.12,-0.35
29,0,0,0,2.027,0,0.35,0,0,0,1.4,0,0,0,0.9,-1.8,0,0.9,-1.8,-0.359,-0.12,-0.35,-0.359,0.12,-0.35
29,0,0,0,2.041,0,0.35,0,0,0,1.4,0,0,0,0.9,-1.8,0,0.9,-1.8,-0.373,-0.12,-0.35,-0.373,0.12,-0.35
29,0,0,0,2.055,0,0.35,0,0,0,1.4,0,0,0,0.9,-1.8,0,0.9,-1.8,-0.387,-0.12,-0.35,-0.387,0.12,-0.35
29,0,0,0,2.069,0,0.35,0,0,0,1.4,0,0,0,0.9,-1.8,0,0.9,-1.8,-0.387,-0.12,-0.35,-0.387,0.12,-0.35
30,0,0,0,2.069,0,0.35,0,0,0,1.4,0,0,0,0.9,-1.8,0,0.9,-1.8,0,0.9,-1.8,0,0.9,-1.8
30,0,0,0,2.083,0,0.35,0,0,0,1.4,0,0,0,0.9,-1.8,0,0.9,-1.8,0,0.9,-1.8,0,0.9,-1.8
30,0,0,0,2.097,0,0.35,0,0,0,1.4,0,0,0,0.9,-1.8,0,0.9,-1.8,0,0.9,-1.8,0,0.9,-1.8
30,0,0,0,2.111,0,0.35,0,0,0,1.4,0,0,0,0.9,-1.8,0,0.9,-1.8,0,0.9,-1.8,0,0.9,-1.8
30,0,0,0,2.125,0,0.35,0,0,0,1.4,0,0,0,0.9,-1.8,0,0.9,-1.8,0,0.9,-1.8,0,0.9,-1.8
30,0,0,0,2.139,0,0.35,0,0,0,1.4,0,0,0,0.9,-1.8,0,0.9,-1.8,0,0.9,-1.8,0,0.9,-1.8
30,0,0,0,2.153,0,0.35,0,0,0,1.4,0,0,0,0.9,-1.8,0,0.9,-1.8,0,0.9,-1.8,0,0.9,-1.8
30,0,0,0,2.167,0,0.35,0,0,0,1.4,0,0,0,0.9,-1.8,0,0.9,-1.8,0,0.9,-1.8,0,0.9,-1.8
30,0,0,0,2.181,0,0.35,0,0,0,1.4,0,0,0,0.9,-1.8,0,0.9,-1.8,0,0.9,-1.8,0,0.9,-1.8
30,0,0,0,2.195,0,0.35,0,0,0,1.4,0,0,0,0.9,-1.8,0,0.9,-1.8,0,0.9,-1.8,0,0.9,-1.8
30,0,0,0,2.209,0,0.35,0,0,0,1.4,0,0,0,0.9,-1.8,0,0.9,-1.8,0,0.9,-1.8,0,0.9,-1.8
30,0,0,0,2.223,0,0.35,0,0,0,1.4,0,0,0,0.9,-1.8,0,0.9,-1.8,0,0.9,-1.8,0,0.9,-1.8
30,0,0,0,2.237,0,0.35,0,0,0,1.4,0,0,0,0.9,-1.8,0,0.9,-1.8,0,0.9,-1.8,0,0.9,-1.8
30,0,0,0,2.251,0,0.35,0,0,0,1.4,0,0,0,0.9,-1.8,0,0.9,-1.8,0,0.9,-1.8,0,0.9,-1.8
30,0,0,0,2.265,0,0.35,0,0,0,1.4,0,0,0,0.9,-1.8,0,0.9,-1.8,0,0.9,-1.8,0,0.9,-1.8
30,0,0,0,2.279,0,0.35,0,0,0,1.4,0,0,0,0.9,-1.8,0,0.9,-1.8,0,0.9,-1.8,0,0.9,-1.8
30,0,0,0,2.293,0,0.35,0,0,0,1.4,0,0,0,0.9,-1.8,0,0.9,-1.8,0,0.9,-1.8,0,0.9,-1.8
30,0,0,0,2.307,0,0.35,0,0,0,1.4,0,0,0,0.9,-1.8,0,0.9,-1.8,0,0.9,-1.8,0,0.9,-1.8
30,0,0,0,2.321,0,0.35,0,0,0,1.4,0,0,0,0.9,-1.8,0,0.9,-1.8,0,0.9,-1.8,0,0.9,-1.8
30,0,0,0,2.335,0,0.35,0,0,0,1.4,0,0,0,0.9,-1.8,0,0.9,-1.8,0,0.9,-1.8,0,0.9,-1.8
31,0,0,0,2.335,0,0.35,0,0,0,1.4,0,0,0.3085,-0.05,-0.35,0.3085,0.05,-0.35,0,0.9,-1.8,0,0.9,-1.8
31,0,0,0,2.349,0,0.35,0,0,0,1.4,0,0,0.2945,-0.05,-0.35,0.2945,0.05,-0.35,0,0.9,-1.8,0,0.9,-1.8
31,0,0,0,2.363,0,0.35,0,0,0,1.4,0,0,0.2805,-0.05,-0.35,0.2805,0.05,-0.35,0,0.9,-1.8,0,0.9,-1.8
31,0,0,0,2.377,0,0.35,0,0,0,1.4,0,0,0.2665,-0.05,-0.35,0.2665,0.05,-0.35,0,0.9,-1.8,0,0.9,-1.8
31,0,0,0,2.391,0,0.35,0,0,0,1.4,0,0,0.2525,-0.05,-0.35,0.2525,0.05,-0.35,0,0.9,-1.8,0,0.9,-1.8
31,0,0,0,2.405,0,0.35,0,0,0,1.4,0,0,0.2385,-0.05,-0.35,0.2385,0.05,-0.35,0,0.9,-1.8,0,0.9,-1.8
31,0,0,0,2.419,0,0.35,0,0,0,1.4,0,0,0.2245,-0.05,-0.35,0.2245,0.05,-0.35,0,0.9,-1.8,0,0.9,-1.8
31,0,0,0,2.433,0,0.35,0,0,0,1.4,0,0,0.2105,-0.05,-0.35,0.2105,0.05,-0.35,0,0.9,-1.8,0,0.9,-1.8
31,0,0,0,2.447,0,0.35,0,0,0,1.4,0,0,0.1965,-0.05,-0.35,0.1965,0.05,-0.35,0,0.9,-1.8,0,0.9,-1.8
31,0,0,0,2.461,0,0.35,0,0,0,1.4,0,0,0.1825,-0.05,-0.35,0.1825,0.05,-0.35,0,0.9,-1.8,0,0.9,-1.8
31,0,0,0,2.475,0,0.35,0,0,0,1.4,0,0,0.1685,-0.05,-0.35,0.1685,0.05,-0.35,0,0.9,-1.8,0,0.9,-1.8
31,0,0,0,2.489,0,0.35,0,0,0,1.4,0,0,0.1545,-0.05,-0.35,0.1545,0.05,-0.35,0,0.9,-1.8,0,0.9,-1.8
31,0,0,0,2.503,0,0.35,0,0,0,1.4,0,0,0.1405,-0.05,-0.35,0.1405,0.05,-0.35,0,0.9,-1.8,0,0.9,-1.8
31,0,0,0,2.517,0,0.35,0,0,0,1.4,0,0,0.1265,-0.05,-0.35,0.1265,0.05,-0.35,0,0.9,-1.8,0,0.9,-1.8
31,0,0,0,2.531,0,0.35,0,0,0,1.4,0,0,0.1125,-0.05,-0.35,0.1125,0.05,-0.35,0,0.9,-1.8,0,0.9,-1.8
31,0,0,0,2.545,0,0.35,0,0,0,1.4,0,0,0.0985,-0.05,-0.35,0.0985,0.05,-0.35,0,0.9,-1.8,0,0.9,-1.8
31,0,0,0,2.559,0,0.35,0,0,0,1.4,0,0,0.0844999999999998,-0.05,-0.35,0.0844999999999998,0.05,-0.35,0,0.9,-1.8,0,0.9,-1.8
31,0,0,0,2.573,0,0.35,0,0,0,1.4,0,0,0.0705,-0.05,-0.35,0.0705,0.05,-0.35,0,0.9,-1.8,0,0.9,-1.8
31,0,0,0,2.587,0,0.35,0,0,0,1.4,0,0,0.0564999999999998,-0.05,-0.35,0.0564999999999998,0.05,-0.35,0,0.9,-1.8,0,0.9,-1.8
31,0,0,0,2.601,0,0.35,0,0,0,1.4,0,0,0.0425,-0.05,-0.35,0.0425,0.05,-0.35,0,0.9,-1.8,0,0.9,-1.8
31,0,0,0,2.615,0,0.35,0,0,0,1.4,0,0,0.0425,-0.05,-0.35,0.0425,0.05,-0.35,0,0.9,-1.8,0,0.9,-1.8
32,0,0,0,2.615,0,0.35,0,0,0,1.4,0,0,0,0.9,-1.8,0,0.9,-1.8,0,0.9,-1.8,0,0.9,-1.8
32,0,0,0,2.629,0,0.35,0,0,0,1.4,0,0,0,0.9,-1.8,0,0.9,-1.8,0,0.9,-1.8,0,0.9,-1.8
32,0,0,0,2.643,0,0.35,0,0,0,1.4,0,0,0,0.9,-1.8,0,0.9,-1.8,0,0.9,-1.8,0,0.9,-1.8
32,0,0,0,2.657,0,0.35,0,0,0,1.4,0,0,0,0.9,-1.8,0,0.9,-1.8,0,0.9,-1.8,0,0.9,-1.8
32,0,0,0,2.671,0,0.35,0,0,0,1.4,0,0,0,0.9,-1.8,0,0.9,-1.8,0,0.9,-1.8,0,0.9,-1.8
32,0,0,0,2.685,0,0.35,0,0,0,1.4,0,0,0,0.9,-1.8,0,0.9,-1.8,0,0.9,-1.8,0,0.9,-1.8
32,0,0,0,2.699,0,0.35,0,0,0,1.4,0,0,0,0.9,-1.8,0,0.9,-1.8,0,0.9,-1.8,0,0.9,-1.8
32,0,0,0,2.713,0,0.29,0,0,0,1,0,0,0,0.9,-1.8,0,0.9,-1.8,0,0.9,-1.8,0,0.9,-1.8
33,0,0,0,2.713,0,0.29,0,0,0,1,0,0,0,0.9,-1.8,0,0.9,-1.8,-0.0745,-0.12,-0.29,-0.0745,0.12,-0.29
33,0,0,0,2.723,0,0.29,0,0,0,1,0,0,0,0.9,-1.8,0,0.9,-1.8,-0.0844999999999998,-0.12,-0.29,-0.0844999999999998,0.12,-0.29
33,0,0,0,2.733,0,0.29,0,0,0,1,0,0,0,0.9,-1.8,0,0.9,-1.8,-0.0945,-0.12,-0.29,-0.0945,0.12,-0.29
33,0,0,0,2.743,0,0.29,0,0,0,1,0,0,0,0.9,-1.8,0,0.9,-1.8,-0.1045,-0.12,-0.29,-0.1045,0.12,-0.29
33,0,0,0,2.753,0,0.29,0,0,0,1,0,0,0,0.9,-1.8,0,0.9,-1.8,-0.1145,-0.12,-0.29,-0.1145,0.12,-0.29
33,0,0,0,2.763,0,0.29,0,0,0,1,0,0,0,0.9,-1.8,0,0.9,-1.8,-0.1245,-0.12,-0.29,-0.1245,0.12,-0.29
33,0,0,0,2.773,0,0.29,0,0,0,1,0,0,0,0.9,-1.8,0,0.9,-1.8,-0.1345,-0.12,-0.29,-0.1345,0.12,-0.29
33,0,0,0,2.783,0,0.29,0,0,0,1,0,0,0,0.9,-1.8,0,0.9,-1.8,-0.1445,-0.12,-0.29,-0.1445,0.12,-0.29
33,0,0,0,2.793,0,0.29,0,0,0,1,0,0,0,0.9,-1.8,0,0.9,-1.8,-0.1545,-0.12,-0.29,-0.1545,0.12,-0.29
33,0,0,0,2.803,0,0.29,0,0,0,1,0,0,0,0.9,-1.8,0,0.9,-1.8,-0.1645,-0.12,-0.29,-0.1645,0.12,-0.29
33,0,0,0,2.813,0,0.29,0,0,0,1,0,0,0,0.9,-1.8,0,0.9,-1.8,-0.1745,-0.12,-0.29,-0.1745,0.12,-0.29
33,0,0,0,2.823,0,0.29,0,0,0,1,0,0,0,0.9,-1.8,0,0.9,-1.8,-0.1845,-0.12,-0.29,-0.1845,0.12,-0.29
33,0,0,0,2.833,0,0.29,0,0,0,1,0,0,0,0.9,-1.8,0,0.9,-1.8,-0.1945,-0.12,-0.29,-0.1945,0.12,-0.29
33,0,0,0,2.843,0,0.29,0,0,0,1,0,0,0,0.9,-1.8,0,0.9,-1.8,-0.2045,-0.12,-0.29,-0.2045,0.12,-0.29
33,0,0,0,2.853,0,0.29,0,0,0,1,0,0,0,0.9,-1.8,0,0.9,-1.8,-0.2145,-0.12,-0.29,-0.2145,0.12,-0.29
33,0,0,0,2.863,0,0.29,0,0,0,1,0,0,0,0.9,-1.8,0,0.9,-1.8,-0.2245,-0.12,-0.29,-0.2245,0.12,-0.29
33,0,0,0,2.873,0,0.29,0,0,0,1,0,0,0,0.9,-1.8,0,0.9,-1.8,-0.2345,-0.12,-0.29,-0.2345,0.12,-0.29
33,0,0,0,2.883,0,0.29,0,0,0,1,0,0,0,0.9,-1.8,0,0.9,-1.8,-0.2445,-0.12,-0.29,-0.2445,0.12,-0.29
33,0,0,0,2.893,0,0.29,0,0,0,1,0,0,0,0.9,-1.8,0,0.9,-1.8,-0.2545,-0.12,-0.29,-0.2545,0.12,-0.29
33,0,0,0,2.903,0,0.29,0,0,0,1,0,0,0,0.9,-1.8,0,0.9,-1.8,-0.2545,-0.12,-0.29,-0.2545,0.12,-0.29
34,0,0,0,2.903,0,0.29,0,0,0,1,0,0,0,0.9,-1.8,0,0.9,-1.8,0,0.9,-1.8,0,0.9,-1.8
34,0,0,0,2.913,0,0.29,0,0,0,1,0,0,0,0.9,-1.8,0,0.9,-1.8,0,0.9,-1.8,0,0.9,-1.8
34,0,0,0,2.923,0,0.29,0,0,0,1,0,0,0,0.9,-1.8,0,0.9,-1.8,0,0.9,-1.8,0,0.9,-1.8
34,0,0,0,2.933,0,0.29,0,0,0,1,0,0,0,0.9,-1.8,0,0.9,-1.8,0,0.9,-1.8,0,0.9,-1.8
34,0,0,0,2.943,0,0.29,0,0,0,1,0,0,0,0.9,-1.8,0,0.9,-1.8,0,0.9,-1.8,0,0.9,-1.8
34,0,0,0,2.953,0,0.29,0,0,0,1,0,0,0,0.9,-1.8,0,0.9,-1.8,0,0.9,-1.8,0,0.9,-1.8
34,0,0,0,2.963,0,0.29,0,0,0,1,0,0,0,0.9,-1.8,0,0.9,-1.8,0,0.9,-1.8,0,0.9,-1.8
35,0,0,0,2.963,0,0.29,0,0,0,1,0,0,0.28,-0.05,-0.29,0.28,0.05,-0.29,0,0.9,-1.8,0,0.9,-1.8
35,0,0,0,2.973,0,0.29,0,0,0,1,0,0,0.27,-0.05,-0.29,0.27,0.05,-0.29,0,0.9,-1.8,0,0.9,-1.8
35,0,0,0,2.983,0,0.29,0,0,0,1,0,0,0.26,-0.05,-0.29,0.26,0.05,-0.29,0,0.9,-1.8,0,0.9,-1.8
35,0,0,0,2.993,0,0.29,0,0,0,1,0,0,0.25,-0.05,-0.29,0.25,0.05,-0.29,0,0.9,-1.8,0,0.9,-1.8
35,0,0,0,3.003,0,0.29,0,0,0,1,0,0,0.24,-0.05,-0.29,0.24,0.05,-0.29,0,0.9,-1.8,0,0.9,-1.8
35,0,0,0,3.013,0,0.29,0,0,0,1,0,0,0.23,-0.05,-0.29,0.23,0.05,-0.29,0,0.9,-1.8,0,0.9,-1.8
35,0,0,0,3.023,0,0.29,0,0,0,1,0,0,0.22,-0.05,-0.29,0.22,0.05,-0.29,0,0.9,-1.8,0,0.9,-1.8
35,0,0,0,3.033,0,0.29,0,0,0,1,0,0,0.21,-0.05,-0.29,0.21,0.05,-0.29,0,0.9,-1.8,0,0.9,-1.8
35,0,0,0,3.043,0,0.29,0,0,0,1,0,0,0.2,-0.05,-0.29,0.2,0.05,-0.29,0,0.9,-1.8,0,0.9,-1.8
35,0,0,0,3.053,0,0.29,0,0,0,1,0,0,0.19,-0.05,-0.29,0.19,0.05,-0.29,0,0.9,-1.8,0,0.9,-1.8
35,0,0,0,3.063,0,0.29,0,0,0,1,0,0,0.18,-0.05,-0.29,0.18,0.05,-0.29,0,0.9,-1.8,0,0.9,-1.8
35,0,0,0,3.073,0,0.29,0,0,0,1,0,0,0.17,-0.05,-0.29,0.17,0.05,-0.29,0,0.9,-1.8,0,0.9,-1.8
35,0,0,0,3.083,0,0.29,0,0,0,1,0,0,0.16,-0.05,-0.29,0.16,0.05,-0.29,0,0.9,-1.8,0,0.9,-1.8
35,0,0,0,3.093,0,0.29,0,0,0,1,0,0,0.15,-0.05,-0.29,0.15,0.05,-0.29,0,0.9,-1.8,0,0.9,-1.8
35,0,0,0,3.103,0,0.29,0,0,0,1,0,0,0.14,-0.05,-0.29,0.14,0.05,-0.29,0,0.9,-1.8,0,0.9,-1.8
35,0,0,0,3.113,0,0.29,0,0,0,1,0,0,0.13,-0.05,-0.29,0.13,0.05,-0.29,0,0.9,-1.8,0,0.9,-1.8
35,0,0,0,3.123,0,0.29,0,0,0,1,0,0,0.12,-0.05,-0.29,0.12,0.05,-0.29,0,0.9,-1.8,0,0.9,-1.8
35,0,0,0,3.133,0,0.29,0,0,0,1,0,0,0.11,-0.05,-0.29,0.11,0.05,-0.29,0,0.9,-1.8,0,0.9,-1.8
35,0,0,0,3.143,0,0.29,0,0,0,1,0,0,0.1,-0.05,-0.29,0.1,0.05,-0.29,0,0.9,-1.8,0,0.9,-1.8
35,0,0,0,3.153,0,0.29,0,0,0,1,0,0,0.1,-0.05,-0.29,0.1,0.05,-0.29,0,0.9,-1.8,0,0.9,-1.8
36,0,0,0,3.153,0,0.29,0,0,0,1,0,0,0,0.9,-1.8,0,0.9,-1.8,0,0.9,-1.8,0,0.9,-1.8
36,0,0,0,3.163,0,0.29,0,0,0,1,0,0,0,0.9,-1.8,0,0.9,-1.8,0,0.9,-1.8,0,0.9,-1.8
36,0,0,0,3.173,0,0.29,0,0,0,1,0,0,0,0.9,-1.8,0,0.9,-1.8,0,0.9,-1.8,0,0.9,-1.8
36,0,0,0,3.183,0,0.29,0,0,0,1,0,0,0,0.9,-1.8,0,0.9,-1.8,0,0.9,-1.8,0,0.9,-1.8
36,0,0,0,3.193,0,0.29,0,0,0,1,0,0,0,0.9,-1.8,0,0.9,-1.8,0,0.9,-1.8,0,0.9,-1.8
36,0,0,0,3.203,0,0.29,0,0,0,1,0,0,0,0.9,-1.8,0,0.9,-1.8,0,0.9,-1.8,0,0.9,-1.8
36,0,0,0,3.213,0,0.29,0,0,0,0.6,0,0,0,0.9,-1.8,0,0.9,-1.8,0,0.9,-1.8,0,0.9,-1.8
37,0,0,0,3.213,0,0.29,0,0,0,0.6,0,0,0,0.9,-1.8,0,0.9,-1.8,-0.103,-0.12,-0.29,-0.103,0.12,-0.29
37,0,0,0,3.219,0,0.29,0,0,0,0.6,0,0,0,0.9,-1.8,0,0.9,-1.8,-0.109,-0.12,-0.29,-0.109,0.12,-0.29
37,0,0,0,3.225,0,0.29,0,0,0,0.6,0,0,0,0.9,-1.8,0,0.9,-1.8,-0.115,-0.12,-0.29,-0.115,0.12,-0.29
37,0,0,0,3.231,0,0.29,0,0,0,0.6,0,0,0,0.9,-1.8,0,0.9,-1.8,-0.121,-0.12,-0.29,-0.121,0.12,-0.29
37,0,0,0,3.237,0,0.29,0,0,0,0.6,0,0,0,0.9,-1.8,0,0.9,-1.8,-0.127,-0.12,-0.29,-0.127,0.12,-0.29
37,0,0,0,3.243,0,0.29,0,0,0,0.6,0,0,0,0.9,-1.8,0,0.9,-1.8,-0.133,-0.12,-0.29,-0.133,0.12,-0.29
37,0,0,0,3.249,0,0.29,0,0,0,0.6,0,0,0,0.9,-1.8,0,0.9,-1.8,-0.139,-0.12,-0.29,-0.139,0.12,-0.29
37,0,0,0,3.255,0,0.29,0,0,0,0.6,0,0,0,0.9,-1.8,0,0.9,-1.8,-0.145,-0.12,-0.29,-0.145,0.12,-0.29
37,0,0,0,3.261,0,0.29,0,0,0,0.6,0,0,0,0.9,-1.8,0,0.9,-1.8,-0.151,-0.12,-0.29,-0.151,0.12,-0.29
37,0,0,0,3.267,0,0.29,0,0,0,0.6,0,0,0,0.9,-1.8,0,0.9,-1.8,-0.157,-0.12,-0.29,-0.157,0.12,-0.29
37,0,0,0,3.273,0,0.29,0,0,0,0.6,0,0,0,0.9,-1.8,0,0.9,-1.8,-0.163,-0.12,-0.29,-0.163,0.12,-0.29
37,0,0,0,3.279,0,0.29,0,0,0,0.6,0,0,0,0.9,-1.8,0,0.9,-1.8,-0.169,-0.12,-0.29,-0.169,0.12,-0.29
37,0,0,0,3.285,0,0.29,0,0,0,0.6,0,0,0,0.9,-1.8,0,0.9,-1.8,-0.175,-0.12,-0.29,-0.175,0.12,-0.29
37,0,0,0,3.291,0,0.29,0,0,0,0.6,0,0,0,0.9,-1.8,0,0.9,-1.8,-0.181,-0.12,-0.29,-0.181,0.12,-0.29
37,0,0,0,3.297,0,0.29,0,0,0,0.6,0,0,0,0.9,-1.8,0,0.9,-1.8,-0.187,-0.12,-0.29,-0.187,0.12,-0.29
37,0,0,0,3.303,0,0.29,0,0,0,0.6,0,0,0,0.9,-1.8,0,0.9,-1.8,-0.193,-0.12,-0.29,-0.193,0.12,-0.29
37,0,0,0,3.309,0,0.29,0,0,0,0.6,0,0,0,0.9,-1.8,0,0.9,-1.8,-0.199,-0.12,-0.29,-0.199,0.12,-0.29
37,0,0,0,3.315,0,0.29,0,0,0,0.6,0,0,0,0.9,-1.8,0,0.9,-1.8,-0.205,-0.12,-0.29,-0.205,0.12,-0.29
37,0,0,0,3.321,0,0.29,0,0,0,0.6,0,0,0,0.9,-1.8,0,0.9,-1.8,-0.211,-0.12,-0.29,-0.211,0.12,-0.29
37,0,0,0,3.327,0,0.29,0,0,0,0.6,0,0,0,0.9,-1.8,0,0.9,-1.8,-0.211,-0.12,-0.29,-0.211,0.12,-0.29
38,0,0,0,3.327,0,0.29,0,0,0,0.6,0,0,0,0.9,-1.8,0,0.9,-1.8,0,0.9,-1.8,0,0.9,-1.8
38,0,0,0,3.333,0,0.29,0,0,0,0.6,0,0,0,0.9,-1.8,0,0.9,-1.8,0,0.9,-1.8,0,0.9,-1.8
38,0,0,0,3.339,0,0.29,0,0,0,0.6,0,0,0,0.9,-1.8,0,0.9,-1.8,0,0.9,-1.8,0,0.9,-1.8
38,0,0,0,3.345,0,0.29,0,0,0,0.6,0,0,0,0.9,-1.8,0,0.9,-1.8,0,0.9,-1.8,0,0.9,-1.8
38,0,0,0,3.351,0,0.29,0,0,0,0.6,0,0,0,0.9,-1.8,0,0.9,-1.8,0,0.9,-1.8,0,0.9,-1.8
38,0,0,0,3.357,0,0.29,0,0,0,0.6,0,0,0,0.9,-1.8,0,0.9,-1.8,0,0.9,-1.8,0,0.9,-1.8
38,0,0,0,3.363,0,0.29,0,0,0,0.6,0,0,0,0.9,-1.8,0,0.9,-1.8,0,0.9,-1.8,0,0.9,-1.8
39,0,0,0,3.363,0,0.29,0,0,0,0.6,0,0,0.248,-0.05,-0.29,0.248,0.05,-0.29,0,0.9,-1.8,0,0.9,-1.8
39,0,0,0,3.369,0,0.29,0,0,0,0.6,0,0,0.242,-0.05,-0.29,0.242,0.05,-0.29,0,0.9,-1.8,0,0.9,-1.8
39,0,0,0,3.375,0,0.29,0,0,0,0.6,0,0,0.236,-0.05,-0.29,0.236,0.05,-0.29,0,0.9,-1.8,0,0.9,-1.8
39,0,0,0,3.381,0,0.29,0,0,0,0.6,0,0,0.23,-0.05,-0.29,0.23,0.05,-0.29,0,0.9,-1.8,0,0.9,-1.8
39,0,0,0,3.387,0,0.29,0,0,0,0.6,0,0,0.224,-0.05,-0.29,0.224,0.05,-0.29,0,0.9,-1.8,0,0.9,-1.8
39,0,0,0,3.393,0,0.29,0,0,0,0.6,0,0,0.218,-0.05,-0.29,0.218,0.05,-0.29,0,0.9,-1.8,0,0.9,-1.8
39,0,0,0,3.399,0,0.29,0,0,0,0.6,0,0,0.212,-0.05,-0.29,0.212,0.05,-0.29,0,0.9,-1.8,0,0.9,-1.8
39,0,0,0,3.405,0,0.29,0,0,0,0.6,0,0,0.206,-0.05,-0.29,0.206,0.05,-0.29,0,0.9,-1.8,0,0.9,-1.8
39,0,0,0,3.411,0,0.29,0,0,0,0.6,0,0,0.2,-0.05,-0.29,0.2,0.05,-0.29,0,0.9,-1.8,0,0.9,-1.8
39,0,0,0,3.417,0,0.29,0,0,0,0.6,0,0,0.194,-0.05,-0.29,0.194,0.05,-0.29,0,0.9,-1.8,0,0.9,-1.8
39,0,0,0,3.423,0,0.29,0,0,0,0.6,0,0,0.188,-0.05,-0.29,0.188,0.05,-0.29,0,0.9,-1.8,0,0.9,-1.8
39,0,0,0,3.429,0,0.29,0,0,0,0.6,0,0,0.182,-0.05,-0.29,0.182,0.05,-0.29,0,0.9,-1.8,0,0.9,-1.8
39,0,0,0,3.435,0,0.29,0,0,0,0.6,0,0,0.176,-0.05,-0.29,0.176,0.05,-0.29,0,0.9,-1.8,0,0.9,-1.8
39,0,0,0,3.441,0,0.29,0,0,0,0.6,0,0,0.17,-0.05,-0.29,0.17,0.05,-0.29,0,0.9,-1.8,0,0.9,-1.8
39,0,0,0,3.447,0,0.29,0,0,0,0.6,0,0,0.164,-0.05,-0.29,0.164,0.05,-0.29,0,0.9,-1.8,0,0.9,-1.8
39,0,0,0,3.453,0,0.29,0,0,0,0.6,0,0,0.158,-0.05,-0.29,0.158,0.05,-0.29,0,0.9,-1.8,0,0.9,-1.8
39,0,0,0,3.459,0,0.29,0,0,0,0.6,0,0,0.152,-0.05,-0.29,0.152,0.05,-0.29,0,0.9,-1.8,0,0.9,-1.8
39,0,0,0,3.465,0,0.29,0,0,0,0.6,0,0,0.146,-0.05,-0.29,0.146,0.05,-0.29,0,0.9,-1.8,0,0.9,-1.8
39,0,0,0,3.471,0,0.29,0,0,0,0.6,0,0,0.14,-0.05,-0.29,0.14,0.05,-0.29,0,0.9,-1.8,0,0.9,-1.8
39,0,0,0,3.477,0,0.29,0,0,0,0.6,0,0,0.14,-0.05,-0.29,0.14,0.05,-0.29,0,0.9,-1.8,0,0.9,-1.8
40,0,0,0,3.477,0,0.29,0,0,0,0.6,0,0,0,0.9,-1.8,0,0.9,-1.8,0,0.9,-1.8,0,0.9,-1.8
40,0,0,0,3.483,0,0.29,0,0,0,0.6,0,0,0,0.9,-1.8,0,0.9,-1.8,0,0.9,-1.8,0,0.9,-1.8
40,0,0,0,3.489,0,0.29,0,0,0,0.6,0,0,0,0.9,-1.8,0,0.9,-1.8,0,0.9,-1.8,0,0.9,-1.8
40,0,0,0,3.495,0,0.29,0,0,0,0.6,0,0,0,0.9,-1.8,0,0.9,-1.8,0,0.9,-1.8,0,0.9,-1.8
40,0,0,0,3.501,0,0.29,0,0,0,0.6,0,0,0,0.9,-1.8,0,0.9,-1.8,0,0.9,-1.8,0,0.9,-1.8
40,0,0,0,3.507,0,0.29,0,0,0,0.6,0,0,0,0.9,-1.8,0,0.9,-1.8,0,0.9,-1.8,0,0.9,-1.8
40,0,0,0,3.513,0,0.27,0,0,0,0.6,0,0,0,0.9,-1.8,0,0.9,-1.8,0,0.9,-1.8,0,0.9,-1.8
40,0,0,0,3.519,0,0.27,0,0,0,0.6,0,0,0,0.9,-1.8,0,0.9,-1.8,0,0.9,-1.8,0,0.9,-1.8
40,0,0,0,3.525,0,0.27,0,0,0,0.6,0,0,0,0.9,-1.8,0,0.9,-1.8,0,0.9,-1.8,0,0.9,-1.8
40,0,0,0,3.531,0,0.27,0,0,0,0.6,0,0,0,0.9,-1.8,0,0.9,-1.8,0,0.9,-1.8,0,0.9,-1.8
40,0,0,0,3.537,0,0.27,0,0,0,0.6,0,0,0,0.9,-1.8,0,0.9,-1.8,0,0.9,-1.8,0,0.9,-1.8
40,0,0,0,3.543,0,0.27,0,0,0,0.6,0,0,0,0.9,-1.8,0,0.9,-1.8,0,0.9,-1.8,0,0.9,-1.8
40,0,0,0,3.549,0,0.27,0,0,0,0.6,0,0,0,0.9,-1.8,0,0.9,-1.8,0,0.9,-1.8,0,0.9,-1.8
40,0,0,0,3.555,0,0.27,0,0,0,0.6,0,0,0,0.9,-1.8,0,0.9,-1.8,0,0.9,-1.8,0,0.9,-1.8
40,0,0,0,3.561,0,0.27,0,0,0,0.6,0,0,0,0.9,-1.8,0,0.9,-1.8,0,0.9,-1.8,0,0.9,-1.8
40,0,0,0,3.567,0,0.27,0,0,0,0.6,0,0,0,0.9,-1.8,0,0.9,-1.8,0,0.9,-1.8,0,0.9,-1.8
41,0,0,0,3.567,0,0.27,0,0,0,0.6,0,0,0.188,-0.05,-0.27,0,0.9,-1.8,0,0.9,-1.8,-0.195,0.12,-0.27
41,0,0,0,3.573,0,0.27,0,0,0,0.6,0,0,0.182,-0.05,-0.27,0,0.9,-1.8,0,0.9,-1.8,-0.201,0.12,-0.27
41,0,0,0,3.579,0,0.27,0,0,0,0.6,0,0,0.176,-0.05,-0.27,0,0.9,-1.8,0,0.9,-1.8,-0.207,0.12,-0.27
41,0,0,0,3.585,0,0.27,0,0,0,0.6,0,0,0.17,-0.05,-0.27,0,0.9,-1.8,0,0.9,-1.8,-0.213,0.12,-0.27
41,0,0,0,3.591,0,0.27,0,0,0,0.6,0,0,0.164,-0.05,-0.27,0,0.9,-1.8,0,0.9,-1.8,-0.219,0.12,-0.27
41,0,0,0,3.597,0,0.27,0,0,0,0.6,0,0,0.158,-0.05,-0.27,0,0.9,-1.8,0,0.9,-1.8,-0.225,0.12,-0.27
41,0,0,0,3.603,0,0.27,0,0,0,0.6,0,0,0.152,-0.05,-0.27,0,0.9,-1.8,0,0.9,-1.8,-0.231,0.12,-0.27
41,0,0,0,3.609,0,0.27,0,0,0,0.6,0,0,0.146,-0.05,-0.27,0,0.9,-1.8,0,0.9,-1.8,-0.237,0.12,-0.27
41,0,0,0,3.615,0,0.27,0,0,0,0.6,0,0,0.14,-0.05,-0.27,0,0.9,-1.8,0,0.9,-1.8,-0.243,0.12,-0.27
41,0,0,0,3.621,0,0.27,0,0,0,0.6,0,0,0.134,-0.05,-0.27,0,0.9,-1.8,0,0.9,-1.8,-0.249,0.12,-0.27
41,0,0,0,3.627,0,0.27,0,0,0,0.6,0,0,0.128,-0.05,-0.27,0,0.9,-1.8,0,0.9,-1.8,-0.255,0.12,-0.27
41,0,0,0,3.633,0,0.27,0,0,0,0.6,0,0,0.122,-0.05,-0.27,0,0.9,-1.8,0,0.9,-1.8,-0.261,0.12,-0.27
41,0,0,0,3.639,0,0.27,0,0,0,0.6,0,0,0.116,-0.05,-0.27,0,0.9,-1.8,0,0.9,-1.8,-0.267,0.12,-0.27
41,0,0,0,3.645,0,0.27,0,0,0,0.6,0,0,0.11,-0.05,-0.27,0,0.9,-1.8,0,0.9,-1.8,-0.273,0.12,-0.27
41,0,0,0,3.651,0,0.27,0,0,0,0.6,0,0,0.104,-0.05,-0.27,0,0.9,-1.8,0,0.9,-1.8,-0.279,0.12,-0.27
41,0,0,0,3.657,0,0.27,0,0,0,0.6,0,0,0.0979999999999999,-0.05,-0.27,0,0.9,-1.8,0,0.9,-1.8,-0.285,0.12,-0.27
41,0,0,0,3.663,0,0.27,0,0,0,0.6,0,0,0.0920000000000001,-0.05,-0.27,0,0.9,-1.8,0,0.9,-1.8,-0.291,0.12,-0.27
41,0,0,0,3.669,0,0.27,0,0,0,0.6,0,0,0.0859999999999999,-0.05,-0.27,0,0.9,-1.8,0,0.9,-1.8,-0.297,0.12,-0.27
41,0,0,0,3.675,0,0.27,0,0,0,0.6,0,0,0.0800000000000001,-0.05,-0.27,0,0.9,-1.8,0,0.9,-1.8,-0.303,0.12,-0.27
41,0,0,0,3.681,0,0.27,0,0,0,0.6,0,0,0.0739999999999998,-0.05,-0.27,0,0.9,-1.8,0,0.9,-1.8,-0.309,0.12,-0.27
41,0,0,0,3.687,0,0.27,0,0,0,0.6,0,0,0.0739999999999998,-0.05,-0.27,0,0.9,-1.8,0,0.9,-1.8,-0.309,0.12,-0.27
42,0,0,0,3.687,0,0.27,0,0,0,0.6,0,0,0,0.9,-1.8,0,0.9,-1.8,0,0.9,-1.8,0,0.9,-1.8
42,0,0,0,3.693,0,0.27,0,0,0,0.6,0,0,0,0.9,-1.8,0,0.9,-1.8,0,0.9,-1.8,0,0.9,-1.8
42,0,0,0,3.699,0,0.27,0,0,0,0.6,0,0,0,0.9,-1.8,0,0.9,-1.8,0,0.9,-1.8,0,0.9,-1.8
42,0,0,0,3.705,0,0.27,0,0,0,0.6,0,0,0,0.9,-1.8,0,0.9,-1.8,0,0.9,-1.8,0,0.9,-1.8
42,0,0,0,3.711,0,0.27,0,0,0,0.6,0,0,0,0.9,-1.8,0,0.9,-1.8,0,0.9,-1.8,0,0.9,-1.8
42,0,0,0,3.717,0,0.27,0,0,0,0.6,0,0,0,0.9,-1.8,0,0.9,-1.8,0,0.9,-1.8,0,0.9,-1.8
43,0,0,0,3.717,0,0.27,0,0,0,0.6,0,0,0,0.9,-1.8,0.248,0.05,-0.27,-0.135,-0.12,-0.27,0,0.9,-1.8
43,0,0,0,3.723,0,0.27,0,0,0,0.6,0,0,0,0.9,-1.8,0.242,0.05,-0.27,-0.141,-0.12,-0.27,0,0.9,-1.8
43,0,0,0,3.729,0,0.27,0,0,0,0.6,0,0,0,0.9,-1.8,0.236,0.05,-0.27,-0.147,-0.12,-0.27,0,0.9,-1.8
43,0,0,0,3.735,0,0.27,0,0,0,0.6,0,0,0,0.9,-1.8,0.23,0.05,-0.27,-0.153,-0.12,-0.27,0,0.9,-1.8
43,0,0,0,3.741,0,0.27,0,0,0,0.6,0,0,0,0.9,-1.8,0.224,0.05,-0.27,-0.159,-0.12,-0.27,0,0.9,-1.8
43,0,0,0,3.747,0,0.27,0,0,0,0.6,0,0,0,0.9,-1.8,0.218,0.05,-0.27,-0.165,-0.12,-0.27,0,0.9,-1.8
43,0,0,0,3.753,0,0.27,0,0,0,0.6,0,0,0,0.9,-1.8,0.212,0.05,-0.27,-0.171,-0.12,-0.27,0,0.9,-1.8
43,0,0,0,3.759,0,0.27,0,0,0,0.6,0,0,0,0.9,-1.8,0.206,0.05,-0.27,-0.177,-0.12,-0.27,0,0.9,-1.8
43,0,0,0,3.765,0,0.27,0,0,0,0.6,0,0,0,0.9,-1.8,0.2,0.05,-0.27,-0.183,-0.12,-0.27,0,0.9,-1.8
43,0,0,0,3.771,0,0.27,0,0,0,0.6,0,0,0,0.9,-1.8,0.194,0.05,-0.27,-0.189,-0.12,-0.27,0,0.9,-1.8
43,0,0,0,3.777,0,0.27,0,0,0,0.6,0,0,0,0.9,-1.8,0.188,0.05,-0.27,-0.195,-0.12,-0.27,0,0.9,-1.8
43,0,0,0,3.783,0,0.27,0,0,0,0.6,0,0,0,0.9,-1.8,0.182,0.05,-0.27,-0.201,-0.12,-0.27,0,0.9,-1.8
43,0,0,0,3.789,0,0.27,0,0,0,0.6,0,0,0,0.9,-1.8,0.176,0.05,-0.27,-0.207,-0.12,-0.27,0,0.9,-1.8
43,0,0,0,3.795,0,0.27,0,0,0,0.6,0,0,0,0.9,-1.8,0.17,0.05,-0.27,-0.213,-0.12,-0.27,0,0.9,-1.8
43,0,0,0,3.801,0,0.27,0,0,0,0.6,0,0,0,0.9,-1.8,0.164,0.05,-0.27,-0.219,-0.12,-0.27,0,0.9,-1.8
43,0,0,0,3.807,0,0.27,0,0,0,0.6,0,0,0,0.9,-1.8,0.158,0.05,-0.27,-0.225,-0.12,-0.27,0,0.9,-1.8
43,0,0,0,3.813,0,0.27,0,0,0,0.6,0,0,0,0.9,-1.8,0.152,0.05,-0.27,-0.231,-0.12,-0.27,0,0.9,-1.8
43,0,0,0,3.819,0,0.27,0,0,0,0.6,0,0,0,0.9,-1.8,0.146,0.05,-0.27,-0.237,-0.12,-0.27,0,0.9,-1.8
43,0,0,0,3.825,0,0.27,0,0,0,0.6,0,0,0,0.9,-1.8,0.14,0.05,-0.27,-0.243,-0.12,-0.27,0,0.9,-1.8
43,0,0,0,3.831,0,0.27,0,0,0,0.6,0,0,0,0.9,-1.8,0.134,0.05,-0.27,-0.249,-0.12,-0.27,0,0.9,-1.8
43,0,0,0,3.837,0,0.27,0,0,0,0.6,0,0,0,0.9,-1.8,0.134,0.05,-0.27,-0.249,-0.12,-0.27,0,0.9,-1.8
44,0,0,0,3.837,0,0.27,0,0,0,0.6,0,0,0,0.9,-1.8,0,0.9,-1.8,0,0.9,-1.8,0,0.9,-1.8
44,0,0,0,3.843,0,0.27,0,0,0,0.6,0,0,0,0.9,-1.8,0,0.9,-1.8,0,0.9,-1.8,0,0.9,-1.8
44,0,0,0,3.849,0,0.27,0,0,0,0.6,0,0,0,0.9,-1.8,0,0.9,-1.8,0,0.9,-1.8,0,0.9,-1.8
44,0,0,0,3.855,0,0.27,0,0,0,0.6,0,0,0,0.9,-1.8,0,0.9,-1.8,0,0.9,-1.8,0,0.9,-1.8
44,0,0,0,3.861,0,0.27,0,0,0,0.6,0,0,0,0.9,-1.8,0,0.9,-1.8,0,0.9,-1.8,0,0.9,-1.8
44,0,0,0,3.867,0,0.27,0,0,0,0.4,0,0,0,0.9,-1.8,0,0.9,-1.8,0,0.9,-1.8,0,0.9,-1.8
45,0,0,0,3.867,0,0.27,0,0,0,0.4,0,0,0.248,-0.05,-0.27,0,0.9,-1.8,0,0.9,-1.8,-0.135,0.12,-0.27
45,0,0,0,3.871,0,0.27,0,0,0,0.4,0,0,0.244,-0.05,-0.27,0,0.9,-1.8,0,0.9,-1.8,-0.139,0.12,-0.27
45,0,0,0,3.875,0,0.27,0,0,0,0.4,0,0,0.24,-0.05,-0.27,0,0.9,-1.8,0,0.9,-1.8,-0.143,0.12,-0.27
45,0,0,0,3.879,0,0.27,0,0,0,0.4,0,0,0.236,-0.05,-0.27,0,0.9,-1.8,0,0.9,-1.8,-0.147,0.12,-0.27
45,0,0,0,3.883,0,0.27,0,0,0,0.4,0,0,0.232,-0.05,-0.27,0,0.9,-1.8,0,0.9,-1.8,-0.151,0.12,-0.27
45,0,0,0,3.887,0,0.27,0,0,0,0.4,0,0,0.228,-0.05,-0.27,0,0.9,-1.8,0,0.9,-1.8,-0.155,0.12,-0.27
45,0,0,0,3.891,0,0.27,0,0,0,0.4,0,0,0.224,-0.05,-0.27,0,0.9,-1.8,0,0.9,-1.8,-0.159,0.12,-0.27
45,0,0,0,3.895,0,0.27,0,0,0,0.4,0,0,0.22,-0.05,-0.27,0,0.9,-1.8,0,0.9,-1.8,-0.163,0.12,-0.27
45,0,0,0,3.899,0,0.27,0,0,0,0.4,0,0,0.216,-0.05,-0.27,0,0.9,-1.8,0,0.9,-1.8,-0.167,0.12,-0.27
45,0,0,0,3.903,0,0.27,0,0,0,0.4,0,0,0.212,-0.05,-0.27,0,0.9,-1.8,0,0.9,-1.8,-0.171,0.12,-0.27
45,0,0,0,3.907,0,0.27,0,0,0,0.4,0,0,0.208,-0.05,-0.27,0,0.9,-1.8,0,0.9,-1.8,-0.175,0.12,-0.27
45,0,0,0,3.911,0,0.27,0,0,0,0.4,0,0,0.204,-0.05,-0.27,0,0.9,-1.8,0,0.9,-1.8,-0.179,0.12,-0.27
45,0,0,0,3.915,0,0.27,0,0,0,0.4,0,0,0.2,-0.05,-0.27,0,0.9,-1.8,0,0.9,-1.8,-0.183,0.12,-0.27
45,0,0,0,3.919,0,0.27,0,0,0,0.4,0,0,0.196,-0.05,-0.27,0,0.9,-1.8,0,0.9,-1.8,-0.187,0.12,-0.27
45,0,0,0,3.923,0,0.27,0,0,0,0.4,0,0,0.192,-0.05,-0.27,0,0.9,-1.8,0,0.9,-1.8,-0.191,0.12,-0.27
45,0,0,0,3.927,0,0.27,0,0,0,0.4,0,0,0.188,-0.05,-0.27,0,0.9,-1.8,0,0.9,-1.8,-0.195,0.12,-0.27
45,0,0,0,3.931,0,0.27,0,0,0,0.4,0,0,0.184,-0.05,-0.27,0,0.9,-1.8,0,0.9,-1.8,-0.199,0.12,-0.27
45,0,0,0,3.935,0,0.27,0,0,0,0.4,0,0,0.18,-0.05,-0.27,0,0.9,-1.8,0,0.9,-1.8,-0.203,0.12,-0.27
45,0,0,0,3.939,0,0.27,0,0,0,0.4,0,0,0.176,-0.05,-0.27,0,0.9,-1.8,0,0.9,-1.8,-0.207,0.12,-0.27
45,0,0,0,3.943,0,0.27,0,0,0,0.4,0,0,0.172,-0.05,-0.27,0,0.9,-1.8,0,0.9,-1.8,-0.211,0.12,-0.27
45,0,0,0,3.947,0,0.27,0,0,0,0.4,0,0,0.172,-0.05,-0.27,0,0.9,-1.8,0,0.9,-1.8,-0.211,0.12,-0.27
46,0,0,0,3.947,0,0.27,0,0,0,0.4,0,0,0,0.9,-1.8,0,0.9,-1.8,0,0.9,-1.8,0,0.9,-1.8
46,0,0,0,3.951,0,0.27,0,0,0,0.4,0,0,0,0.9,-1.8,0,0.9,-1.8,0,0.9,-1.8,0,0.9,-1.8
46,0,0,0,3.955,0,0.27,0,0,0,0.4,0,0,0,0.9,-1.8,0,0.9,-1.8,0,0.9,-1.8,0,0.9,-1.8
46,0,0,0,3.959,0,0.27,0,0,0,0.4,0,0,0,0.9,-1.8,0,0.9,-1.8,0,0.9,-1.8,0,0.9,-1.8
46,0,0,0,3.963,0,0.27,0,0,0,0.4,0,0,0,0.9,-1.8,0,0.9,-1.8,0,0.9,-1.8,0,0.9,-1.8
46,0,0,0,3.967,0,0.27,0,0,0,0.4,0,0,0,0.9,-1.8,0,0.9,-1.8,0,0.9,-1.8,0,0.9,-1.8
47,0,0,0,3.967,0,0.27,0,0,0,0.4,0,0,0,0.9,-1.8,0.232,0.05,-0.27,-0.151,-0.12,-0.27,0,0.9,-1.8
47,0,0,0,3.971,0,0.27,0,0,0,0.4,0,0,0,0.9,-1.8,0.228,0.05,-0.27,-0.155,-0.12,-0.27,0,0.9,-1.8
47,0,0,0,3.975,0,0.27,0,0,0,0.4,0,0,0,0.9,-1.8,0.224,0.05,-0.27,-0.159,-0.12,-0.27,0,0.9,-1.8
47,0,0,0,3.979,0,0.27,0,0,0,0.4,0,0,0,0.9,-1.8,0.22,0.05,-0.27,-0.163,-0.12,-0.27,0,0.9,-1.8
47,0,0,0,3.983,0,0.27,0,0,0,0.4,0,0,0,0.9,-1.8,0.216,0.05,-0.27,-0.167,-0.12,-0.27,0,0.9,-1.8
47,0,0,0,3.987,0,0.27,0,0,0,0.4,0,0,0,0.9,-1.8,0.212,0.05,-0.27,-0.171,-0.12,-0.27,0,0.9,-1.8
47,0,0,0,3.991,0,0.27,0,0,0,0.4,0,0,0,0.9,-1.8,0.208,0.05,-0.27,-0.175,-0.12,-0.27,0,0.9,-1.8
47,0,0,0,3.995,0,0.27,0,0,0,0.4,0,0,0,0.9,-1.8,0.204,0.05,-0.27,-0.179,-0.12,-0.27,0,0.9,-1.8
47,0,0,0,3.999,0,0.27,0,0,0,0.4,0,0,0,0.9,-1.8,0.2,0.05,-0.27,-0.183,-0.12,-0.27,0,0.9,-1.8
47,0,0,0,4.003,0,0.27,0,0,0,0.4,0,0,0,0.9,-1.8,0.196,0.05,-0.27,-0.187,-0.12,-0.27,0,0.9,-1.8
47,0,0,0,4.007,0,0.27,0,0,0,0.4,0,0,0,0.9,-1.8,0.192,0.05,-0.27,-0.191,-0.12,-0.27,0,0.9,-1.8
47,0,0,0,4.011,0,0.27,0,0,0,0.4,0,0,0,0.9,-1.8,0.188,0.05,-0.27,-0.195,-0.12,-0.27,0,0.9,-1.8
47,0,0,0,4.015,0,0.27,0,0,0,0.4,0,0,0,0.9,-1.8,0.184,0.05,-0.27,-0.199,-0.12,-0.27,0,0.9,-1.8
47,0,0,0,4.019,0,0.27,0,0,0,0.4,0,0,0,0.9,-1.8,0.18,0.05,-0.27,-0.203,-0.12,-0.27,0,0.9,-1.8
47,0,0,0,4.023,0,0.27,0,0,0,0.4,0,0,0,0.9,-1.8,0.176,0.05,-0.27,-0.207,-0.12,-0.27,0,0.9,-1.8
47,0,0,0,4.027,0,0.27,0,0,0,0.4,0,0,0,0.9,-1.8,0.172,0.05,-0.27,-0.211,-0.12,-0.27,0,0.9,-1.8
47,0,0,0,4.031,0,0.27,0,0,0,0.4,0,0,0,0.9,-1.8,0.168,0.05,-0.27,-0.215,-0.12,-0.27,0,0.9,-1.8
47,0,0,0,4.035,0,0.27,0,0,0,0.4,0,0,0,0.9,-1.8,0.164,0.05,-0.27,-0.219,-0.12,-0.27,0,0.9,-1.8
47,0,0,0,4.039,0,0.27,0,0,0,0.4,0,0,0,0.9,-1.8,0.16,0.05,-0.27,-0.223,-0.12,-0.27,0,0.9,-1.8
47,0,0,0,4.043,0,0.27,0,0,0,0.4,0,0,0,0.9,-1.8,0.156,0.05,-0.27,-0.227,-0.12,-0.27,0,0.9,-1.8
47,0,0,0,4.047,0,0.27,0,0,0,0.4,0,0,0,0.9,-1.8,0.156,0.05,-0.27,-0.227,-0.12,-0.27,0,0.9,-1.8
48,0,0,0,4.047,0,0.27,0,0,0,0.4,0,0,0,0.9,-1.8,0,0.9,-1.8,0,0.9,-1.8,0,0.9,-1.8
48,0,0,0,4.051,0,0.27,0,0,0,0.4,0,0,0,0.9,-1.8,0,0.9,-1.8,0,0.9,-1.8,0,0.9,-1.8
48,0,0,0,4.055,0,0.27,0,0,0,0.4,0,0,0,0.9,-1.8,0,0.9,-1.8,0,0.9,-1.8,0,0.9,-1.8
48,0,0,0,4.059,0,0.27,0,0,0,0.4,0,0,0,0.9,-1.8,0,0.9,-1.8,0,0.9,-1.8,0,0.9,-1.8
48,0,0,0,4.063,0,0.27,0,0,0,0.4,0,0,0,0.9,-1.8,0,0.9,-1.8,0,0.9,-1.8,0,0.9,-1.8
48,0,0,0,4.067,0,0.27,0,0,0,0.4,0,0,0,0.9,-1.8,0,0.9,-1.8,0,0.9,-1.8,0,0.9,-1.8
49,0,0,0,4.067,0,0.27,0,0,0,0.4,0,0,0.232,-0.05,-0.27,0,0.9,-1.8,0,0.9,-1.8,-0.151,0.12,-0.27
49,0,0,0,4.071,0,0.27,0,0,0,0.4,0,0,0.228000000000001,-0.05,-0.27,0,0.9,-1.8,0,0.9,-1.8,-0.155,0.12,-0.27
49,0,0,0,4.075,0,0.27,0,0,0,0.4,0,0,0.224,-0.05,-0.27,0,0.9,-1.8,0,0.9,-1.8,-0.159,0.12,-0.27
49,0,0,0,4.079,0,0.27,0,0,0,0.4,0,0,0.220000000000001,-0.05,-0.27,0,0.9,-1.8,0,0.9,-1.8,-0.163,0.12,-0.27
49,0,0,0,4.083,0,0.27,0,0,0,0.4,0,0,0.216,-0.05,-0.27,0,0.9,-1.8,0,0.9,-1.8,-0.167,0.12,-0.27
49,0,0,0,4.087,0,0.27,0,0,0,0.4,0,0,0.212000000000001,-0.05,-0.27,0,0.9,-1.8,0,0.9,-1.8,-0.171,0.12,-0.27
49,0,0,0,4.091,0,0.27,0,0,0,0.4,0,0,0.208,-0.05,-0.27,0,0.9,-1.8,0,0.9,-1.8,-0.175,0.12,-0.27
49,0,0,0,4.095,0,0.27,0,0,0,0.4,0,0,0.204000000000001,-0.05,-0.27,0,0.9,-1.8,0,0.9,-1.8,-0.179,0.12,-0.27
49,0,0,0,4.099,0,0.27,0,0,0,0.4,0,0,0.2,-0.05,-0.27,0,0.9,-1.8,0,0.9,-1.8,-0.183,0.12,-0.27
49,0,0,0,4.103,0,0.27,0,0,0,0.4,0,0,0.196000000000001,-0.05,-0.27,0,0.9,-1.8,0,0.9,-1.8,-0.187,0.12,-0.27
49,0,0,0,4.107,0,0.27,0,0,0,0.4,0,0,0.192,-0.05,-0.27,0,0.9,-1.8,0,0.9,-1.8,-0.191,0.12,-0.27
49,0,0,0,4.111,0,0.27,0,0,0,0.4,0,0,0.188000000000001,-0.05,-0.27,0,0.9,-1.8,0,0.9,-1.8,-0.195,0.12,-0.27
49,0,0,0,4.115,0,0.27,0,0,0,0.4,0,0,0.184,-0.05,-0.27,0,0.9,-1.8,0,0.9,-1.8,-0.199,0.12,-0.27
49,0,0,0,4.119,0,0.27,0,0,0,0.4,0,0,0.180000000000001,-0.05,-0.27,0,0.9,-1.8,0,0.9,-1.8,-0.203,0.12,-0.27
49,0,0,0,4.123,0,0.27,0,0,0,0.4,0,0,0.176,-0.05,-0.27,0,0.9,-1.8,0,0.9,-1.8,-0.207,0.12,-0.27
49,0,0,0,4.127,0,0.27,0,0,0,0.4,0,0,0.172000000000001,-0.05,-0.27,0,0.9,-1.8,0,0.9,-1.8,-0.211,0.12,-0.27
49,0,0,0,4.131,0,0.27,0,0,0,0.4,0,0,0.168,-0.05,-0.27,0,0.9,-1.8,0,0.9,-1.8,-0.215,0.12,-0.27
49,0,0,0,4.135,0,0.27,0,0,0,0.4,0,0,0.164000000000001,-0.05,-0.27,0,0.9,-1.8,0,0.9,-1.8,-0.219,0.12,-0.27
49,0,0,0,4.139,0,0.27,0,0,0,0.4,0,0,0.16,-0.05,-0.27,0,0.9,-1.8,0,0.9,-1.8,-0.223,0.12,-0.27
49,0,0,0,4.143,0,0.27,0,0,0,0.4,0,0,0.156000000000001,-0.05,-0.27,0,0.9,-1.8,0,0.9,-1.8,-0.227,0.12,-0.27
49,0,0,0,4.147,0,0.27,0,0,0,0.4,0,0,0.156000000000001,-0.05,-0.27,0,0.9,-1.8,0,0.9,-1.8,-0.227,0.12,-0.27
50,0,0,0,4.147,0,0.27,0,0,0,0.4,0,0,0,0.9,-1.8,0,0.9,-1.8,0,0.9,-1.8,0,0.9,-1.8
50,0,0,0,4.151,0,0.27,0,0,0,0.4,0,0,0,0.9,-1.8,0,0.9,-1.8,0,0.9,-1.8,0,0.9,-1.8
50,0,0,0,4.155,0,0.27,0,0,0,0.4,0,0,0,0.9,-1.8,0,0.9,-1.8,0,0.9,-1.8,0,0.9,-1.8
50,0,0,0,4.159,0,0.27,0,0,0,0.4,0,0,0,0.9,-1.8,0,0.9,-1.8,0,0.9,-1.8,0,0.9,-1.8
50,0,0,0,4.163,0,0.27,0,0,0,0.4,0,0,0,0.9,-1.8,0,0.9,-1.8,0,0.9,-1.8,0,0.9,-1.8
50,0,0,0,4.167,0,0.27,0,0,0,0.4,0,0,0,0.9,-1.8,0,0.9,-1.8,0,0.9,-1.8,0,0.9,-1.8
51,0,0,0,4.167,0,0.27,0,0,0,0.4,0,0,0,0.9,-1.8,0.232,0.05,-0.27,-0.151,-0.12,-0.27,0,0.9,-1.8
51,0,0,0,4.171,0,0.27,0,0,0,0.4,0,0,0,0.9,-1.8,0.228,0.05,-0.27,-0.155,-0.12,-0.27,0,0.9,-1.8
51,0,0,0,4.175,0,0.27,0,0,0,0.4,0,0,0,0.9,-1.8,0.224,0.05,-0.27,-0.159,-0.12,-0.27,0,0.9,-1.8
51,0,0,0,4.179,0,0.27,0,0,0,0.4,0,0,0,0.9,-1.8,0.22,0.05,-0.27,-0.163,-0.12,-0.27,0,0.9,-1.8
51,0,0,0,4.183,0,0.27,0,0,0,0.4,0,0,0,0.9,-1.8,0.216,0.05,-0.27,-0.167,-0.12,-0.27,0,0.9,-1.8
51,0,0,0,4.187,0,0.27,0,0,0,0.4,0,0,0,0.9,-1.8,0.212,0.05,-0.27,-0.171,-0.12,-0.27,0,0.9,-1.8
51,0,0,0,4.191,0,0.27,0,0,0,0.4,0,0,0,0.9,-1.8,0.208,0.05,-0.27,-0.175,-0.12,-0.27,0,0.9,-1.8
51,0,0,0,4.195,0,0.27,0,0,0,0.4,0,0,0,0.9,-1.8,0.204,0.05,-0.27,-0.179,-0.12,-0.27,0,0.9,-1.8
51,0,0,0,4.199,0,0.27,0,0,0,0.4,0,0,0,0.9,-1.8,0.2,0.05,-0.27,-0.183,-0.12,-0.27,0,0.9,-1.8
51,0,0,0,4.203,0,0.27,0,0,0,0.4,0,0,0,0.9,-1.8,0.196,0.05,-0.27,-0.187,-0.12,-0.27,0,0.9,-1.8
51,0,0,0,4.207,0,0.27,0,0,0,0.4,0,0,0,0.9,-1.8,0.192,0.05,-0.27,-0.191,-0.12,-0.27,0,0.9,-1.8
51,0,0,0,4.211,0,0.27,0,0,0,0.4,0,0,0,0.9,-1.8,0.188,0.05,-0.27,-0.195,-0.12,-0.27,0,0.9,-1.8
51,0,0,0,4.215,0,0.27,0,0,0,0.4,0,0,0,0.9,-1.8,0.184,0.05,-0.27,-0.199,-0.12,-0.27,0,0.9,-1.8
51,0,0,0,4.219,0,0.27,0,0,0,0.4,0,0,0,0.9,-1.8,0.18,0.05,-0.27,-0.203,-0.12,-0.27,0,0.9,-1.8
51,0,0,0,4.223,0,0.27,0,0,0,0.4,0,0,0,0.9,-1.8,0.176,0.05,-0.27,-0.207,-0.12,-0.27,0,0.9,-1.8
51,0,0,0,4.227,0,0.27,0,0,0,0.4,0,0,0,0.9,-1.8,0.172,0.05,-0.27,-0.211,-0.12,-0.27,0,0.9,-1.8
51,0,0,0,4.231,0,0.27,0,0,0,0.4,0,0,0,0.9,-1.8,0.168,0.05,-0.27,-0.215,-0.12,-0.27,0,0.9,-1.8
51,0,0,0,4.235,0,0.27,0,0,0,0.4,0,0,0,0.9,-1.8,0.164,0.05,-0.27,-0.219,-0.12,-0.27,0,0.9,-1.8
51,0,0,0,4.239,0,0.27,0,0,0,0.4,0,0,0,0.9,-1.8,0.16,0.05,-0.27,-0.223,-0.12,-0.27,0,0.9,-1.8
51,0,0,0,4.243,0,0.27,0,0,0,0.4,0,0,0,0.9,-1.8,0.156,0.05,-0.27,-0.227,-0.12,-0.27,0,0.9,-1.8
51,0,0,0,4.247,0,0.27,0,0,0,0.4,0,0,0,0.9,-1.8,0.156,0.05,-0.27,-0.227,-0.12,-0.27,0,0.9,-1.8
52,0,0,0,4.247,0,0.27,0,0,0,0.4,0,0,0,0.9,-1.8,0,0.9,-1.8,0,0.9,-1.8,0,0.9,-1.8
52,0,0,0,4.251,0,0.27,0,0,0,0.4,0,0,0,0.9,-1.8,0,0.9,-1.8,0,0.9,-1.8,0,0.9,-1.8
52,0,0,0,4.255,0,0.27,0,0,0,0.4,0,0,0,0.9,-1.8,0,0.9,-1.8,0,0.9,-1.8,0,0.9,-1.8
52,0,0,0,4.259,0,0.27,0,0,0,0.4,0,0,0,0.9,-1.8,0,0.9,-1.8,0,0.9,-1.8,0,0.9,-1.8
52,0,0,0,4.263,0,0.27,0,0,0,0.4,0,0,0,0.9,-1.8,0,0.9,-1.8,0,0.9,-1.8,0,0.9,-1.8
52,0,0,0,4.267,0,0.27,0,0,0,0.4,0,0,0,0.9,-1.8,0,0.9,-1.8,0,0.9,-1.8,0,0.9,-1.8
53,0,0,0,4.267,0,0.27,0,0,0,0.4,0,0,0.231999999999999,-0.05,-0.27,0,0.9,-1.8,0,0.9,-1.8,-0.151000000000001,0.12,-0.27
53,0,0,0,4.271,0,0.27,0,0,0,0.4,0,0,0.228,-0.05,-0.27,0,0.9,-1.8,0,0.9,-1.8,-0.155,0.12,-0.27
53,0,0,0,4.275,0,0.27,0,0,0,0.4,0,0,0.223999999999999,-0.05,-0.27,0,0.9,-1.8,0,0.9,-1.8,-0.159000000000001,0.12,-0.27
53,0,0,0,4.279,0,0.27,0,0,0,0.4,0,0,0.22,-0.05,-0.27,0,0.9,-1.8,0,0.9,-1.8,-0.163,0.12,-0.27
53,0,0,0,4.283,0,0.27,0,0,0,0.4,0,0,0.215999999999999,-0.05,-0.27,0,0.9,-1.8,0,0.9,-1.8,-0.167000000000001,0.12,-0.27
53,0,0,0,4.287,0,0.27,0,0,0,0.4,0,0,0.212,-0.05,-0.27,0,0.9,-1.8,0,0.9,-1.8,-0.171,0.12,-0.27
53,0,0,0,4.291,0,0.27,0,0,0,0.4,0,0,0.207999999999999,-0.05,-0.27,0,0.9,-1.8,0,0.9,-1.8,-0.175000000000001,0.12,-0.27
53,0,0,0,4.295,0,0.27,0,0,0,0.4,0,0,0.204,-0.05,-0.27,0,0.9,-1.8,0,0.9,-1.8,-0.179,0.12,-0.27
53,0,0,0,4.299,0,0.27,0,0,0,0.4,0,0,0.199999999999999,-0.05,-0.27,0,0.9,-1.8,0,0.9,-1.8,-0.183000000000001,0.12,-0.27
53,0,0,0,4.303,0,0.27,0,0,0,0.4,0,0,0.196,-0.05,-0.27,0,0.9,-1.8,0,0.9,-1.8,-0.187,0.12,-0.27
53,0,0,0,4.307,0,0.27,0,0,0,0.4,0,0,0.191999999999999,-0.05,-0.27,0,0.9,-1.8,0,0.9,-1.8,-0.191000000000001,0.12,-0.27
53,0,0,0,4.311,0,0.27,0,0,0,0.4,0,0,0.188,-0.05,-0.27,0,0.9,-1.8,0,0.9,-1.8,-0.195,0.12,-0.27
53,0,0,0,4.315,0,0.27,0,0,0,0.4,0,0,0.183999999999999,-0.05,-0.27,0,0.9,-1.8,0,0.9,-1.8,-0.199000000000001,0.12,-0.27
53,0,0,0,4.319,0,0.27,0,0,0,0.4,0,0,0.18,-0.05,-0.27,0,0.9,-1.8,0,0.9,-1.8,-0.203,0.12,-0.27
53,0,0,0,4.323,0,0.27,0,0,0,0.4,0,0,0.175999999999999,-0.05,-0.27,0,0.9,-1.8,0,0.9,-1.8,-0.207000000000001,0.12,-0.27
53,0,0,0,4.327,0,0.27,0,0,0,0.4,0,0,0.172,-0.05,-0.27,0,0.9,-1.8,0,0.9,-1.8,-0.211,0.12,-0.27
53,0,0,0,4.331,0,0.27,0,0,0,0.4,0,0,0.167999999999999,-0.05,-0.27,0,0.9,-1.8,0,0.9,-1.8,-0.215000000000001,0.12,-0.27
53,0,0,0,4.335,0,0.27,0,0,0,0.4,0,0,0.164,-0.05,-0.27,0,0.9,-1.8,0,0.9,-1.8,-0.219,0.12,-0.27
53,0,0,0,4.339,0,0.27,0,0,0,0.4,0,0,0.159999999999999,-0.05,-0.27,0,0.9,-1.8,0,0.9,-1.8,-0.223000000000001,0.12,-0.27
53,0,0,0,4.343,0,0.27,0,0,0,0.4,0,0,0.156,-0.05,-0.27,0,0.9,-1.8,0,0.9,-1.8,-0.227,0.12,-0.27
53,0,0,0,4.347,0,0.27,0,0,0,0.4,0,0,0.156,-0.05,-0.27,0,0.9,-1.8,0,0.9,-1.8,-0.227,0.12,-0.27
54,0,0,0,4.347,0,0.27,0,0,0,0.4,0,0,0,0.9,-1.8,0,0.9,-1.8,0,0.9,-1.8,0,0.9,-1.8
54,0,0,0,4.351,0,0.27,0,0,0,0.4,0,0,0,0.9,-1.8,0,0.9,-1.8,0,0.9,-1.8,0,0.9,-1.8
54,0,0,0,4.355,0,0.27,0,0,0,0.4,0,0,0,0.9,-1.8,0,0.9,-1.8,0,0.9,-1.8,0,0.9,-1.8
54,0,0,0,4.359,0,0.27,0,0,0,0.4,0,0,0,0.9,-1.8,0,0.9,-1.8,0,0.9,-1.8,0,0.9,-1.8
54,0,0,0,4.363,0,0.27,0,0,0,0.4,0,0,0,0.9,-1.8,0,0.9,-1.8,0,0.9,-1.8,0,0.9,-1.8
54,0,0,0,4.367,0,0.27,0,0,0,0.4,0,0,0,0.9,-1.8,0,0.9,-1.8,0,0.9,-1.8,0,0.9,-1.8
55,0,0,0,4.367,0,0.27,0,0,0,0.4,0,0,0,0.9,-1.8,0.232,0.05,-0.27,-0.151,-0.12,-0.27,0,0.9,-1.8
55,0,0,0,4.371,0,0.27,0,0,0,0.4,0,0,0,0.9,-1.8,0.228,0.05,-0.27,-0.155,-0.12,-0.27,0,0.9,-1.8
55,0,0,0,4.375,0,0.27,0,0,0,0.4,0,0,0,0.9,-1.8,0.224,0.05,-0.27,-0.159,-0.12,-0.27,0,0.9,-1.8
55,0,0,0,4.379,0,0.27,0,0,0,0.4,0,0,0,0.9,-1.8,0.220000000000001,0.05,-0.27,-0.162999999999999,-0.12,-0.27,0,0.9,-1.8
55,0,0,0,4.383,0,0.27,0,0,0,0.4,0,0,0,0.9,-1.8,0.216,0.05,-0.27,-0.167,-0.12,-0.27,0,0.9,-1.8
55,0,0,0,4.387,0,0.27,0,0,0,0.4,0,0,0,0.9,-1.8,0.212000000000001,0.05,-0.27,-0.170999999999999,-0.12,-0.27,0,0.9,-1.8
55,0,0,0,4.391,0,0.27,0,0,0,0.4,0,0,0,0.9,-1.8,0.208,0.05,-0.27,-0.175,-0.12,-0.27,0,0.9,-1.8
55,0,0,0,4.395,0,0.27,0,0,0,0.4,0,0,0,0.9,-1.8,0.204000000000001,0.05,-0.27,-0.178999999999999,-0.12,-0.27,0,0.9,-1.8
55,0,0,0,4.399,0,0.27,0,0,0,0.4,0,0,0,0.9,-1.8,0.2,0.05,-0.27,-0.183,-0.12,-0.27,0,0.9,-1.8
55,0,0,0,4.403,0,0.27,0,0,0,0.4,0,0,0,0.9,-1.8,0.196000000000001,0.05,-0.27,-0.186999999999999,-0.12,-0.27,0,0.9,-1.8
55,0,0,0,4.407,0,0.27,0,0,0,0.4,0,0,0,0.9,-1.8,0.192,0.05,-0.27,-0.191,-0.12,-0.27,0,0.9,-1.8
55,0,0,0,4.411,0,0.27,0,0,0,0.4,0,0,0,0.9,-1.8,0.188000000000001,0.05,-0.27,-0.194999999999999,-0.12,-0.27,0,0.9,-1.8
55,0,0,0,4.415,0,0.27,0,0,0,0.4,0,0,0,0.9,-1.8,0.184,0.05,-0.27,-0.199,-0.12,-0.27,0,0.9,-1.8
55,0,0,0,4.419,0,0.27,0,0,0,0.4,0,0,0,0.9,-1.8,0.180000000000001,0.05,-0.27,-0.202999999999999,-0.12,-0.27,0,0.9,-1.8
55,0,0,0,4.423,0,0.27,0,0,0,0.4,0,0,0,0.9,-1.8,0.176,0.05,-0.27,-0.207,-0.12,-0.27,0,0.9,-1.8
55,0,0,0,4.427,0,0.27,0,0,0,0.4,0,0,0,0.9,-1.8,0.172000000000001,0.05,-0.27,-0.210999999999999,-0.12,-0.27,0,0.9,-1.8
55,0,0,0,4.431,0,0.27,0,0,0,0.4,0,0,0,0.9,-1.8,0.168,0.05,-0.27,-0.215,-0.12,-0.27,0,0.9,-1.8
55,0,0,0,4.435,0,0.27,0,0,0,0.4,0,0,0,0.9,-1.8,0.164000000000001,0.05,-0.27,-0.218999999999999,-0.12,-0.27,0,0.9,-1.8
55,0,0,0,4.439,0,0.27,0,0,0,0.4,0,0,0,0.9,-1.8,0.16,0.05,-0.27,-0.223,-0.12,-0.27,0,0.9,-1.8
55,0,0,0,4.443,0,0.27,0,0,0,0.4,0,0,0,0.9,-1.8,0.156000000000001,0.05,-0.27,-0.226999999999999,-0.12,-0.27,0,0.9,-1.8
55,0,0,0,4.447,0,0.27,0,0,0,0.4,0,0,0,0.9,-1.8,0.156000000000001,0.05,-0.27,-0.226999999999999,-0.12,-0.27,0,0.9,-1.8
56,0,0,0,4.447,0,0.27,0,0,0,0.4,0,0,0,0.9,-1.8,0,0.9,-1.8,0,0.9,-1.8,0,0.9,-1.8
56,0,0,0,4.451,0,0.27,0,0,0,0.4,0,0,0,0.9,-1.8,0,0.9,-1.8,0,0.9,-1.8,0,0.9,-1.8
56,0,0,0,4.455,0,0.27,0,0,0,0.4,0,0,0,0.9,-1.8,0,0.9,-1.8,0,0.9,-1.8,0,0.9,-1.8
56,0,0,0,4.459,0,0.27,0,0,0,0.4,0,0,0,0.9,-1.8,0,0.9,-1.8,0,0.9,-1.8,0,0.9,-1.8
56,0,0,0,4.463,0,0.27,0,0,0,0.4,0,0,0,0.9,-1.8,0,0.9,-1.8,0,0.9,-1.8,0,0.9,-1.8
