3.92118934759048e-06,-8.7129353785631e-05,0.000201617049509384,3.86393449799912e-06,-8.86449697961034e-05,0.000202752743834633,2.12944450840084e-06,-8.29940701343457e-05,0.000191594256444105,2.07407634013729e-06,-8.50165515475787e-05,0.000193960030161477
4.91501464384288e-05,-0.000567625612840628,0.00122045073484456,4.91906918712147e-05,-0.00058677410410235,0.00123469581168845,2.64375197074809e-05,-0.000515122464471052,0.00109319060877455,2.64765628963448e-05,-0.000540712446199354,0.00112305428357251
0.00017350585461392,-0.00143659620701597,0.00275942077485647,0.000173505125633805,-0.0015042469657236,0.00280945963291046,9.30642695081607e-05,-0.00125125312451857,0.00231011166647788,9.30566590452305e-05,-0.00134167422930109,0.00241542802281369
0.000370975249134222,-0.00263404548107293,0.00432947215543944,0.00037103880298045,-0.00277901647993883,0.00443574607978414,0.000198102738624075,-0.00223748437056415,0.00336961987412776,0.000198107116669148,-0.00243130439812078,0.00359459685774954
0.000605393902147727,-0.00412827834494855,0.00550515831393961,0.000605649057128603,-0.00436587083486861,0.00567701281237909,0.000321424602608802,-0.00347802914828477,0.00394090344334375,0.000321446653820635,-0.00379592347655877,0.00430760062859248
0.000825837255271578,-0.00589540681506739,0.00592542651946326,0.000826441827251584,-0.00622195320856989,0.00615729220611705,0.000435570342746212,-0.00499561391402259,0.00379346873154152,0.000435594591014157,-0.00543335487837027,0.00429293224799698
0.000979494743947193,-0.00789309205463984,0.00529114093597816,0.000980601872709707,-0.00828516784757261,0.00556308074419931,0.00051333405523041,-0.00679187956627159,0.00275956705998581,0.000513301484231409,-0.00731972048175766,0.00335147993981533
0.00102249041292703,-0.01002922933162,0.00336008927339426,0.00102402553614633,-0.0104463610836016,0.00364156864345633,0.000533481340195015,-0.00881022445736579,0.000704209000338629,0.000533490584298892,-0.00937625052480051,0.00132186133401335
0.000927945000305953,-0.0121295762833,-5.82535793633987e-05,0.000929811190479017,-0.0125199599164942,0.000196966161694956,0.000484668938795123,-0.010904676190876,-0.00250001098605512,0.000484612064925896,-0.0114419225664848,-0.00193873566944225
0.000692878533622333,-0.0139150774004413,-0.0051074077977824,0.000694484798334062,-0.0142222902920439,-0.00491355912050651,0.000366898707768689,-0.0128200358930424,-0.00698688809613168,0.000366937080398846,-0.0132540112313417,-0.00656575083264954
0.000339311835364633,-0.0149977582743441,-0.0118861507419372,0.000340227107630839,-0.0151701984274328,-0.011782423322301,0.000191898401448184,-0.0141876636379801,-0.0129027811508062,0.000191859135599697,-0.0144467806484976,-0.0126924499207952
-8.58261809480324e-05,-0.0149101968343761,-0.020449647119285,-8.61330246488537e-05,-0.0149107692781749,-0.0204543163458126,-1.93869850768813e-05,-0.0145448644311941,-0.0204058540916137,-1.93759942492006e-05,-0.0145728621363437,-0.0204494582349652
-0.000518031661626621,-0.0131699596646362,-0.0308151783421975,-0.000519444700284396,-0.0129857298998628,-0.0309329508835909,-0.000238698660248133,-0.0133799529594392,-0.0296598367716361,-0.000238678929489087,-0.0131502835682404,-0.029962538662816
-0.000885107838711667,-0.0093631909404619,-0.0429784238625177,-0.000887111644864569,-0.00901251698291672,-0.0431986050595619,-0.000434084439210101,-0.0101989814528618,-0.0408322833179646,-0.000434051530178349,-0.00972865329793193,-0.0413565647910379
-0.00112041370834993,-0.00321949977546443,-0.0569470130408676,-0.00112234550378301,-0.00275352235902493,-0.0572430508038235,-0.000573181769882189,-0.00460241817740803,-0.0541016108077534,-0.000573163655761733,-0.00395857305801406,-0.0547707500802925
-0.00117675553152859,0.0053590869823541,-0.0727990615717196,-0.00117811294965997,0.00586304770881507,-0.0731297742363091,-0.000627668322178853,0.00365524274010864,-0.0696849638529451,-0.000627668464171959,0.00436227950571055,-0.0703945745426209
-0.00103949605141948,0.0163351294752332,-0.0907732457265586,-0.00104018214990099,0.0167888760679979,-0.0910867361929906,-0.00057963118563521,0.0146488682434414,-0.0878962959820715,-0.000579651209379297,0.0152891502463266,-0.0885327016184905
-0.000738742089308123,0.0296406697336968,-0.111411670194718,-0.000738915752940472,0.0299675615723483,-0.111653635388262,-0.000431588323828123,0.0283307052963291,-0.109254342766448,-0.000431602217065889,0.0287912582148453,-0.109718174955697
-0.000361453949683066,0.0453531106347438,-0.135818283346275,-0.000361517811909326,0.04551519107338,-0.135948961997873,-0.000221263970688056,0.0446610167339889,-0.134690368658253,-0.000221259102839451,0.0448878096543395,-0.134926763957083
-6.50609805455958e-05,0.0640064002537923,-0.166224222768736,-6.50925904178283e-05,0.0640360813559203,-0.166250344598143,-4.14906379433599e-05,0.0638742189056198,-0.166008554599445,-4.15209719444611e-05,0.0639154041894131,-0.166053577134015
2.0174032114274e-08,0.0802140575261602,-0.19460002015193,-2.00037503558524e-08,0.0802140571369798,-0.194600019430319,2.02757621399712e-08,0.080217411542241,-0.194607784025485,-2.01587650072262e-08,0.0802174113195431,-0.194607783467388
-4.19998769722424e-08,-0.041770581437763,0.086385322852818,4.20021575537887e-08,-0.0417705814384158,0.0863853228547722,-4.20405938101802e-08,-0.0417748296950182,0.0863938709284486,4.204287545378e-08,-0.0417748296956723,0.0863938709304046
2.70098589048983e-09,-0.0381235066680546,0.0795700440442875,-2.69869281978116e-09,-0.0381235066684605,0.0795700440457436,2.70331324163462e-09,-0.0381271240318476,0.0795772499556076,-2.70101988080826e-09,-0.0381271240322535,0.0795772499570648
1.89523570420446e-09,-0.0349269335547294,0.0737521028610852,-1.89293770649741e-09,-0.0349269335549532,0.0737521028621746,1.89565460317824e-09,-0.0349300892266113,0.0737583131099857,-1.89335643244195e-09,-0.0349300892268355,0.0737583131110762
2.7969343220829e-09,-0.0320560442396876,0.0686781792427185,-2.79464061355926e-09,-0.032056044239777,0.0686781792435327,2.79584411153397e-09,-0.0320588520439911,0.06868362582541,-2.79355029589857e-09,-0.0320588520440812,0.0686836258262249
4.94322847372102e-09,-0.0294248312966139,0.0641751555602046,-4.9409492480762e-09,-0.0294248312966008,0.0641751555608041,4.9409171392387e-09,-0.0294273711494153,0.0641800005599864,-4.93863755446906e-09,-0.0294273711494031,0.0641800005605881
-3.34309577210206e-09,-0.0269716597451453,0.0601198610531883,3.34534953965113e-09,-0.0269716597450571,0.0601198610536211,-3.33855598174891e-09,-0.0269739897103285,0.0601242216696991,3.34080952423498e-09,-0.0269739897102406,0.0601242216701328
-2.65432760111979e-10,-0.0246507708847796,0.0564222080492822,2.67647204207599e-10,-0.0246507708846375,0.056422208049582,-2.65393558125248e-10,-0.0246529343689161,0.0564261713962775,2.67608060475135e-10,-0.0246529343687742,0.0564261713965779
-2.55990466238098e-10,-0.022427592503534,0.0530137413746654,2.58151800734265e-10,-0.0224275925033566,0.0530137413748597,-2.55978293573598e-10,-0.0224296226251806,0.0530173738536839,2.58139291407097e-10,-0.0224296226250031,0.0530173738538793
-2.06538271552908e-10,-0.0202753047793911,0.0498418426819138,2.08629835769358e-10,-0.0202753047791964,0.049841842682026,-2.06561539041847e-10,-0.0202772272463119,0.049845195912162,2.08652619370509e-10,-0.0202772272461176,0.0498451959122743
-1.04284994709922e-10,-0.0181729808816304,0.0468649253516158,1.06289148368902e-10,-0.0181729808814335,0.0468649253516644,-1.04356103735602e-10,-0.0181748158516959,0.0468680401966981,1.06359835905151e-10,-0.0181748158514998,0.0468680401967478
5.60637990132474e-11,-0.0161042597424204,0.0440495488038088,-5.41663069580052e-11,-0.0161042597422387,0.04404954880381,5.59363386921889e-11,-0.0161060230790819,0.0440524581303785,-5.40396252098721e-11,-0.0161060230789003,0.0440524581303803
2.53154711461537e-10,-0.0140565023101966,0.0413683588244509,-2.51384970290862e-10,-0.0140565023100458,0.0413683588244209,2.52984676288685e-10,-0.0140582064366921,0.0413710894450352,-2.51215720095457e-10,-0.0140582064365415,0.0413710894450059
4.42499270506148e-10,-0.0120202528046589,0.0387986275791534,-4.40879528594307e-10,-0.0120202528045541,0.038798627579105,4.42311405937458e-10,-0.0120219072897634,0.0388012016482158,-4.4069259812524e-10,-0.0120219072896588,0.0388012016481678
7.70611331451238e-10,-0.00998890799555707,0.0363212019040811,-7.69165007150111e-10,-0.00998890799551444,0.0363212019040273,7.70161672626879e-10,-0.00999051995721678,0.0363236379376866,-7.68716535328185e-10,-0.00999051995717504,0.0363236379376342
4.10253689367572e-09,-0.00795852835221744,0.0339197405126961,-4.10128889942403e-09,-0.00795852835225319,0.0339197405126508,4.09722414663507e-09,-0.00796010273833025,0.0339220541379803,-4.09597753450702e-09,-0.00796010273836667,0.033922054137935
-3.77021476988214e-09,-0.00592774319896305,0.0315800942312534,3.77123963687656e-09,-0.00592774319909339,0.0315800942312277,-3.76480847940124e-09,-0.00592928298602069,0.0315822987980963,3.76583159096734e-09,-0.00592928298615059,0.0315822987980714
5.33168739225607e-09,-0.00389770302474401,0.0292900826311944,-5.33091149511738e-09,-0.00389770302498138,0.029290082631201,5.3271852562951e-09,-0.0038992093771113,0.0292921895360054,-5.32641086124677e-09,-0.00389920937734933,0.0292921895360125
4.25274227590194e-08,-0.00187205428957715,0.0270388976321514,-4.25269204965548e-08,-0.00187205428993575,0.0270388976322011,4.24533520493219e-08,-0.0018735267164931,0.0270409167266479,-4.24528518480704e-08,-0.00187352671685259,0.0270409167266989
-8.8772316621408e-08,0.00014299273449625,0.0248171019384511,8.87725204546271e-08,0.000142992734005976,0.0248171019385572,-8.86070603111383e-08,0.000141556536141785,0.0248190417136405,8.86072616039569e-08,0.0001415565356504,0.0248190417137475
4.29947470040884e-08,0.00213926762673466,0.0226164739142196,-4.29948640511064e-08,0.00213926762610317,0.0226164739143928,4.290757633164e-08,0.00213787058923298,0.0226183419563486,-4.29076956837069e-08,0.00213787058860171,0.0226183419565218
2.42380308981474e-09,0.00410562513831447,0.0204299603655191,-2.42426167761241e-09,0.00410562513753954,0.0204299603657692,2.4215278730172e-09,0.0041042723591691,0.020431762785738,-2.42198935540814e-09,0.00410427235839261,0.0204317627859898
1.10136656534039e-08,0.00602970083043952,0.0182513306878542,-1.1014483695856e-08,0.00602970082951915,0.0182513306881922,1.10002942146098e-08,0.00602839774508634,0.0182530730217523,-1.10011152908091e-08,0.00602839774416486,0.0182530730220916
-1.42665547654595e-08,0.00789726529185053,0.0160753944214371,1.42653632785319e-08,0.00789726529078849,0.0160753944218719,-1.42508054505635e-08,0.00789601807238927,0.01607708133995,1.42496110337641e-08,0.00789601807132745,0.0160770813403852
5.74216164226055e-08,0.0096929840445843,0.0138983129996575,-5.74231913174364e-08,0.00969298404339192,0.0138983130001966,5.74959379237598e-08,0.00969179914331164,0.013899948367933,-5.74975162274389e-08,0.00969179914211771,0.0138999483684734
-7.96690577118014e-08,0.0114014860672575,0.0117165033081528,7.96670950338543e-08,0.0114014860659475,0.0117165033088011,-7.96942096143328e-08,0.0114003698016885,0.0117180899811204,7.96922428344836e-08,0.0114003698003773,0.0117180899817706
1.5014362184865e-08,0.013007139500619,0.00952823684943116,-1.50167129081092e-08,0.013007139499212,0.00952823685019455,1.49584471715549e-08,0.0130060978371944,0.0095297775279235,-1.49608013998634e-08,0.0130060978357862,0.00952977752868689
4.58366760205484e-09,0.0144963548845425,0.00733185938381631,-4.58639980833458e-09,0.0144963548830594,0.00733185938469427,4.59020110994605e-09,0.0144953921664168,0.00733335592590834,-4.59293739018888e-09,0.0144953921649331,0.00733335592678808
1.62421823924063e-09,0.0158570310417554,0.00512703830571093,-1.62732052928623e-09,0.0158570310402244,0.0051270383067048,1.62462010868607e-09,0.0158561507692541,0.00512849201267507,-1.62772643113832e-09,0.0158561507677213,0.00512849201367072
7.42469750612436e-10,0.0170800678818253,0.00291401167325089,-7.45924261828169e-10,0.0170800678802718,0.00291401167435756,7.43107001556621e-10,0.0170792716324331,0.00291542345970308,-7.46566112881329e-10,0.0170792716308799,0.00291542346081108
-1.72691113733557e-08,0.0181599188965436,0.000693606056004992,1.72653271909949e-08,0.0181599188949981,0.000693606057218688,-1.72952457095231e-08,0.018159206390493,0.000694976485983823,1.72914574458609e-08,0.0181592063889464,0.000694976487198851
1.68645626512561e-08,0.0190947224455127,-0.00153295120968355,-1.68686484953296e-08,0.0190947224439995,-0.00153295120837127,1.6889938070658e-08,0.0190940912146704,-0.00153162178565669,-1.6894028198076e-08,0.0190940912131567,-0.00153162178434263
-7.01585925377979e-09,0.0198872753370265,-0.00376423123048131,7.01150397530577e-09,0.0198872753355723,-0.00376423122907976,-7.06016431700586e-09,0.0198867213398055,-0.00376294261531029,7.05580453784079e-09,0.0198867213383507,-0.00376294261390786
1.63925178936145e-09,0.0205438830293769,-0.0059988499995578,-1.64384151711893e-09,0.0205438830279991,-0.00599884999807854,1.69082626426482e-09,0.0205433999444418,-0.00599760205991817,-1.69542031461843e-09,0.0205433999430638,-0.00599760205843669
-3.98007499723737e-10,0.0210751065522179,-0.00823557948819786,3.93221588425824e-10,0.0210751065509349,-0.00823557948665421,-4.20797705729461e-10,0.0210746872070933,-0.00823437196692423,4.16007348034265e-10,0.0210746872058087,-0.00823437196537924
5.98435372841138e-09,0.0214945264909931,-0.0104737017503798,-5.98929674574507e-09,0.021494526489813,-0.010473701748785,6.00137778343593e-09,0.0214941623595031,-0.010472534214514,-6.00632522044659e-09,0.0214941623583227,-0.0104725342129184
-2.49402424859059e-09,0.0218183024212852,-0.012713097306142,2.48896412316844e-09,0.0218183024202137,-0.0127130973045104,-2.49339948483431e-09,0.0218179843695658,-0.0127119692526865,2.48833516125949e-09,0.021817984368494,-0.0127119692510531
-4.99461192322895e-09,0.0220644694896064,-0.0149543994784587,4.98947387945328e-09,0.0220644694886454,-0.0149543994768044,-4.90582026463786e-09,0.0220641881967594,-0.0149533098641714,4.9006780988606e-09,0.0220641881957981,-0.0149533098625159
1.34551482566543e-08,0.0222520385847509,-0.0171991297351402,-1.34603255531616e-08,0.0222520385838976,-0.0171991297334761,1.33667980769168e-08,0.0222517850019341,-0.0171980779329881,-1.33719794803868e-08,0.0222517850010804,-0.0171980779313232
-2.65373041786695e-09,0.022400248779625,-0.0194497602382406,2.6485493354235e-09,0.022400248778873,-0.0194497602365815,-2.65662007931183e-09,0.0224000143171285,-0.0194487445506999,2.65143549024997e-09,0.0224000143163747,-0.0194487445490386
2.18679582114701e-09,0.0225281009540127,-0.0217100219091044,-2.19194643042105e-09,0.0225281009533519,-0.0217100219074591,2.1874441442634e-09,0.0225278777423913,-0.0217090406170968,-2.19259865783829e-09,0.0225278777417316,-0.0217090406154505
4.42601748670698e-10,0.0226536369433895,-0.0239844735429973,-4.47692118191721e-10,0.0226536369428129,-0.0239844735413768,4.43071379122993e-10,0.0226534180878063,-0.0239835247844371,-4.48164991530142e-10,0.0226534180872288,-0.0239835247828157
-3.07370310614681e-10,0.0227937947365903,-0.0262790211406627,3.02367761824748e-10,0.0227937947360847,-0.0262790211390764,-3.07330527323362e-10,0.0227935743127825,-0.0262781026986723,3.02324752920052e-10,0.0227935743122765,-0.0262781026970846
-3.79906825723541e-10,0.022964149356707,-0.0286007807110318,3.75015303810578e-10,0.0229641493562623,-0.0286007807094855,-3.79885892122325e-10,0.0229639224369206,-0.0285998901059288,3.74991298040291e-10,0.0229639224364768,-0.028599890104382
-4.22087118963607e-10,0.0231788898083176,-0.0309581909377017,4.17326881877171e-10,0.0231788898079248,-0.0309581909362033,-4.22035536901598e-10,0.0231786524038824,-0.0309573254219542,4.17272377286531e-10,0.0231786524034887,-0.030957325420454
-4.84086301029647e-10,0.023450914543009,-0.0333611518421435,4.7947338277388e-10,0.023450914542658,-0.0333611518406958,-4.84033064858987e-10,0.0234506635015778,-0.0333603083804763,4.79417689439626e-10,0.0234506635012264,-0.0333603083790281
-5.34903549077981e-10,0.0237920344377095,-0.0358212197193426,5.3045132898806e-10,0.0237920344373918,-0.035821219717949,-5.34864077071482e-10,0.0237917673075669,-0.0358203949539631,5.30409599552545e-10,0.0237917673072492,-0.0358203949525677
-5.59660001242317e-10,0.0242132697566826,-0.0383518783023384,5.55378380864674e-10,0.0242132697563913,-0.0383518783010017,-5.59640206370833e-10,0.0242129846279752,-0.0383510684959512,5.5535619917473e-10,0.0242129846276833,-0.0383510684946136
-5.52890705157459e-10,0.0247252321508618,-0.040968916762754,5.48786576114864e-10,0.0247252321505903,-0.0409689167614737,-5.52889960334205e-10,0.0247249274809116,-0.0409681177125591,5.48783837589848e-10,0.0247249274806398,-0.0409681177112784
-5.15181167825447e-10,0.0253385908144802,-0.0436909518244355,5.11259036110322e-10,0.0253385908142237,-0.0436909518232138,-5.15196046979794e-10,0.0253382652404525,-0.043690158738271,5.11272106241044e-10,0.025338265240196,-0.0436901587370482
-1.19174988807434e-06,-0.112932986441261,0.194904743656512,-1.18289900546632e-06,-0.112932288448845,0.194904794950145,2.56982102077755e-08,-0.11293192767283,0.194902580387505,3.45493438982498e-08,-0.112931013444715,0.194901794524863
-1.58188190505228e-05,-0.0752402737198639,0.128928436499712,-1.58143475584665e-05,-0.0752303321048995,0.128929857261735,1.75872275928402e-06,-0.0752338555851823,0.128902265777695,1.76312280049079e-06,-0.075221219787883,0.128891948370471
-5.9720547893515e-05,-0.0641578127371742,0.109279986596185,-5.97183425366536e-05,-0.0641173481786295,0.109288361270743,1.23763622894108e-05,-0.0641403010252434,0.109192044655194,1.2376918762387e-05,-0.0640906318792061,0.109153317182413
-0.000137820357485189,-0.0543463067566107,0.0914472991367687,-0.000137824506997604,-0.0542455810821191,0.0914735050452711,4.18407750252841e-05,-0.054318432706013,0.0912707420497396,4.18223042609539e-05,-0.0541993648520182,0.0911812279158859
-0.000243497936801009,-0.0460861207034458,0.0749006026052363,-0.000243523067845201,-0.0458950125487252,0.0749584137114652,9.6109950836472e-05,-0.0460537810105039,0.0746306480952752,9.60151026161063e-05,-0.0458359397641652,0.0744715117373231
-0.000358146589309965,-0.0398136456165938,0.0592774565012339,-0.000358230462682342,-0.0395147645439198,0.0593779300687545,0.000170731463397682,-0.0397803994119932,0.0589321276580423,0.000170419925791838,-0.0394480603191436,0.0586960962851015
-0.000451813727022281,-0.0359160845308091,0.0443195457515499,-0.000452013939901308,-0.0355223226898631,0.0444633842610878,0.00024720479420106,-0.0358729640767939,0.0439325536470654,0.000246463799521317,-0.0354323419697977,0.0436322574368351
-0.000488633272188146,-0.0344275767369415,0.0298393298037505,-0.000488988547771189,-0.0339962315433,0.0300104440884423,0.00029577128688757,-0.0343484596867378,0.0294498177638727,0.000294449893957425,-0.0338318289811905,0.029122828374077
-0.000439450888668816,-0.0347367510278749,0.0157031569404245,-0.000439896667829688,-0.0343639227449175,0.0158684517486893,0.000286980032344436,-0.0345884236008993,0.0153482267952021,0.000285280909862752,-0.0340565497244765,0.0150531513098375
-0.000297857122514312,-0.0355432655219665,0.00182155686680474,-0.000298124684219889,-0.035327889966851,0.00194041961304414,0.000208323878486813,-0.035310475739013,0.00153536766510154,0.000206837705459975,-0.0348536984968357,0.00133594429981132
-8.86851096874451e-05,-0.035237782593232,-0.0118615273480045,-8.8835157263802e-05,-0.0352329444532458,-0.0118208255104117,7.47463224823231e-05,-0.0349478991490237,-0.0120445663842133,7.40758794176334e-05,-0.0346741556713128,-0.0121021558079901
0.000139007832925537,-0.0325414073942285,-0.0253887308682796,0.000139403867793806,-0.032732175489713,-0.0254355758978599,-7.65269642845367e-05,-0.0322682315978711,-0.025433731708306,-7.57565734555389e-05,-0.0322643160126854,-0.0253379334986059
0.000333292048383744,-0.0269637285007163,-0.0388153803475086,0.000333656202684546,-0.0272869051827469,-0.0389345020573342,-0.000203332685546718,-0.0267985730187039,-0.0386952528641413,-0.000201903518569957,-0.0270848941337327,-0.0384707839464085
0.000456698002294544,-0.0187819800066857,-0.0522356462768316,0.000457235580846854,-0.0191625731173124,-0.0523957878481038,-0.000277468273217743,-0.0187900941444294,-0.051944676331515,-0.000275648349686009,-0.0193040582504711,-0.0516405978016548
0.00049556316649386,-0.0086715219639304,-0.0658052514490648,0.000495743908655445,-0.00904608027296727,-0.0659717597521019,-0.000290484061958927,-0.00886016111785493,-0.065370810397781,-0.000289225607235616,-0.00948240773920306,-0.0650438292140243
0.000455730002564385,0.00269763817991775,-0.0797656479931819,0.000455737922016611,0.00237478097608435,-0.0799102275173387,-0.000252328954837664,0.00238247032073313,-0.0792512852374774,-0.000251670593653145,0.00178190056122607,-0.0789522699396259
0.000356984197994708,0.0148967627660395,-0.0944771730067053,0.000357058760152197,0.0146543768017176,-0.0945828736987058,-0.000182993347350151,0.014548626998081,-0.0939745027753065,-0.000182581483134293,0.0140712359658806,-0.0937404062390459
0.000227538563708512,0.027812420750126,-0.110477146290795,0.000227501582398513,0.0276624634165752,-0.110539326378381,-0.0001054423635163,0.0275300919100605,-0.110085206971481,-0.000105462438523319,0.0272277547428357,-0.109935054730645
0.000101010202289841,0.0416483156546907,-0.128585140479731,0.000101018227917189,0.0415832554472007,-0.128610381266254,-4.1328744367539e-05,0.0414971987875992,-0.128375383747106,-4.13124503370735e-05,0.0413654340389236,-0.128307648408942
1.68085583360982e-05,0.0569499919600642,-0.150110007584308,1.68002670157764e-05,0.0569393808435037,-0.150113839415629,-5.96744056547415e-06,0.0569205390837404,-0.150069062808167,-5.9754042387766e-06,0.0568991033091155,-0.150057502607716
-5.02454925174747e-10,0.0674886787966114,-0.164924142835454,4.72275467265802e-10,0.0674886787743694,-0.164924142844322,-4.98342600141986e-10,0.0674882550171449,-0.164924598373809,4.74310047692582e-10,0.0674882550184039,-0.16492459839196
3.59983613125701e-09,0.0716511666925195,-0.170226855998324,-3.61715858246933e-09,0.0716511666896646,-0.170226855995794,3.60079949371552e-09,0.0716510270102535,-0.170227718715084,-3.61812065387688e-09,0.0716510270073989,-0.170227718712554
-3.57788088024866e-09,-0.0288038148595182,0.0636580327234448,3.57984240327217e-09,-0.0288038148595837,0.0636580327243057,-3.57974799232516e-09,-0.0288050762638536,0.0636604324422307,3.58170887357181e-09,-0.0288050762639189,0.0636604324430927
-2.95088363677112e-10,-0.0262474455175756,0.0595798520763824,2.96966688599473e-10,-0.0262474455175701,0.0595798520770681,-2.95059227820879e-10,-0.0262486256379963,0.0595820410859089,2.96937100175995e-10,-0.0262486256379904,0.0595820410865933
-2.96360615969136e-10,-0.0238134665913534,0.0558538535679813,2.98138117667387e-10,-0.0238134665913015,0.05585385356853,-2.96344339559208e-10,-0.0238145866853059,0.0558558732760082,2.98121221983241e-10,-0.0238145866852546,0.0558558732765575
-2.5941733057935e-10,-0.0214674278465992,0.0524122817728314,2.61074373068113e-10,-0.0214674278465252,0.0524122817732766,-2.59419597491549e-10,-0.021468504287641,0.0524141638895059,2.61075986165916e-10,-0.0214685042875675,0.052414163889952
-1.67861646241832e-10,-0.0191827481965894,0.0492025650785977,1.69377131082131e-10,-0.0191827481965143,0.0492025650789654,-1.6789194077057e-10,-0.0191837937648687,0.049204334425089,1.69406842134116e-10,-0.0191837937647932,0.0492043344254562
-8.67683444389317e-12,-0.0169387980212956,0.0461830328618078,1.0028237776052e-11,-0.0169387980212383,0.04618303286212,-8.74511524781737e-12,-0.0169398227376518,0.0461847092606604,1.00958778795035e-11,-0.0169398227375961,0.0461847092609724
2.07976811615949e-10,-0.0147196666474572,0.0433200046337578,-2.0681316381062e-10,-0.0147196666474378,0.0433200046340338,2.0787148245282e-10,-0.0147206783120328,0.0433216042095832,-2.06708469250399e-10,-0.0147206783120126,0.0433216042098603
4.46627558559123e-10,-0.0125133801925277,0.0405857697371632,-4.4567683445855e-10,-0.012513380192565,0.0405857697374203,4.46493748746544e-10,-0.0125143847284077,0.0405873058319892,-4.45543410886378e-10,-0.012514384728445,0.0405873058322466
8.79402387347631e-10,-0.0103114206066164,0.0379571585633238,-8.78689879837528e-10,-0.0103114206067296,0.0379571585635796,8.79069698391638e-10,-0.0103124222723041,0.0379586423920357,-8.78357988492043e-10,-0.0103124222724169,0.0379586423922915
4.61986556345684e-09,-0.0081084483037388,0.0354145222165676,-4.6194178180487e-09,-0.00810844830394397,0.0354145222168354,4.61642257053015e-09,-0.0081094498176828,0.0354159633389606,-4.61597533816171e-09,-0.00810944981788886,0.0354159633392288
-4.30322897898219e-09,-0.00590216314441849,0.0329409232716449,4.30338641825381e-09,-0.00590216314473468,0.0329409232719411,-4.29947560723118e-09,-0.00590316575113881,0.0329423299722698,4.29963219526042e-09,-0.00590316575145411,0.0329423299725655
4.88979627204487e-09,-0.00369322909912917,0.0305218314884961,-4.8899554602834e-09,-0.00369322909957082,0.0305218314888327,4.8863153844684e-09,-0.00369423261106183,0.0305232109570484,-4.88647496280146e-09,-0.00369423261150437,0.0305232109573859
3.36750650092607e-08,-0.00148526823620809,0.0281443732017865,-3.3675563862573e-08,-0.00148526823678852,0.0281443732021778,3.36328871311252e-08,-0.00148627106252852,0.0281457317767013,-3.3633386665988e-08,-0.00148627106310917,0.0281457317770926
-1.33056606248385e-07,0.000715154038704924,0.0257972709798917,1.33055743822352e-07,0.000715154037974841,0.02579727098035,-1.31537721462108e-07,0.000714155290415297,0.0257986146633065,1.31536858383682e-07,0.000714155289685436,0.0257986146637648
9.65142819343131e-08,0.00289879336921306,0.0234710208079192,-9.65155252153281e-08,0.00289879336832644,0.0234710208084565,9.50405034619251e-08,0.00289780170424159,0.0234723535461878,-9.50417473807212e-08,0.00289780170335407,0.0234723535467256
3.28749409158042e-09,0.00505343526397084,0.0211568981874564,-3.28913620054486e-09,0.00505343526292434,0.0211568981880834,3.28524310739698e-09,0.00505245734955517,0.0211582253210127,-3.2868857574283e-09,0.00505245734850934,0.0211582253216394
-4.04905029797196e-09,0.00716482723661604,0.0188477124895927,4.0469976973523e-09,0.00716482723541323,0.0188477124903197,-4.04652041773109e-09,0.00716386906002819,0.0188490375591011,4.04446730423845e-09,0.00716386905882538,0.0188490375598285
1.60322492609541e-09,0.00921652969488762,0.0165376377986628,-1.60569496699085e-09,0.00921652969353648,0.0165376377994972,1.60259061394577e-09,0.00921559840255481,0.0165389640436149,-1.60506069049548e-09,0.00921559840120367,0.0165389640444502
5.6887074191278e-09,0.0111909340686152,0.0142217685824968,-5.69159581245632e-09,0.0111909340671288,0.0142217685834463,5.66281367373233e-09,0.0111900371686984,0.0142230987605534,-5.66570292440359e-09,0.0111900371672125,0.014223098761502
-7.1509222605244e-09,0.0130698177000736,0.0118965886740194,7.14761865717071e-09,0.0130698176984716,0.0118965886750879,-7.12405447587686e-09,0.0130689626424121,0.0118979250720277,7.12075066242858e-09,0.01306896264081,0.0118979250730966
-1.25919371205248e-08,0.0148353612249961,0.00955974974964979,1.25882301868167e-08,0.0148353612233034,0.00955974975083818,-1.26036585307138e-08,0.0148345550471078,0.00956109406897943,1.25999510239589e-08,0.0148345550454148,0.0095610940701687
9.36469434565917e-09,0.0164709014038529,0.00721003216230809,-9.36878837028319e-09,0.0164709014020967,0.00721003216361726,9.37432102185751e-09,0.0164701500040245,0.00721138573872793,-9.3784154983978e-09,0.0164701500022681,0.00721138574003666
2.37311972419128e-09,0.0179625453314449,0.0048472461595428,-2.37757776815639e-09,0.0179625453296555,0.00484724616096877,2.37435939354577e-09,0.0179618533541852,0.00484860986833402,-2.37881746825797e-09,0.0179618533523966,0.00484860986976043
7.95042819126462e-10,0.0192993878063046,0.00247214484187808,-7.99835441971235e-10,0.0192993878045158,0.00247214484341374,7.95955344988219e-10,0.0192987579567074,0.00247351926657347,-8.00748420571758e-10,0.0192987579549186,0.00247351926810957
-1.53227669327836e-08,0.0204748255035538,8.61784670731502e-05,1.5317673424e-08,0.0204748255017952,8.61784687109513e-05,-1.53504200064733e-08,0.0204742584299213,8.75639553075125e-05,1.53453264980738e-08,0.020474258428163,8.75639569448694e-05
1.50702974509969e-08,0.0214866554324713,-0.00230871893517781,-1.50756530247509e-08,0.0214866554307713,-0.00230871893344942,1.50974749361509e-08,0.0214861492829508,-0.00230732211814599,-1.51028309664284e-08,0.0214861492812504,-0.0023073221164176
-6.08577861737842e-09,0.0223380785372522,-0.004710384772181,6.0802027993167e-09,0.0223380785356357,-0.00471038477037711,-6.12084303950871e-09,0.0223376295731983,-0.00470897636752499,6.11526726556824e-09,0.0223376295715816,-0.00470897636572065
-5.7369514453398e-09,0.0230365260791934,-0.00711676083752755,5.73119935971715e-09,0.023036526077679,-0.00711676083565926,-5.72250333450109e-09,0.0230361279300264,-0.00711534047508167,5.71675115676255e-09,0.0230361279285127,-0.00711534047321383
-2.44595472462454e-08,0.0235942923385077,-0.00952600854150187,2.4453664589119e-08,0.0235942923371084,-0.00952600853958918,-2.44075951568722e-08,0.0235939372434666,-0.00952457543980234,2.44017123248202e-08,0.023593937242069,-0.00952457543788965
3.43279256655748e-08,0.0240272664600401,-0.011937151257126,-3.43338926962641e-08,0.0240272664587653,-0.0119371512551818,3.42943932938299e-08,0.0240269451404904,-0.0119357044444257,-3.4300360332344e-08,0.0240269451392159,-0.011935704442481
8.02067412236934e-10,0.0243541276735224,-0.0143497030277824,-8.08075181709449e-10,0.0243541276723753,-0.0143497030258231,7.92679974841695e-10,0.0243538294870762,-0.0143482408215321,-7.98687465719211e-10,0.0243538294859276,-0.0143482408195732
-3.98108918847543e-08,0.0245957990723015,-0.0167645493458126,3.980488665849e-08,0.0245957990712754,-0.0167645493438546,-3.97322352227381e-08,0.0245955135196354,-0.0167630696048358,3.97262298959692e-08,0.0245955135186096,-0.0167630696028778
3.74783736710022e-08,0.0247739981666272,-0.0191834496606313,-3.74843360082177e-08,0.0247739981657171,-0.0191834496586876,3.74449180162932e-08,0.0247737138161938,-0.0191819495268195,-3.74508803799046e-08,0.0247737138152833,-0.0191819495248748
8.30099425264742e-09,0.0249108399064919,-0.021609779144848,-8.30687757513791e-09,0.0249108399056884,-0.0216097791429304,8.26034746269335e-09,0.0249105461462712,-0.0216082552425982,-8.26623043268189e-09,0.0249105461454685,-0.0216082552406811
-3.35027696986951e-09,0.0250278458259233,-0.0240480447769276,3.34450562625086e-09,0.0250278458252146,-0.0240480447750482,-3.34337816100504e-09,0.0250275323148349,-0.0240464925636399,3.33760672094893e-09,0.0250275323141262,-0.0240464925617605
2.09951876918346e-09,0.0251455617246641,-0.0265043575681925,-2.10514956231674e-09,0.0251455617240375,-0.0265043575663584,2.09988464801734e-09,0.0251452187890393,-0.0265027718669897,-2.10551518181543e-09,0.0251452187884124,-0.0265027718651556
1.23345801978295e-09,0.0252831352349369,-0.0289862868087827,-1.2389238968038e-09,0.025283135234379,-0.0289862868070019,1.2339388550405e-09,0.0252827539390796,-0.0289846614870921,-1.23940441756861e-09,0.0252827539385222,-0.0289846614853122
1.31639374265562e-10,0.0254582356999146,-0.0315030880014251,-1.36919868649619e-10,0.0254582356994149,-0.0315030879997042,1.31906994056262e-10,0.0254578077852247,-0.0315014158358218,-1.37187483620515e-10,0.0254578077847244,-0.0315014158340996
-4.53016977811912e-10,0.0256870489785787,-0.0340657983733883,4.47937269872282e-10,0.025687048978124,-0.0340657983717279,-4.52936035778821e-10,0.0256865667582943,-0.0340640709156701,4.47856852391104e-10,0.0256865667578396,-0.034064070914011
-6.40500045732644e-10,0.0259844582101998,-0.0366874565949185,6.3563376334486e-10,0.0259844582097797,-0.0366874565933224,-6.40498329658067e-10,0.0259839143790846,-0.036685663953016,6.35632075323697e-10,0.0259839143786667,-0.0366856639514195
-6.57571301641691e-10,0.0263643540198564,-0.0393834151393118,6.52926137356764e-10,0.0263643540194646,-0.0393834151377797,-6.57602170114594e-10,0.0263637413941626,-0.0393815456752438,6.52957576143343e-10,0.0263637413937701,-0.0393815456737117
-6.11561760633868e-10,0.0268400637780181,-0.0421717867757385,6.07143553722407e-10,0.0268400637776464,-0.0421717867742695,-6.11610622802032e-10,0.0268393749659479,-0.0421698266942236,6.07192559860424e-10,0.0268393749655756,-0.0421698266927548
-5.40568938626973e-10,0.0274248975255791,-0.0450740710479436,5.36379561016759e-10,0.0274248975252185,-0.0450740710465352,-5.40629690892133e-10,0.0274241245192437,-0.0450720038336974,5.36440581438627e-10,0.027424124518883,-0.0450720038322889
-4.57165128136939e-10,0.0281328239862298,-0.0481160311400259,4.53204313826994e-10,0.0281328239858758,-0.0481160311386741,-4.572333999283e-10,0.0281319576540916,-0.0481138367828395,4.53273000798158e-10,0.0281319576537382,-0.048113836781488
-3.66193218325062e-10,0.0289793113831484,-0.0513289242127153,3.62458635260814e-10,0.0289793113827977,-0.0513289242114163,-3.66265320029376e-10,0.0289783408242996,-0.0513265781286807,3.62531064647203e-10,0.0289783408239478,-0.0513265781273806
-2.68992799492222e-10,0.0299823991126047,-0.0547512426434085,2.65480164897526e-10,0.0299823991122515,-0.0547512426421553,-2.6906814010763e-10,0.0299813108072875,-0.0547487141496332,2.65555822545394e-10,0.0299813108069343,-0.0547487141483809
-1.61376399964582e-10,0.0311641145881293,-0.0584312149013222,1.58080072757264e-10,0.0311641145877697,-0.0584312149001087,-1.61459958949334e-10,0.0311628912356364,-0.0584284650156737,1.58163969050614e-10,0.0311628912352767,-0.0584284650144593
-2.71312717581593e-11,0.0325524285469915,-0.0624304715290465,2.40444669407574e-11,0.0325524285466215,-0.0624304715278614,-2.72403947152437e-11,0.0325510474084774,-0.0624274497170181,2.41539375373157e-11,0.0325510474081077,-0.0624274497158339
-4.09445770080499e-08,-0.117555238660666,0.211450015253421,-2.62940072678614e-08,-0.117555216859507,0.211450028569196,3.26274493056559e-09,-0.117552665968082,0.211445724578923,1.79163417552435e-08,-0.117552634202011,0.211445704935997
-1.85613600994783e-07,-0.0737555945944046,0.119824133705382,-1.95144082221402e-07,-0.0737554614827285,0.119824220166369,8.47238283560491e-08,-0.0737542644902707,0.119821429649648,7.51917272624469e-08,-0.0737540759882539,0.119821323022713
-4.0644515435199e-07,-0.0644594144728643,0.095047517605962,-3.82325308856019e-07,-0.0644591159634933,0.0950477261549549,2.04289626379632e-07,-0.0644577568150088,0.0950425404738438,2.28397565566952e-07,-0.0644573402888177,0.0950423262313893
-5.47724041646522e-07,-0.0561638586092328,0.0735056686731923,-5.62245593825368e-07,-0.056163405713913,0.0735060125081639,3.94721610299868e-07,-0.0561618898009906,0.0734986279217638,3.80205631717557e-07,-0.0561612550103759,0.0734983317784947
-6.1133502200662e-07,-0.0482589625439759,0.0546630836236344,-6.19690541557368e-07,-0.0482584220943444,0.0546635365253074,5.47946817903822e-07,-0.0482567287225455,0.0546547058885549,5.39592327130718e-07,-0.0482559518115826,0.0546543802613599
-5.58483140168673e-07,-0.0404153644484282,0.0383042777598241,-5.52747893976795e-07,-0.0404148350366672,0.0383047807239438,6.34397216554978e-07,-0.0404129329083946,0.038295490971219,6.40273760134054e-07,-0.0404121340703764,0.0382951974585555
-3.94709926863427e-07,-0.0325732799005187,0.0243575045408333,-3.83643211998913e-07,-0.0325728595365019,0.0243579818687896,6.323716861843e-07,-0.0325707840091705,0.0243492274812973,6.4334614033224e-07,-0.0325700968258514,0.0243490204033199
-1.42427314565664e-07,-0.0249026537140811,0.0127924436284328,-1.6909820157499e-07,-0.0249024120399061,0.0127928223184788,5.53855061635437e-07,-0.02490030804296,0.012785444769956,5.27204942683299e-07,-0.0248998462754975,0.0127853587630802
9.51150323170144e-08,-0.0177140172560635,0.00356432192855394,9.19083677954871e-08,-0.0177139816493681,0.00356454829592412,3.65373673533024e-07,-0.0177120763979326,0.00355913235926897,3.62116778623719e-07,-0.0177119078617625,0.0035591763855396
3.06640296683383e-07,-0.0113455835371712,-0.00341076955241126,3.14131819658385e-07,-0.0113457410618909,-0.00341072151050126,1.36358788832275e-07,-0.0113442637086827,-0.00341389359158262,1.43821586048406e-07,-0.0113443993462372,-0.00341373522607258
4.23017260509672e-07,-0.00606824194373123,-0.00826282553829127,4.97304326264663e-07,-0.00606855068269674,-0.00826295362318907,-1.31329126351943e-07,-0.00606765671305443,-0.00826390371606278,-5.7035348511718e-08,-0.00606805548164679,-0.00826366456984307
5.63929141243218e-07,-0.0020332240609684,-0.011168054719541,4.89623133444989e-07,-0.0020336266114962,-0.0111683338655197,-2.6977046405288e-07,-0.00203335532761462,-0.0111673499749698,-3.44065652003788e-07,-0.00203394056510264,-0.0111670724845476
5.15250149626067e-07,0.000738941431702722,-0.0123493727178041,5.08421899691783e-07,0.000738504311170729,-0.0123497613784895,-4.69965330082351e-07,0.000738229812475177,-0.0123473339880427,-4.76743385209145e-07,0.000737551355612487,-0.0123470607093341
3.84978105363229e-07,0.0023407285744379,-0.0120772108011722,4.77044787753952e-07,0.00234031239365273,-0.0120776584851243,-6.21907661489374e-07,0.00233965534924874,-0.0120743969577948,-5.30907979742543e-07,0.00233897318459753,-0.0120741628749172
3.54299460559485e-07,0.00295125084051584,-0.0106701337446173,2.71963003744157e-07,0.00295089081499644,-0.0106705865942023,-5.68024127579139e-07,0.00295005401411896,-0.010667124290733,-6.49348109067072e-07,0.00294944750291593,-0.0106669514527802
1.81907181276529e-07,0.00280662759967276,-0.00849140159591188,1.85582458500801e-07,0.00280635404134633,-0.00849180880800615,-5.6837900825542e-07,0.00280553571644848,-0.00848870528977974,-5.64703749076951e-07,0.0028050546384133,-0.00848860022449971
7.05585131935184e-08,0.00217598546523612,-0.00593987894348968,7.81817451754959e-08,0.00217580452643351,-0.0059401984644265,-4.62896989447778e-07,0.00217515554608849,-0.00593785091641186,-4.55275303207935e-07,0.00217482505215694,-0.00593780494932927
4.9276867959458e-09,0.00133857960955619,-0.00343478442170309,6.19524876541138e-09,0.00133848265284531,-0.00343499077744003,-3.06337694790724e-07,0.00133807900008698,-0.00343356761071556,-3.05072161322601e-07,0.00133789410294693,-0.00343356023994756
-1.27360346557053e-08,0.000563354827306517,-0.00139494128240392,-1.86580639564112e-08,0.000563319367691495,-0.00139503448024625,-1.39210528918969e-07,0.000563150010479907,-0.00139444460094662,-1.45131581778871e-07,0.000563078683432305,-0.00139445086122825
-2.55084906147438e-08,8.80687378193024e-05,-0.000214478025270637,1.47840335274783e-08,8.80639718878751e-05,-0.00021449376678806,-4.47861609913232e-08,8.80379155425715e-05,-0.000214403326560308,-4.50910766628093e-09,8.80276833297167e-05,-0.000214405826125308
0,0,0,0,0,0,0,0,0,0,0,0
0,-0,0,0,-0,0,0,-0,0,0,-0,0
0,-0,0,0,-0,0,0,-0,0,0,-0,0
0,-0,0,0,-0,0,0,-0,0,0,-0,0
0,-0,0,0,-0,0,0,-0,0,0,-0,0
0,-0,0,0,-0,0,0,-0,0,0,-0,0
0,-0,0,0,-0,0,0,-0,0,0,-0,0
0,-0,0,0,-0,0,0,-0,0,0,-0,0
0,-0,0,0,-0,0,0,-0,0,0,-0,0
0,-0,0,0,-0,0,0,-0,0,0,-0,0
0,-0,0,0,-0,0,0,-0,0,0,-0,0
0,-0,0,0,-0,0,0,-0,0,0,-0,0
0,-0,0,0,-0,0,0,-0,0,0,-0,0
0,-0,0,0,-0,0,0,-0,0,0,-0,0
0,-0,0,0,-0,0,0,-0,0,0,-0,0
0,-0,0,0,-0,0,0,-0,0,0,-0,0
0,-0,0,0,-0,0,0,-0,0,0,-0,0
0,-0,0,0,-0,0,0,-0,0,0,-0,0
0,-0,0,0,-0,0,0,-0,0,0,-0,0
0,-0,0,0,-0,0,0,-0,0,0,-0,0
0,-0,0,0,-0,0,0,-0,0,0,-0,0
0,-0,0,0,-0,0,0,-0,0,0,-0,0
0,-0,0,0,-0,0,0,-0,0,0,-0,0
0,-0,0,0,-0,0,0,-0,0,0,-0,0
0,-0,0,0,-0,0,0,-0,0,0,-0,0
0,-0,0,0,-0,0,0,-0,0,0,-0,0
0,-0,0,0,-0,0,0,-0,0,0,-0,0
0,-0,0,0,-0,0,0,-0,0,0,-0,0
0,-0,0,0,-0,0,0,-0,0,0,-0,0
0,-0,0,0,-0,0,0,-0,0,0,-0,0
0,-0,0,0,-0,0,0,-0,0,0,-0,0
0,-0,0,0,-0,0,0,-0,0,0,-0,0
0,-0,0,0,-0,0,0,-0,0,0,-0,0
0,-0,0,0,-0,0,0,-0,0,0,-0,0
0,-0,0,0,-0,0,0,-0,0,0,-0,0
0,-0,0,0,-0,0,0,-0,0,0,-0,0
0,-0,0,0,-0,0,0,-0,0,0,-0,0
0,-0,0,0,-0,0,0,-0,0,0,-0,0
0,-0,0,0,-0,0,0,-0,0,0,-0,0
0,-0,0,0,-0,0,0,-0,0,0,-0,0
0,-0,0,0,-0,0,0,-0,0,0,-0,0
0,-0,0,0,-0,0,0,-0,0,0,-0,0
0,-0,0,0,-0,0,0,-0,0,0,-0,0
0,-0,0,0,-0,0,0,-0,0,0,-0,0
0,-0,0,0,-0,0,0,-0,0,0,-0,0
0,-0,0,0,-0,0,0,-0,0,0,-0,0
0,-0,0,0,-0,0,0,-0,0,0,-0,0
0,-0,0,0,-0,0,0,-0,0,0,-0,0
0,-0,0,0,-0,0,0,-0,0,0,-0,0
0,-0,0,0,-0,0,0,-0,0,0,-0,0
0,-0,0,0,-0,0,0,-0,0,0,-0,0
0,-0,0,0,-0,0,0,-0,0,0,-0,0
0,-0,0,0,-0,0,0,-0,0,0,-0,0
0,-0,0,0,-0,0,0,-0,0,0,-0,0
0,-0,0,0,-0,0,0,-0,0,0,-0,0
0,-0,0,0,-0,0,0,-0,0,0,-0,0
0,-0,0,0,-0,0,0,-0,0,0,-0,0
0,-0,0,0,-0,0,0,-0,0,0,-0,0
0,-0,0,0,-0,0,0,-0,0,0,-0,0
0,-0,0,0,-0,0,0,-0,0,0,-0,0
0,-0,0,0,-0,0,0,-0,0,0,-0,0
0,-0,0,0,-0,0,0,-0,0,0,-0,0
0,-0,0,0,-0,0,0,-0,0,0,-0,0
0,-0,0,0,-0,0,0,-0,0,0,-0,0
0,-0,0,0,-0,0,0,-0,0,0,-0,0
0,-0,0,0,-0,0,0,-0,0,0,-0,0
0,-0,0,0,-0,0,0,-0,0,0,-0,0
0,-0,0,0,-0,0,0,-0,0,0,-0,0
0,-0,0,0,-0,0,0,-0,0,0,-0,0
0,-0,0,0,-0,0,0,-0,0,0,-0,0
0,-0,0,0,-0,0,0,-0,0,0,-0,0
0,-0,0,0,-0,0,0,-0,0,0,-0,0
0,-0,0,0,-0,0,0,-0,0,0,-0,0
0,-0,0,0,-0,0,0,-0,0,0,-0,0
0,-0,0,0,-0,0,0,-0,0,0,-0,0
0,-0,0,0,-0,0,0,-0,0,0,-0,0
0,-0,0,0,-0,0,0,-0,0,0,-0,0
0,-0,0,0,-0,0,0,-0,0,0,-0,0
0,-0,0,0,-0,0,0,-0,0,0,-0,0
0,-0,0,0,-0,0,0,-0,0,0,-0,0
0,-0,0,0,-0,0,0,-0,0,0,-0,0
0,-0,0,0,-0,0,0,-0,0,0,-0,0
0,-0,0,0,-0,0,0,-0,0,0,-0,0
0,-0,0,0,-0,0,0,-0,0,0,-0,0
0,-0,0,0,-0,0,0,-0,0,0,-0,0
0,-0,0,0,-0,0,0,-0,0,0,-0,0
0,-0,0,0,-0,0,0,-0,0,0,-0,0
0,-0,0,0,-0,0,0,-0,0,0,-0,0
0,-0,0,0,-0,0,0,-0,0,0,-0,0
0,-0,0,0,-0,0,0,-0,0,0,-0,0
0,-0,0,0,-0,0,0,-0,0,0,-0,0
0,-0,0,0,-0,0,0,-0,0,0,-0,0
0,-0,0,0,-0,0,0,-0,0,0,-0,0
0,-0,0,0,-0,0,0,-0,0,0,-0,0
0,-0,0,0,-0,0,0,-0,0,0,-0,0
0,-0,0,0,-0,0,0,-0,0,0,-0,0
0,-0,0,0,-0,0,0,-0,0,0,-0,0
0,-0,0,0,-0,0,0,-0,0,0,-0,0
0,-0,0,0,-0,0,0,-0,0,0,-0,0
0,-0,0,0,-0,0,0,-0,0,0,-0,0
0,-0,0,0,-0,0,0,-0,0,0,-0,0
0,-0,0,0,-0,0,0,-0,0,0,-0,0
0,-0,0,0,-0,0,0,-0,0,0,-0,0
0,-0,0,0,-0,0,0,-0,0,0,-0,0
0,-0,0,0,-0,0,0,-0,0,0,-0,0
0,-0,0,0,-0,0,0,-0,0,0,-0,0
0,-0,0,0,-0,0,0,-0,0,0,-0,0
0,-0,0,0,-0,0,0,-0,0,0,-0,0
0,-0,0,0,-0,0,0,-0,0,0,-0,0
0,-0,0,0,-0,0,0,-0,0,0,-0,0
0,-0,0,0,-0,0,0,-0,0,0,-0,0
0,-0,0,0,-0,0,0,-0,0,0,-0,0
0,-0,0,0,-0,0,0,-0,0,0,-0,0
0,-0,0,0,-0,0,0,-0,0,0,-0,0
0,-0,0,0,-0,0,0,-0,0,0,-0,0
0,-0,0,0,-0,0,0,-0,0,0,-0,0
0,-0,0,0,-0,0,0,-0,0,0,-0,0
0,-0,0,0,-0,0,0,-0,0,0,-0,0
0,-0,0,0,-0,0,0,-0,0,0,-0,0
0,-0,0,0,-0,0,0,-0,0,0,-0,0
0,-0,0,0,-0,0,0,-0,0,0,-0,0
0,-0,0,0,-0,0,0,-0,0,0,-0,0
0,-0,0,0,-0,0,0,-0,0,0,-0,0
0,-0,0,0,-0,0,0,-0,0,0,-0,0
0,-0,0,0,-0,0,0,-0,0,0,-0,0
0,-0,0,0,-0,0,0,-0,0,0,-0,0
0,-0,0,0,-0,0,0,-0,0,0,-0,0
0,-0,0,0,-0,0,0,-0,0,0,-0,0
0,-0,0,0,-0,0,0,-0,0,0,-0,0
0,-0,0,0,-0,0,0,-0,0,0,-0,0
0,-0,0,0,-0,0,0,-0,0,0,-0,0
0,-0,0,0,-0,0,0,-0,0,0,-0,0
0,-0,0,0,-0,0,0,-0,0,0,-0,0
0,-0,0,0,-0,0,0,-0,0,0,-0,0
0,-0,0,0,-0,0,0,-0,0,0,-0,0
0,-0,0,0,-0,0,0,-0,0,0,-0,0
0,-0,0,0,-0,0,0,-0,0,0,-0,0
0,-0,0,0,-0,0,0,-0,0,0,-0,0
0,-0,0,0,-0,0,0,-0,0,0,-0,0
0,-0,0,0,-0,0,0,-0,0,0,-0,0
0,-0,0,0,-0,0,0,-0,0,0,-0,0
0,-0,0,0,-0,0,0,-0,0,0,-0,0
0,-0,0,0,-0,0,0,-0,0,0,-0,0
0,-0,0,0,-0,0,0,-0,0,0,-0,0
0,-0,0,0,-0,0,0,-0,0,0,-0,0
0,-0,0,0,-0,0,0,-0,0,0,-0,0
0,-0,0,0,-0,0,0,-0,0,0,-0,0
0,-0,0,0,-0,0,0,-0,0,0,-0,0
0,-0,0,0,-0,0,0,-0,0,0,-0,0
0,-0,0,0,-0,0,0,-0,0,0,-0,0
0,-0,0,0,-0,0,0,-0,0,0,-0,0
0,-0,0,0,-0,0,0,-0,0,0,-0,0
0,-0,0,0,-0,0,0,-0,0,0,-0,0
0,-0,0,0,-0,0,0,-0,0,0,-0,0
0,-0,0,0,-0,0,0,-0,0,0,-0,0
0,-0,0,0,-0,0,0,-0,0,0,-0,0
0,-0,0,0,-0,0,0,-0,0,0,-0,0
0,-0,0,0,-0,0,0,-0,0,0,-0,0
0,-0,0,0,-0,0,0,-0,0,0,-0,0
0,-0,0,0,-0,0,0,-0,0,0,-0,0
0,-0,0,0,-0,0,0,-0,0,0,-0,0
0,-0,0,0,-0,0,0,-0,0,0,-0,0
0,-0,0,0,-0,0,0,-0,0,0,-0,0
0,-0,0,0,-0,0,0,-0,0,0,-0,0
0,-0,0,0,-0,0,0,-0,0,0,-0,0
0,-0,0,0,-0,0,0,-0,0,0,-0,0
0,-0,0,0,-0,0,0,-0,0,0,-0,0
0,-0,0,0,-0,0,0,-0,0,0,-0,0
0,-0,0,0,-0,0,0,-0,0,0,-0,0
0,-0,0,0,-0,0,0,-0,0,0,-0,0
0,-0,0,0,-0,0,0,-0,0,0,-0,0
0,-0,0,0,-0,0,0,-0,0,0,-0,0
0,-0,0,0,-0,0,0,-0,0,0,-0,0
0,-0,0,0,-0,0,0,-0,0,0,-0,0
0,-0,0,0,-0,0,0,-0,0,0,-0,0
0,-0,0,0,-0,0,0,-0,0,0,-0,0
0,-0,0,0,-0,0,0,-0,0,0,-0,0
0,-0,0,0,-0,0,0,-0,0,0,-0,0
0,-0,0,0,-0,0,0,-0,0,0,-0,0
0,-0,0,0,-0,0,0,-0,0,0,-0,0
0,-0,0,0,-0,0,0,-0,0,0,-0,0
0,-0,0,0,-0,0,0,-0,0,0,-0,0
0,-0,0,0,-0,0,0,-0,0,0,-0,0
0,-0,0,0,-0,0,0,-0,0,0,-0,0
0,-0,0,0,-0,0,0,-0,0,0,-0,0
0,-0,0,0,-0,0,0,-0,0,0,-0,0
0,-0,0,0,-0,0,0,-0,0,0,-0,0
0,-0,0,0,-0,0,0,-0,0,0,-0,0
0,-0,0,0,-0,0,0,-0,0,0,-0,0
0,-0,0,0,-0,0,0,-0,0,0,-0,0
0,-0,0,0,-0,0,0,-0,0,0,-0,0
0,-0,0,0,-0,0,0,-0,0,0,-0,0
0,-0,0,0,-0,0,0,-0,0,0,-0,0
0,-0,0,0,-0,0,0,-0,0,0,-0,0
0,-0,0,0,-0,0,0,-0,0,0,-0,0
0,-0,0,0,-0,0,0,-0,0,0,-0,0
0,-0,0,0,-0,0,0,-0,0,0,-0,0
0,-0,0,0,-0,0,0,-0,0,0,-0,0
0,-0,0,0,-0,0,0,-0,0,0,-0,0
0,-0,0,0,-0,0,0,-0,0,0,-0,0
0,-0,0,0,-0,0,0,-0,0,0,-0,0
0,-0,0,0,-0,0,0,-0,0,0,-0,0
0,-0,0,0,-0,0,0,-0,0,0,-0,0
0,-0,0,0,-0,0,0,-0,0,0,-0,0
0,-0,0,0,-0,0,0,-0,0,0,-0,0
0,-0,0,0,-0,0,0,-0,0,0,-0,0
0,-0,0,0,-0,0,0,-0,0,0,-0,0
0,-0,0,0,-0,0,0,-0,0,0,-0,0
0,-0,0,0,-0,0,0,-0,0,0,-0,0
0,-0,0,0,-0,0,0,-0,0,0,-0,0
0,-0,0,0,-0,0,0,-0,0,0,-0,0
0,-0,0,0,-0,0,0,-0,0,0,-0,0
0,-0,0,0,-0,0,0,-0,0,0,-0,0
0,-0,0,0,-0,0,0,-0,0,0,-0,0
0,-0,0,0,-0,0,0,-0,0,0,-0,0
0,-0,0,0,-0,0,0,-0,0,0,-0,0
0,-0,0,0,-0,0,0,-0,0,0,-0,0
0,-0,0,0,-0,0,0,-0,0,0,-0,0
0,-0,0,0,-0,0,0,-0,0,0,-0,0
0,-0,0,0,-0,0,0,-0,0,0,-0,0
0,-0,0,0,-0,0,0,-0,0,0,-0,0
0,-0,0,0,-0,0,0,-0,0,0,-0,0
0,-0,0,0,-0,0,0,-0,0,0,-0,0
0,-0,0,0,-0,0,0,-0,0,0,-0,0
0,-0,0,0,-0,0,0,-0,0,0,-0,0
0,-0,0,0,-0,0,0,-0,0,0,-0,0
0,-0,0,0,-0,0,0,-0,0,0,-0,0
0,-0,0,0,-0,0,0,-0,0,0,-0,0
0,-0,0,0,-0,0,0,-0,0,0,-0,0
0,-0,0,0,-0,0,0,-0,0,0,-0,0
0,-0,0,0,-0,0,0,-0,0,0,-0,0
0,-0,0,0,-0,0,0,-0,0,0,-0,0
0,-0,0,0,-0,0,0,-0,0,0,-0,0
0,-0,0,0,-0,0,0,-0,0,0,-0,0
0,-0,0,0,-0,0,0,-0,0,0,-0,0
0,-0,0,0,-0,0,0,-0,0,0,-0,0
0,-0,0,0,-0,0,0,-0,0,0,-0,0
0,-0,0,0,-0,0,0,-0,0,0,-0,0
0,-0,0,0,-0,0,0,-0,0,0,-0,0
0,-0,0,0,-0,0,0,-0,0,0,-0,0
0,-0,0,0,-0,0,0,-0,0,0,-0,0
0,-0,0,0,-0,0,0,-0,0,0,-0,0
0,-0,0,0,-0,0,0,-0,0,0,-0,0
0,-0,0,0,-0,0,0,-0,0,0,-0,0
0,-0,0,0,-0,0,0,-0,0,0,-0,0
0,-0,0,0,-0,0,0,-0,0,0,-0,0
0,-0,0,0,-0,0,0,-0,0,0,-0,0
0,-0,0,0,-0,0,0,-0,0,0,-0,0
0,-0,0,0,-0,0,0,-0,0,0,-0,0
0,-0,0,0,-0,0,0,-0,0,0,-0,0
0,-0,0,0,-0,0,0,-0,0,0,-0,0
0,-0,0,0,-0,0,0,-0,0,0,-0,0
0,-0,0,0,-0,0,0,-0,0,0,-0,0
0,-0,0,0,-0,0,0,-0,0,0,-0,0
0,-0,0,0,-0,0,0,-0,0,0,-0,0
0,-0,0,0,-0,0,0,-0,0,0,-0,0
0,-0,0,0,-0,0,0,-0,0,0,-0,0
0,-0,0,0,-0,0,0,-0,0,0,-0,0
0,-0,0,0,-0,0,0,-0,0,0,-0,0
0,-0,0,0,-0,0,0,-0,0,0,-0,0
0,-0,0,0,-0,0,0,-0,0,0,-0,0
0,-0,0,0,-0,0,0,-0,0,0,-0,0
0,-0,0,0,-0,0,0,-0,0,0,-0,0
0,-0,0,0,-0,0,0,-0,0,0,-0,0
0,-0,0,0,-0,0,0,-0,0,0,-0,0
0,-0,0,0,-0,0,0,-0,0,0,-0,0
0,-0,0,0,-0,0,0,-0,0,0,-0,0
0,-0,0,0,-0,0,0,-0,0,0,-0,0
0,-0,0,0,-0,0,0,-0,0,0,-0,0
0,-0,0,0,-0,0,0,-0,0,0,-0,0
0,-0,0,0,-0,0,0,-0,0,0,-0,0
0,-0,0,0,-0,0,0,-0,0,0,-0,0
0,-0,0,0,-0,0,0,-0,0,0,-0,0
0,-0,0,0,-0,0,0,-0,0,0,-0,0
0,-0,0,0,-0,0,0,-0,0,0,-0,0
0,-0,0,0,-0,0,0,-0,0,0,-0,0
0,-0,0,0,-0,0,0,-0,0,0,-0,0
0,-0,0,0,-0,0,0,-0,0,0,-0,0
0,-0,0,0,-0,0,0,-0,0,0,-0,0
0,-0,0,0,-0,0,0,-0,0,0,-0,0
0,-0,0,0,-0,0,0,-0,0,0,-0,0
0,-0,0,0,-0,0,0,-0,0,0,-0,0
0,-0,0,0,-0,0,0,-0,0,0,-0,0
0,-0,0,0,-0,0,0,-0,0,0,-0,0
0,-0,0,0,-0,0,0,-0,0,0,-0,0
0,-0,0,0,-0,0,0,-0,0,0,-0,0
0,-0,0,0,-0,0,0,-0,0,0,-0,0
0,-0,0,0,-0,0,0,-0,0,0,-0,0
0,-0,0,0,-0,0,0,-0,0,0,-0,0
0,-0,0,0,-0,0,0,-0,0,0,-0,0
0,-0,0,0,-0,0,0,-0,0,0,-0,0
0,-0,0,0,-0,0,0,-0,0,0,-0,0
0,-0,0,0,-0,0,0,-0,0,0,-0,0
0,-0,0,0,-0,0,0,-0,0,0,-0,0
0,-0,0,0,-0,0,0,-0,0,0,-0,0
0,-0,0,0,-0,0,0,-0,0,0,-0,0
0,-0,0,0,-0,0,0,-0,0,0,-0,0
0,-0,0,0,-0,0,0,-0,0,0,-0,0
0,-0,0,0,-0,0,0,-0,0,0,-0,0
0,-0,0,0,-0,0,0,-0,0,0,-0,0
0,-0,0,0,-0,0,0,-0,0,0,-0,0
0,-0,0,0,-0,0,0,-0,0,0,-0,0
0,-0,0,0,-0,0,0,-0,0,0,-0,0
0,-0,0,0,-0,0,0,-0,0,0,-0,0
0,-0,0,0,-0,0,0,-0,0,0,-0,0
0,-0,0,0,-0,0,0,-0,0,0,-0,0
0,-0,0,0,-0,0,0,-0,0,0,-0,0
0,-0,0,0,-0,0,0,-0,0,0,-0,0
0,-0,0,0,-0,0,0,-0,0,0,-0,0
0,-0,0,0,-0,0,0,-0,0,0,-0,0
0,-0,0,0,-0,0,0,-0,0,0,-0,0
0,-0,0,0,-0,0,0,-0,0,0,-0,0
0,-0,0,0,-0,0,0,-0,0,0,-0,0
0,-0,0,0,-0,0,0,-0,0,0,-0,0
0,-0,0,0,-0,0,0,-0,0,0,-0,0
0,-0,0,0,-0,0,0,-0,0,0,-0,0
0,-0,0,0,-0,0,0,-0,0,0,-0,0
0,-0,0,0,-0,0,0,-0,0,0,-0,0
0,-0,0,0,-0,0,0,-0,0,0,-0,0
0,-0,0,0,-0,0,0,-0,0,0,-0,0
0,-0,0,0,-0,0,0,-0,0,0,-0,0
0,-0,0,0,-0,0,0,-0,0,0,-0,0
0,-0,0,0,-0,0,0,-0,0,0,-0,0
0,-0,0,0,-0,0,0,-0,0,0,-0,0
0,-0,0,0,-0,0,0,-0,0,0,-0,0
0,-0,0,0,-0,0,0,-0,0,0,-0,0
0,-0,0,0,-0,0,0,-0,0,0,-0,0
0,-0,0,0,-0,0,0,-0,0,0,-0,0
0,-0,0,0,-0,0,0,-0,0,0,-0,0
0,-0,0,0,-0,0,0,-0,0,0,-0,0
0,-0,0,0,-0,0,0,-0,0,0,-0,0
0,-0,0,0,-0,0,0,-0,0,0,-0,0
0,-0,0,0,-0,0,0,-0,0,0,-0,0
0,-0,0,0,-0,0,0,-0,0,0,-0,0
0,-0,0,0,-0,0,0,-0,0,0,-0,0
0,-0,0,0,-0,0,0,-0,0,0,-0,0
0,-0,0,0,-0,0,0,-0,0,0,-0,0
0,-0,0,0,-0,0,0,-0,0,0,-0,0
0,-0,0,0,-0,0,0,-0,0,0,-0,0
0,-0,0,0,-0,0,0,-0,0,0,-0,0
0,-0,0,0,-0,0,0,-0,0,0,-0,0
0,-0,0,0,-0,0,0,-0,0,0,-0,0
0,-0,0,0,-0,0,0,-0,0,0,-0,0
0,-0,0,0,-0,0,0,-0,0,0,-0,0
0,-0,0,0,-0,0,0,-0,0,0,-0,0
0,-0,0,0,-0,0,0,-0,0,0,-0,0
0,-0,0,0,-0,0,0,-0,0,0,-0,0
0,-0,0,0,-0,0,0,-0,0,0,-0,0
0,-0,0,0,-0,0,0,-0,0,0,-0,0
0,-0,0,0,-0,0,0,-0,0,0,-0,0
0,-0,0,0,-0,0,0,-0,0,0,-0,0
0,-0,0,0,-0,0,0,-0,0,0,-0,0
0,-0,0,0,-0,0,0,-0,0,0,-0,0
0,-0,0,0,-0,0,0,-0,0,0,-0,0
0,-0,0,0,-0,0,0,-0,0,0,-0,0
0,-0,0,0,-0,0,0,-0,0,0,-0,0
0,-0,0,0,-0,0,0,-0,0,0,-0,0
0,-0,0,0,-0,0,0,-0,0,0,-0,0
0,-0,0,0,-0,0,0,-0,0,0,-0,0
0,-0,0,0,-0,0,0,-0,0,0,-0,0
0,-0,0,0,-0,0,0,-0,0,0,-0,0
0,-0,0,0,-0,0,0,-0,0,0,-0,0
0,-0,0,0,-0,0,0,-0,0,0,-0,0
0,-0,0,0,-0,0,0,-0,0,0,-0,0
0,-0,0,0,-0,0,0,-0,0,0,-0,0
0,-0,0,0,-0,0,0,-0,0,0,-0,0
0,-0,0,0,-0,0,0,-0,0,0,-0,0
0,-0,0,0,-0,0,0,-0,0,0,-0,0
0,-0,0,0,-0,0,0,-0,0,0,-0,0
0,-0,0,0,-0,0,0,-0,0,0,-0,0
0,-0,0,0,-0,0,0,-0,0,0,-0,0
0,-0,0,0,-0,0,0,-0,0,0,-0,0
0,-0,0,0,-0,0,0,-0,0,0,-0,0
0,-0,0,0,-0,0,0,-0,0,0,-0,0
0,-0,0,0,-0,0,0,-0,0,0,-0,0
0,-0,0,0,-0,0,0,-0,0,0,-0,0
0,-0,0,0,-0,0,0,-0,0,0,-0,0
0,-0,0,0,-0,0,0,-0,0,0,-0,0
0,-0,0,0,-0,0,0,-0,0,0,-0,0
0,-0,0,0,-0,0,0,-0,0,0,-0,0
0,-0,0,0,-0,0,0,-0,0,0,-0,0
0,-0,0,0,-0,0,0,-0,0,0,-0,0
0,-0,0,0,-0,0,0,-0,0,0,-0,0
0,-0,0,0,-0,0,0,-0,0,0,-0,0
0,-0,0,0,-0,0,0,-0,0,0,-0,0
0,-0,0,0,-0,0,0,-0,0,0,-0,0
0,-0,0,0,-0,0,0,-0,0,0,-0,0
0,-0,0,0,-0,0,0,-0,0,0,-0,0
0,-0,0,0,-0,0,0,-0,0,0,-0,0
0,-0,0,0,-0,0,0,-0,0,0,-0,0
0,-0,0,0,-0,0,0,-0,0,0,-0,0
0,-0,0,0,-0,0,0,-0,0,0,-0,0
0,-0,0,0,-0,0,0,-0,0,0,-0,0
0,-0,0,0,-0,0,0,-0,0,0,-0,0
0,-0,0,0,-0,0,0,-0,0,0,-0,0
0,-0,0,0,-0,0,0,-0,0,0,-0,0
0,-0,0,0,-0,0,0,-0,0,0,-0,0
0,-0,0,0,-0,0,0,-0,0,0,-0,0
0,-0,0,0,-0,0,0,-0,0,0,-0,0
0,-0,0,0,-0,0,0,-0,0,0,-0,0
0,-0,0,0,-0,0,0,-0,0,0,-0,0
0,-0,0,0,-0,0,0,-0,0,0,-0,0
0,-0,0,0,-0,0,0,-0,0,0,-0,0
0,-0,0,0,-0,0,0,-0,0,0,-0,0
0,-0,0,0,-0,0,0,-0,0,0,-0,0
0,-0,0,0,-0,0,0,-0,0,0,-0,0
0,-0,0,0,-0,0,0,-0,0,0,-0,0
0,-0,0,0,-0,0,0,-0,0,0,-0,0
0,-0,0,0,-0,0,0,-0,0,0,-0,0
0,-0,0,0,-0,0,0,-0,0,0,-0,0
0,-0,0,0,-0,0,0,-0,0,0,-0,0
0,-0,0,0,-0,0,0,-0,0,0,-0,0
0,-0,0,0,-0,0,0,-0,0,0,-0,0
0,-0,0,0,-0,0,0,-0,0,0,-0,0
0,-0,0,0,-0,0,0,-0,0,0,-0,0
0,-0,0,0,-0,0,0,-0,0,0,-0,0
0,-0,0,0,-0,0,0,-0,0,0,-0,0
0,-0,0,0,-0,0,0,-0,0,0,-0,0
0,-0,0,0,-0,0,0,-0,0,0,-0,0
0,-0,0,0,-0,0,0,-0,0,0,-0,0
0,-0,0,0,-0,0,0,-0,0,0,-0,0
0,-0,0,0,-0,0,0,-0,0,0,-0,0
0,-0,0,0,-0,0,0,-0,0,0,-0,0
0,-0,0,0,-0,0,0,-0,0,0,-0,0
0,-0,0,0,-0,0,0,-0,0,0,-0,0
0,-0,0,0,-0,0,0,-0,0,0,-0,0
0,-0,0,0,-0,0,0,-0,0,0,-0,0
0,-0,0,0,-0,0,0,-0,0,0,-0,0
0,-0,0,0,-0,0,0,-0,0,0,-0,0
0,-0,0,0,-0,0,0,-0,0,0,-0,0
0,-0,0,0,-0,0,0,-0,0,0,-0,0
0,-0,0,0,-0,0,0,-0,0,0,-0,0
0,-0,0,0,-0,0,0,-0,0,0,-0,0
0,-0,0,0,-0,0,0,-0,0,0,-0,0
0,-0,0,0,-0,0,0,-0,0,0,-0,0
0,-0,0,0,-0,0,0,-0,0,0,-0,0
0,-0,0,0,-0,0,0,-0,0,0,-0,0
0,-0,0,0,-0,0,0,-0,0,0,-0,0
0,-0,0,0,-0,0,0,-0,0,0,-0,0
0,-0,0,0,-0,0,0,-0,0,0,-0,0
0,-0,0,0,-0,0,0,-0,0,0,-0,0
0,-0,0,0,-0,0,0,-0,0,0,-0,0
0,-0,0,0,-0,0,0,-0,0,0,-0,0
0,-0,0,0,-0,0,0,-0,0,0,-0,0
0,-0,0,0,-0,0,0,-0,0,0,-0,0
0,-0,0,0,-0,0,0,-0,0,0,-0,0
0,-0,0,0,-0,0,0,-0,0,0,-0,0
0,-0,0,0,-0,0,0,-0,0,0,-0,0
0,-0,0,0,-0,0,0,-0,0,0,-0,0
0,-0,0,0,-0,0,0,-0,0,0,-0,0
0,-0,0,0,-0,0,0,-0,0,0,-0,0
0,-0,0,0,-0,0,0,-0,0,0,-0,0
0,-0,0,0,-0,0,0,-0,0,0,-0,0
0,-0,0,0,-0,0,0,-0,0,0,-0,0
0,-0,0,0,-0,0,0,-0,0,0,-0,0
0,-0,0,0,-0,0,0,-0,0,0,-0,0
0,-0,0,0,-0,0,0,-0,0,0,-0,0
0,-0,0,0,-0,0,0,-0,0,0,-0,0
0,-0,0,0,-0,0,0,-0,0,0,-0,0
0,-0,0,0,-0,0,0,-0,0,0,-0,0
0,-0,0,0,-0,0,0,-0,0,0,-0,0
0,-0,0,0,-0,0,0,-0,0,0,-0,0
0,-0,0,0,-0,0,0,-0,0,0,-0,0
0,-0,0,0,-0,0,0,-0,0,0,-0,0
0,-0,0,0,-0,0,0,-0,0,0,-0,0
0,-0,0,0,-0,0,0,-0,0,0,-0,0
0,-0,0,0,-0,0,0,-0,0,0,-0,0
0,-0,0,0,-0,0,0,-0,0,0,-0,0
0,-0,0,0,-0,0,0,-0,0,0,-0,0
0,-0,0,0,-0,0,0,-0,0,0,-0,0
0,-0,0,0,-0,0,0,-0,0,0,-0,0
0,-0,0,0,-0,0,0,-0,0,0,-0,0
0,-0,0,0,-0,0,0,-0,0,0,-0,0
0,-0,0,0,-0,0,0,-0,0,0,-0,0
0,-0,0,0,-0,0,0,-0,0,0,-0,0
0,-0,0,0,-0,0,0,-0,0,0,-0,0
0,-0,0,0,-0,0,0,-0,0,0,-0,0
0,-0,0,0,-0,0,0,-0,0,0,-0,0
0,-0,0,0,-0,0,0,-0,0,0,-0,0
0,-0,0,0,-0,0,0,-0,0,0,-0,0
0,-0,0,0,-0,0,0,-0,0,0,-0,0
0,-0,0,0,-0,0,0,-0,0,0,-0,0
0,-0,0,0,-0,0,0,-0,0,0,-0,0
0,-0,0,0,-0,0,0,-0,0,0,-0,0
0,-0,0,0,-0,0,0,-0,0,0,-0,0
0,-0,0,0,-0,0,0,-0,0,0,-0,0
0,-0,0,0,-0,0,0,-0,0,0,-0,0
0,-0,0,0,-0,0,0,-0,0,0,-0,0
0,-0,0,0,-0,0,0,-0,0,0,-0,0
0,-0,0,0,-0,0,0,-0,0,0,-0,0
0,-0,0,0,-0,0,0,-0,0,0,-0,0
0,-0,0,0,-0,0,0,-0,0,0,-0,0
0,-0,0,0,-0,0,0,-0,0,0,-0,0
0,-0,0,0,-0,0,0,-0,0,0,-0,0
0,-0,0,0,-0,0,0,-0,0,0,-0,0
0,-0,0,0,-0,0,0,-0,0,0,-0,0
0,-0,0,0,-0,0,0,-0,0,0,-0,0
0,-0,0,0,-0,0,0,-0,0,0,-0,0
0,-0,0,0,-0,0,0,-0,0,0,-0,0
0,-0,0,0,-0,0,0,-0,0,0,-0,0
0,-0,0,0,-0,0,0,-0,0,0,-0,0
0,-0,0,0,-0,0,0,-0,0,0,-0,0
0,-0,0,0,-0,0,0,-0,0,0,-0,0
0,-0,0,0,-0,0,0,-0,0,0,-0,0
0,-0,0,0,-0,0,0,-0,0,0,-0,0
0,-0,0,0,-0,0,0,-0,0,0,-0,0
0,-0,0,0,-0,0,0,-0,0,0,-0,0
0,-0,0,0,-0,0,0,-0,0,0,-0,0
0,-0,0,0,-0,0,0,-0,0,0,-0,0
0,-0,0,0,-0,0,0,-0,0,0,-0,0
0,-0,0,0,-0,0,0,-0,0,0,-0,0
0,-0,0,0,-0,0,0,-0,0,0,-0,0
0,-0,0,0,-0,0,0,-0,0,0,-0,0
0,-0,0,0,-0,0,0,-0,0,0,-0,0
0,-0,0,0,-0,0,0,-0,0,0,-0,0
0,-0,0,0,-0,0,0,-0,0,0,-0,0
0,-0,0,0,-0,0,0,-0,0,0,-0,0
0,-0,0,0,-0,0,0,-0,0,0,-0,0
0,-0,0,0,-0,0,0,-0,0,0,-0,0
0,-0,0,0,-0,0,0,-0,0,0,-0,0
0,-0,0,0,-0,0,0,-0,0,0,-0,0
0,-0,0,0,-0,0,0,-0,0,0,-0,0
0,-0,0,0,-0,0,0,-0,0,0,-0,0
0,-0,0,0,-0,0,0,-0,0,0,-0,0
0,-0,0,0,-0,0,0,-0,0,0,-0,0
0,-0,0,0,-0,0,0,-0,0,0,-0,0
0,-0,0,0,-0,0,0,-0,0,0,-0,0
0,-0,0,0,-0,0,0,-0,0,0,-0,0
0,-0,0,0,-0,0,0,-0,0,0,-0,0
0,-0,0,0,-0,0,0,-0,0,0,-0,0
0,-0,0,0,-0,0,0,-0,0,0,-0,0
0,-0,0,0,-0,0,0,-0,0,0,-0,0
0,-0,0,0,-0,0,0,-0,0,0,-0,0
0,-0,0,0,-0,0,0,-0,0,0,-0,0
0,-0,0,0,-0,0,0,-0,0,0,-0,0
0,-0,0,0,-0,0,0,-0,0,0,-0,0
0,-0,0,0,-0,0,0,-0,0,0,-0,0
0,-0,0,0,-0,0,0,-0,0,0,-0,0
0,-0,0,0,-0,0,0,-0,0,0,-0,0
0,-0,0,0,-0,0,0,-0,0,0,-0,0
0,-0,0,0,-0,0,0,-0,0,0,-0,0
0,-0,0,0,-0,0,0,-0,0,0,-0,0
0,-0,0,0,-0,0,0,-0,0,0,-0,0
0,-0,0,0,-0,0,0,-0,0,0,-0,0
0,-0,0,0,-0,0,0,-0,0,0,-0,0
0,-0,0,0,-0,0,0,-0,0,0,-0,0
0,-0,0,0,-0,0,0,-0,0,0,-0,0
0,-0,0,0,-0,0,0,-0,0,0,-0,0
0,-0,0,0,-0,0,0,-0,0,0,-0,0
0,-0,0,0,-0,0,0,-0,0,0,-0,0
0,-0,0,0,-0,0,0,-0,0,0,-0,0
0,-0,0,0,-0,0,0,-0,0,0,-0,0
0,-0,0,0,-0,0,0,-0,0,0,-0,0
0,-0,0,0,-0,0,0,-0,0,0,-0,0
0,-0,0,0,-0,0,0,-0,0,0,-0,0
0,-0,0,0,-0,0,0,-0,0,0,-0,0
0,-0,0,0,-0,0,0,-0,0,0,-0,0
0,-0,0,0,-0,0,0,-0,0,0,-0,0
0,-0,0,0,-0,0,0,-0,0,0,-0,0
0,-0,0,0,-0,0,0,-0,0,0,-0,0
0,-0,0,0,-0,0,0,-0,0,0,-0,0
0,-0,0,0,-0,0,0,-0,0,0,-0,0
0,-0,0,0,-0,0,0,-0,0,0,-0,0
0,-0,0,0,-0,0,0,-0,0,0,-0,0
0,-0,0,0,-0,0,0,-0,0,0,-0,0
0,-0,0,0,-0,0,0,-0,0,0,-0,0
0,-0,0,0,-0,0,0,-0,0,0,-0,0
0,-0,0,0,-0,0,0,-0,0,0,-0,0
0,-0,0,0,-0,0,0,-0,0,0,-0,0
0,-0,0,0,-0,0,0,-0,0,0,-0,0
0,-0,0,0,-0,0,0,-0,0,0,-0,0
0,-0,0,0,-0,0,0,-0,0,0,-0,0
0,-0,0,0,-0,0,0,-0,0,0,-0,0
0,-0,0,0,-0,0,0,-0,0,0,-0,0
0,-0,0,0,-0,0,0,-0,0,0,-0,0
0,-0,0,0,-0,0,0,-0,0,0,-0,0
0,-0,0,0,-0,0,0,-0,0,0,-0,0
0,-0,0,0,-0,0,0,-0,0,0,-0,0
0,-0,0,0,-0,0,0,-0,0,0,-0,0
0,-0,0,0,-0,0,0,-0,0,0,-0,0
0,-0,0,0,-0,0,0,-0,0,0,-0,0
0,-0,0,0,-0,0,0,-0,0,0,-0,0
0,-0,0,0,-0,0,0,-0,0,0,-0,0
0,-0,0,0,-0,0,0,-0,0,0,-0,0
0,-0,0,0,-0,0,0,-0,0,0,-0,0
0,-0,0,0,-0,0,0,-0,0,0,-0,0
0,-0,0,0,-0,0,0,-0,0,0,-0,0
0,-0,0,0,-0,0,0,-0,0,0,-0,0
0,-0,0,0,-0,0,0,-0,0,0,-0,0
0,-0,0,0,-0,0,0,-0,0,0,-0,0
0,-0,0,0,-0,0,0,-0,0,0,-0,0
0,-0,0,0,-0,0,0,-0,0,0,-0,0
0,-0,0,0,-0,0,0,-0,0,0,-0,0
0,-0,0,0,-0,0,0,-0,0,0,-0,0
0,-0,0,0,-0,0,0,-0,0,0,-0,0
0,-0,0,0,-0,0,0,-0,0,0,-0,0
0,-0,0,0,-0,0,0,-0,0,0,-0,0
0,-0,0,0,-0,0,0,-0,0,0,-0,0
0,-0,0,0,-0,0,0,-0,0,0,-0,0
0,-0,0,0,-0,0,0,-0,0,0,-0,0
0,-0,0,0,-0,0,0,-0,0,0,-0,0
0,-0,0,0,-0,0,0,-0,0,0,-0,0
0,-0,0,0,-0,0,0,-0,0,0,-0,0
0,-0,0,0,-0,0,0,-0,0,0,-0,0
0,-0,0,0,-0,0,0,-0,0,0,-0,0
0,-0,0,0,-0,0,0,-0,0,0,-0,0
0,-0,0,0,-0,0,0,-0,0,0,-0,0
0,-0,0,0,-0,0,0,-0,0,0,-0,0
0,-0,0,0,-0,0,0,-0,0,0,-0,0
0,-0,0,0,-0,0,0,-0,0,0,-0,0
0,-0,0,0,-0,0,0,-0,0,0,-0,0
0,-0,0,0,-0,0,0,-0,0,0,-0,0
0,-0,0,0,-0,0,0,-0,0,0,-0,0
0,-0,0,0,-0,0,0,-0,0,0,-0,0
0,-0,0,0,-0,0,0,-0,0,0,-0,0
0,-0,0,0,-0,0,0,-0,0,0,-0,0
0,-0,0,0,-0,0,0,-0,0,0,-0,0
0,-0,0,0,-0,0,0,-0,0,0,-0,0
0,-0,0,0,-0,0,0,-0,0,0,-0,0
0,-0,0,0,-0,0,0,-0,0,0,-0,0
0,-0,0,0,-0,0,0,-0,0,0,-0,0
0,-0,0,0,-0,0,0,-0,0,0,-0,0
0,-0,0,0,-0,0,0,-0,0,0,-0,0
0,-0,0,0,-0,0,0,-0,0,0,-0,0
0,-0,0,0,-0,0,0,-0,0,0,-0,0
0,-0,0,0,-0,0,0,-0,0,0,-0,0
0,-0,0,0,-0,0,0,-0,0,0,-0,0
0,-0,0,0,-0,0,0,-0,0,0,-0,0
0,-0,0,0,-0,0,0,-0,0,0,-0,0
0,-0,0,0,-0,0,0,-0,0,0,-0,0
0,-0,0,0,-0,0,0,-0,0,0,-0,0
0,-0,0,0,-0,0,0,-0,0,0,-0,0
0,-0,0,0,-0,0,0,-0,0,0,-0,0
0,-0,0,0,-0,0,0,-0,0,0,-0,0
0,-0,0,0,-0,0,0,-0,0,0,-0,0
0,-0,0,0,-0,0,0,-0,0,0,-0,0
0,-0,0,0,-0,0,0,-0,0,0,-0,0
0,-0,0,0,-0,0,0,-0,0,0,-0,0
0,-0,0,0,-0,0,0,-0,0,0,-0,0
0,-0,0,0,-0,0,0,-0,0,0,-0,0
0,-0,0,0,-0,0,0,-0,0,0,-0,0
0,-0,0,0,-0,0,0,-0,0,0,-0,0
0,-0,0,0,-0,0,0,-0,0,0,-0,0
0,-0,0,0,-0,0,0,-0,0,0,-0,0
0,-0,0,0,-0,0,0,-0,0,0,-0,0
0,-0,0,0,-0,0,0,-0,0,0,-0,0
0,-0,0,0,-0,0,0,-0,0,0,-0,0
0,-0,0,0,-0,0,0,-0,0,0,-0,0
0,-0,0,0,-0,0,0,-0,0,0,-0,0
0,-0,0,0,-0,0,0,-0,0,0,-0,0
0,-0,0,0,-0,0,0,-0,0,0,-0,0
0,-0,0,0,-0,0,0,-0,0,0,-0,0
0,-0,0,0,-0,0,0,-0,0,0,-0,0
0,-0,0,0,-0,0,0,-0,0,0,-0,0
0,-0,0,0,-0,0,0,-0,0,0,-0,0
0,-0,0,0,-0,0,0,-0,0,0,-0,0
0,-0,0,0,-0,0,0,-0,0,0,-0,0
0,-0,0,0,-0,0,0,-0,0,0,-0,0
0,-0,0,0,-0,0,0,-0,0,0,-0,0
0,-0,0,0,-0,0,0,-0,0,0,-0,0
0,-0,0,0,-0,0,0,-0,0,0,-0,0
0,-0,0,0,-0,0,0,-0,0,0,-0,0
0,-0,0,0,-0,0,0,-0,0,0,-0,0
0,-0,0,0,-0,0,0,-0,0,0,-0,0
0,-0,0,0,-0,0,0,-0,0,0,-0,0
0,-0,0,0,-0,0,0,-0,0,0,-0,0
0,-0,0,0,-0,0,0,-0,0,0,-0,0
0,-0,0,0,-0,0,0,-0,0,0,-0,0
0,-0,0,0,-0,0,0,-0,0,0,-0,0
0,-0,0,0,-0,0,0,-0,0,0,-0,0
0,-0,0,0,-0,0,0,-0,0,0,-0,0
0,-0,0,0,-0,0,0,-0,0,0,-0,0
0,-0,0,0,-0,0,0,-0,0,0,-0,0
0,-0,0,0,-0,0,0,-0,0,0,-0,0
0,-0,0,0,-0,0,0,-0,0,0,-0,0
0,-0,0,0,-0,0,0,-0,0,0,-0,0
0,-0,0,0,-0,0,0,-0,0,0,-0,0
0,-0,0,0,-0,0,0,-0,0,0,-0,0
0,-0,0,0,-0,0,0,-0,0,0,-0,0
0,-0,0,0,-0,0,0,-0,0,0,-0,0
0,-0,0,0,-0,0,0,-0,0,0,-0,0
0,-0,0,0,-0,0,0,-0,0,0,-0,0
0,-0,0,0,-0,0,0,-0,0,0,-0,0
0,-0,0,0,-0,0,0,-0,0,0,-0,0
0,-0,0,0,-0,0,0,-0,0,0,-0,0
0,-0,0,0,-0,0,0,-0,0,0,-0,0
0,-0,0,0,-0,0,0,-0,0,0,-0,0
0,-0,0,0,-0,0,0,-0,0,0,-0,0
0,-0,0,0,-0,0,0,-0,0,0,-0,0
0,-0,0,0,-0,0,0,-0,0,0,-0,0
0,-0,0,0,-0,0,0,-0,0,0,-0,0
0,-0,0,0,-0,0,0,-0,0,0,-0,0
0,-0,0,0,-0,0,0,-0,0,0,-0,0
0,-0,0,0,-0,0,0,-0,0,0,-0,0
0,-0,0,0,-0,0,0,-0,0,0,-0,0
0,-0,0,0,-0,0,0,-0,0,0,-0,0
0,-0,0,0,-0,0,0,-0,0,0,-0,0
0,-0,0,0,-0,0,0,-0,0,0,-0,0
0,-0,0,0,-0,0,0,-0,0,0,-0,0
0,-0,0,0,-0,0,0,-0,0,0,-0,0
0,-0,0,0,-0,0,0,-0,0,0,-0,0
0,-0,0,0,-0,0,0,-0,0,0,-0,0
0,-0,0,0,-0,0,0,-0,0,0,-0,0
0,-0,0,0,-0,0,0,-0,0,0,-0,0
0,-0,0,0,-0,0,0,-0,0,0,-0,0
0,-0,0,0,-0,0,0,-0,0,0,-0,0
0,-0,0,0,-0,0,0,-0,0,0,-0,0
0,-0,0,0,-0,0,0,-0,0,0,-0,0
0,-0,0,0,-0,0,0,-0,0,0,-0,0
0,-0,0,0,-0,0,0,-0,0,0,-0,0
0,-0,0,0,-0,0,0,-0,0,0,-0,0
0,-0,0,0,-0,0,0,-0,0,0,-0,0
0,-0,0,0,-0,0,0,-0,0,0,-0,0
0,-0,0,0,-0,0,0,-0,0,0,-0,0
0,-0,0,0,-0,0,0,-0,0,0,-0,0
0,-0,0,0,-0,0,0,-0,0,0,-0,0
0,-0,0,0,-0,0,0,-0,0,0,-0,0
0,-0,0,0,-0,0,0,-0,0,0,-0,0
0,-0,0,0,-0,0,0,-0,0,0,-0,0
0,-0,0,0,-0,0,0,-0,0,0,-0,0
0,-0,0,0,-0,0,0,-0,0,0,-0,0
0,-0,0,0,-0,0,0,-0,0,0,-0,0
0,-0,0,0,-0,0,0,-0,0,0,-0,0
0,-0,0,0,-0,0,0,-0,0,0,-0,0
0,-0,0,0,-0,0,0,-0,0,0,-0,0
0,-0,0,0,-0,0,0,-0,0,0,-0,0
0,-0,0,0,-0,0,0,-0,0,0,-0,0
0,-0,0,0,-0,0,0,-0,0,0,-0,0
0,-0,0,0,-0,0,0,-0,0,0,-0,0
0,-0,0,0,-0,0,0,-0,0,0,-0,0
0,-0,0,0,-0,0,0,-0,0,0,-0,0
0,-0,0,0,-0,0,0,-0,0,0,-0,0
0,-0,0,0,-0,0,0,-0,0,0,-0,0
0,-0,0,0,-0,0,0,-0,0,0,-0,0
0,-0,0,0,-0,0,0,-0,0,0,-0,0
0,-0,0,0,-0,0,0,-0,0,0,-0,0
0,-0,0,0,-0,0,0,-0,0,0,-0,0
0,-0,0,0,-0,0,0,-0,0,0,-0,0
0,-0,0,0,-0,0,0,-0,0,0,-0,0
0,-0,0,0,-0,0,0,-0,0,0,-0,0
0,-0,0,0,-0,0,0,-0,0,0,-0,0
0,-0,0,0,-0,0,0,-0,0,0,-0,0
0,-0,0,0,-0,0,0,-0,0,0,-0,0
0,-0,0,0,-0,0,0,-0,0,0,-0,0
0,-0,0,0,-0,0,0,-0,0,0,-0,0
0,-0,0,0,-0,0,0,-0,0,0,-0,0
0,-0,0,0,-0,0,0,-0,0,0,-0,0
0,-0,0,0,-0,0,0,-0,0,0,-0,0
0,-0,0,0,-0,0,0,-0,0,0,-0,0
0,-0,0,0,-0,0,0,-0,0,0,-0,0
0,-0,0,0,-0,0,0,-0,0,0,-0,0
0,-0,0,0,-0,0,0,-0,0,0,-0,0
