0,0,0,0,0,0,0.27,0,0,0,0.1,0,0,0.22,-0.05,-0.27,0.22,0.05,-0.27,-0.183,-0.14,-0.27,-0.183,0.14,-0.27
0,0,0,0,0.001,0,0.27,0,0,0,0.1,0,0,0.219,-0.05,-0.27,0.219,0.05,-0.27,-0.184,-0.14,-0.27,-0.184,0.14,-0.27
0,0,0,0,0.002,0,0.27,0,0,0,0.1,0,0,0.218,-0.05,-0.27,0.218,0.05,-0.27,-0.185,-0.14,-0.27,-0.185,0.14,-0.27
0,0,0,0,0.003,0,0.27,0,0,0,0.1,0,0,0.217,-0.05,-0.27,0.217,0.05,-0.27,-0.186,-0.14,-0.27,-0.186,0.14,-0.27
0,0,0,0,0.004,0,0.27,0,0,0,0.1,0,0,0.216,-0.05,-0.27,0.216,0.05,-0.27,-0.187,-0.14,-0.27,-0.187,0.14,-0.27
0,0,0,0,0.005,0,0.27,0,0,0,0.1,0,0,0.215,-0.05,-0.27,0.215,0.05,-0.27,-0.188,-0.14,-0.27,-0.188,0.14,-0.27
0,0,0,0,0.006,0,0.27,0,0,0,0.1,0,0,0.214,-0.05,-0.27,0.214,0.05,-0.27,-0.189,-0.14,-0.27,-0.189,0.14,-0.27
0,0,0,0,0.007,0,0.27,0,0,0,0.1,0,0,0.213,-0.05,-0.27,0.213,0.05,-0.27,-0.19,-0.14,-0.27,-0.19,0.14,-0.27
0,0,0,0,0.008,0,0.27,0,0,0,0.1,0,0,0.212,-0.05,-0.27,0.212,0.05,-0.27,-0.191,-0.14,-0.27,-0.191,0.14,-0.27
0,0,0,0,0.009,0,0.27,0,0,0,0.1,0,0,0.211,-0.05,-0.27,0.211,0.05,-0.27,-0.192,-0.14,-0.27,-0.192,0.14,-0.27
0,0,0,0,0.01,0,0.27,0,0,0,0.1,0,0,0.21,-0.05,-0.27,0.21,0.05,-0.27,-0.193,-0.14,-0.27,-0.193,0.14,-0.27
0,0,0,0,0.011,0,0.28,0,0,0,0.4,0,0,0.21,-0.05,-0.27,0.21,0.05,-0.27,-0.193,-0.14,-0.27,-0.193,0.14,-0.27
1,0,0,0,0.011,0,0.28,0,0,0,0.4,0,0,0,0.9,-1.8,0,0.9,-1.8,-0.194,-0.14,-0.28,-0.194,0.14,-0.28
1,0,0,0,0.015,0,0.28,0,0,0,0.4,0,0,0,0.9,-1.8,0,0.9,-1.8,-0.198,-0.14,-0.28,-0.198,0.14,-0.28
1,0,0,0,0.019,0,0.28,0,0,0,0.4,0,0,0,0.9,-1.8,0,0.9,-1.8,-0.202,-0.14,-0.28,-0.202,0.14,-0.28
1,0,0,0,0.023,0,0.28,0,0,0,0.4,0,0,0,0.9,-1.8,0,0.9,-1.8,-0.206,-0.14,-0.28,-0.206,0.14,-0.28
1,0,0,0,0.027,0,0.28,0,0,0,0.4,0,0,0,0.9,-1.8,0,0.9,-1.8,-0.21,-0.14,-0.28,-0.21,0.14,-0.28
1,0,0,0,0.031,0,0.28,0,0,0,0.4,0,0,0,0.9,-1.8,0,0.9,-1.8,-0.214,-0.14,-0.28,-0.214,0.14,-0.28
1,0,0,0,0.035,0,0.28,0,0,0,0.4,0,0,0,0.9,-1.8,0,0.9,-1.8,-0.218,-0.14,-0.28,-0.218,0.14,-0.28
1,0,0,0,0.039,0,0.28,0,0,0,0.4,0,0,0,0.9,-1.8,0,0.9,-1.8,-0.222,-0.14,-0.28,-0.222,0.14,-0.28
1,0,0,0,0.043,0,0.28,0,0,0,0.4,0,0,0,0.9,-1.8,0,0.9,-1.8,-0.226,-0.14,-0.28,-0.226,0.14,-0.28
1,0,0,0,0.047,0,0.28,0,0,0,0.4,0,0,0,0.9,-1.8,0,0.9,-1.8,-0.23,-0.14,-0.28,-0.23,0.14,-0.28
1,0,0,0,0.051,0,0.28,0,0,0,0.4,0,0,0,0.9,-1.8,0,0.9,-1.8,-0.234,-0.14,-0.28,-0.234,0.14,-0.28
1,0,0,0,0.055,0,0.28,0,0,0,0.4,0,0,0,0.9,-1.8,0,0.9,-1.8,-0.238,-0.14,-0.28,-0.238,0.14,-0.28
1,0,0,0,0.059,0,0.28,0,0,0,0.4,0,0,0,0.9,-1.8,0,0.9,-1.8,-0.242,-0.14,-0.28,-0.242,0.14,-0.28
1,0,0,0,0.063,0,0.28,0,0,0,0.4,0,0,0,0.9,-1.8,0,0.9,-1.8,-0.246,-0.14,-0.28,-0.246,0.14,-0.28
1,0,0,0,0.067,0,0.28,0,0,0,0.4,0,0,0,0.9,-1.8,0,0.9,-1.8,-0.25,-0.14,-0.28,-0.25,0.14,-0.28
1,0,0,0,0.071,0,0.28,0,0,0,0.4,0,0,0,0.9,-1.8,0,0.9,-1.8,-0.254,-0.14,-0.28,-0.254,0.14,-0.28
1,0,0,0,0.075,0,0.28,0,0,0,0.4,0,0,0,0.9,-1.8,0,0.9,-1.8,-0.254,-0.14,-0.28,-0.254,0.14,-0.28
2,0,0,0,0.075,0,0.28,0,0,0,0.4,0,0,0,0.9,-1.8,0,0.9,-1.8,0,0.9,-1.8,0,0.9,-1.8
2,0,0,0,0.079,0,0.28,0,0,0,0.4,0,0,0,0.9,-1.8,0,0.9,-1.8,0,0.9,-1.8,0,0.9,-1.8
2,0,0,0,0.083,0,0.28,0,0,0,0.4,0,0,0,0.9,-1.8,0,0.9,-1.8,0,0.9,-1.8,0,0.9,-1.8
2,0,0,0,0.087,0,0.28,0,0,0,0.4,0,0,0,0.9,-1.8,0,0.9,-1.8,0,0.9,-1.8,0,0.9,-1.8
2,0,0,0,0.091,0,0.28,0,0,0,0.4,0,0,0,0.9,-1.8,0,0.9,-1.8,0,0.9,-1.8,0,0.9,-1.8
3,0,0,0,0.091,0,0.28,0,0,0,0.4,0,0,0.244,-0.05,-0.28,0.244,0.05,-0.28,0,0.9,-1.8,0,0.9,-1.8
3,0,0,0,0.095,0,0.28,0,0,0,0.4,0,0,0.24,-0.05,-0.28,0.24,0.05,-0.28,0,0.9,-1.8,0,0.9,-1.8
3,0,0,0,0.099,0,0.28,0,0,0,0.4,0,0,0.236,-0.05,-0.28,0.236,0.05,-0.28,0,0.9,-1.8,0,0.9,-1.8
3,0,0,0,0.103,0,0.28,0,0,0,0.4,0,0,0.232,-0.05,-0.28,0.232,0.05,-0.28,0,0.9,-1.8,0,0.9,-1.8
3,0,0,0,0.107,0,0.28,0,0,0,0.4,0,0,0.228,-0.05,-0.28,0.228,0.05,-0.28,0,0.9,-1.8,0,0.9,-1.8
3,0,0,0,0.111,0,0.28,0,0,0,0.4,0,0,0.224,-0.05,-0.28,0.224,0.05,-0.28,0,0.9,-1.8,0,0.9,-1.8
3,0,0,0,0.115,0,0.28,0,0,0,0.4,0,0,0.22,-0.05,-0.28,0.22,0.05,-0.28,0,0.9,-1.8,0,0.9,-1.8
3,0,0,0,0.119,0,0.28,0,0,0,0.4,0,0,0.216,-0.05,-0.28,0.216,0.05,-0.28,0,0.9,-1.8,0,0.9,-1.8
3,0,0,0,0.123,0,0.28,0,0,0,0.4,0,0,0.212,-0.05,-0.28,0.212,0.05,-0.28,0,0.9,-1.8,0,0.9,-1.8
3,0,0,0,0.127,0,0.28,0,0,0,0.4,0,0,0.208,-0.05,-0.28,0.208,0.05,-0.28,0,0.9,-1.8,0,0.9,-1.8
3,0,0,0,0.131,0,0.28,0,0,0,0.4,0,0,0.204,-0.05,-0.28,0.204,0.05,-0.28,0,0.9,-1.8,0,0.9,-1.8
3,0,0,0,0.135,0,0.28,0,0,0,0.4,0,0,0.2,-0.05,-0.28,0.2,0.05,-0.28,0,0.9,-1.8,0,0.9,-1.8
3,0,0,0,0.139,0,0.28,0,0,0,0.4,0,0,0.196,-0.05,-0.28,0.196,0.05,-0.28,0,0.9,-1.8,0,0.9,-1.8
3,0,0,0,0.143,0,0.28,0,0,0,0.4,0,0,0.192,-0.05,-0.28,0.192,0.05,-0.28,0,0.9,-1.8,0,0.9,-1.8
3,0,0,0,0.147,0,0.28,0,0,0,0.4,0,0,0.188,-0.05,-0.28,0.188,0.05,-0.28,0,0.9,-1.8,0,0.9,-1.8
3,0,0,0,0.151,0,0.28,0,0,0,0.4,0,0,0.184,-0.05,-0.28,0.184,0.05,-0.28,0,0.9,-1.8,0,0.9,-1.8
3,0,0,0,0.155,0,0.28,0,0,0,0.4,0,0,0.184,-0.05,-0.28,0.184,0.05,-0.28,0,0.9,-1.8,0,0.9,-1.8
4,0,0,0,0.155,0,0.28,0,0,0,0.4,0,0,0,0.9,-1.8,0,0.9,-1.8,0,0.9,-1.8,0,0.9,-1.8
4,0,0,0,0.159,0,0.28,0,0,0,0.4,0,0,0,0.9,-1.8,0,0.9,-1.8,0,0.9,-1.8,0,0.9,-1.8
4,0,0,0,0.163,0,0.28,0,0,0,0.4,0,0,0,0.9,-1.8,0,0.9,-1.8,0,0.9,-1.8,0,0.9,-1.8
4,0,0,0,0.167,0,0.28,0,0,0,0.4,0,0,0,0.9,-1.8,0,0.9,-1.8,0,0.9,-1.8,0,0.9,-1.8
4,0,0,0,0.171,0,0.28,0,0,0,0.8,0,0,0,0.9,-1.8,0,0.9,-1.8,0,0.9,-1.8,0,0.9,-1.8
5,0,0,0,0.171,0,0.28,0,0,0,0.8,0,0,0,0.9,-1.8,0,0.9,-1.8,-0.159,-0.14,-0.28,-0.159,0.14,-0.28
5,0,0,0,0.179,0,0.28,0,0,0,0.8,0,0,0,0.9,-1.8,0,0.9,-1.8,-0.167,-0.14,-0.28,-0.167,0.14,-0.28
5,0,0,0,0.187,0,0.28,0,0,0,0.8,0,0,0,0.9,-1.8,0,0.9,-1.8,-0.175,-0.14,-0.28,-0.175,0.14,-0.28
5,0,0,0,0.195,0,0.28,0,0,0,0.8,0,0,0,0.9,-1.8,0,0.9,-1.8,-0.183,-0.14,-0.28,-0.183,0.14,-0.28
5,0,0,0,0.203,0,0.28,0,0,0,0.8,0,0,0,0.9,-1.8,0,0.9,-1.8,-0.191,-0.14,-0.28,-0.191,0.14,-0.28
5,0,0,0,0.211,0,0.28,0,0,0,0.8,0,0,0,0.9,-1.8,0,0.9,-1.8,-0.199,-0.14,-0.28,-0.199,0.14,-0.28
5,0,0,0,0.219,0,0.28,0,0,0,0.8,0,0,0,0.9,-1.8,0,0.9,-1.8,-0.207,-0.14,-0.28,-0.207,0.14,-0.28
5,0,0,0,0.227,0,0.28,0,0,0,0.8,0,0,0,0.9,-1.8,0,0.9,-1.8,-0.215,-0.14,-0.28,-0.215,0.14,-0.28
5,0,0,0,0.235,0,0.28,0,0,0,0.8,0,0,0,0.9,-1.8,0,0.9,-1.8,-0.223,-0.14,-0.28,-0.223,0.14,-0.28
5,0,0,0,0.243,0,0.28,0,0,0,0.8,0,0,0,0.9,-1.8,0,0.9,-1.8,-0.231,-0.14,-0.28,-0.231,0.14,-0.28
5,0,0,0,0.251,0,0.28,0,0,0,0.8,0,0,0,0.9,-1.8,0,0.9,-1.8,-0.239,-0.14,-0.28,-0.239,0.14,-0.28
5,0,0,0,0.259,0,0.28,0,0,0,0.8,0,0,0,0.9,-1.8,0,0.9,-1.8,-0.247,-0.14,-0.28,-0.247,0.14,-0.28
5,0,0,0,0.267,0,0.28,0,0,0,0.8,0,0,0,0.9,-1.8,0,0.9,-1.8,-0.255,-0.14,-0.28,-0.255,0.14,-0.28
5,0,0,0,0.275,0,0.28,0,0,0,0.8,0,0,0,0.9,-1.8,0,0.9,-1.8,-0.263,-0.14,-0.28,-0.263,0.14,-0.28
5,0,0,0,0.283,0,0.28,0,0,0,0.8,0,0,0,0.9,-1.8,0,0.9,-1.8,-0.271,-0.14,-0.28,-0.271,0.14,-0.28
5,0,0,0,0.291,0,0.28,0,0,0,0.8,0,0,0,0.9,-1.8,0,0.9,-1.8,-0.271,-0.14,-0.28,-0.271,0.14,-0.28
6,0,0,0,0.291,0,0.28,0,0,0,0.8,0,0,0,0.9,-1.8,0,0.9,-1.8,0,0.9,-1.8,0,0.9,-1.8
6,0,0,0,0.299,0,0.28,0,0,0,0.8,0,0,0,0.9,-1.8,0,0.9,-1.8,0,0.9,-1.8,0,0.9,-1.8
6,0,0,0,0.307,0,0.28,0,0,0,0.8,0,0,0,0.9,-1.8,0,0.9,-1.8,0,0.9,-1.8,0,0.9,-1.8
6,0,0,0,0.315,0,0.28,0,0,0,0.8,0,0,0,0.9,-1.8,0,0.9,-1.8,0,0.9,-1.8,0,0.9,-1.8
6,0,0,0,0.323,0,0.28,0,0,0,0.8,0,0,0,0.9,-1.8,0,0.9,-1.8,0,0.9,-1.8,0,0.9,-1.8
6,0,0,0,0.331,0,0.28,0,0,0,0.8,0,0,0,0.9,-1.8,0,0.9,-1.8,0,0.9,-1.8,0,0.9,-1.8
7,0,0,0,0.331,0,0.28,0,0,0,0.8,0,0,0.268,-0.05,-0.28,0.268,0.05,-0.28,0,0.9,-1.8,0,0.9,-1.8
7,0,0,0,0.339,0,0.28,0,0,0,0.8,0,0,0.26,-0.05,-0.28,0.26,0.05,-0.28,0,0.9,-1.8,0,0.9,-1.8
7,0,0,0,0.347,0,0.28,0,0,0,0.8,0,0,0.252,-0.05,-0.28,0.252,0.05,-0.28,0,0.9,-1.8,0,0.9,-1.8
7,0,0,0,0.355,0,0.28,0,0,0,0.8,0,0,0.244,-0.05,-0.28,0.244,0.05,-0.28,0,0.9,-1.8,0,0.9,-1.8
7,0,0,0,0.363,0,0.28,0,0,0,0.8,0,0,0.236,-0.05,-0.28,0.236,0.05,-0.28,0,0.9,-1.8,0,0.9,-1.8
7,0,0,0,0.371,0,0.28,0,0,0,0.8,0,0,0.228,-0.05,-0.28,0.228,0.05,-0.28,0,0.9,-1.8,0,0.9,-1.8
7,0,0,0,0.379,0,0.28,0,0,0,0.8,0,0,0.22,-0.05,-0.28,0.22,0.05,-0.28,0,0.9,-1.8,0,0.9,-1.8
7,0,0,0,0.387,0,0.28,0,0,0,0.8,0,0,0.212,-0.05,-0.28,0.212,0.05,-0.28,0,0.9,-1.8,0,0.9,-1.8
7,0,0,0,0.395,0,0.28,0,0,0,0.8,0,0,0.204,-0.05,-0.28,0.204,0.05,-0.28,0,0.9,-1.8,0,0.9,-1.8
7,0,0,0,0.403,0,0.28,0,0,0,0.8,0,0,0.196,-0.05,-0.28,0.196,0.05,-0.28,0,0.9,-1.8,0,0.9,-1.8
7,0,0,0,0.411,0,0.28,0,0,0,0.8,0,0,0.188,-0.05,-0.28,0.188,0.05,-0.28,0,0.9,-1.8,0,0.9,-1.8
7,0,0,0,0.419,0,0.28,0,0,0,0.8,0,0,0.18,-0.05,-0.28,0.18,0.05,-0.28,0,0.9,-1.8,0,0.9,-1.8
7,0,0,0,0.427,0,0.28,0,0,0,0.8,0,0,0.172,-0.05,-0.28,0.172,0.05,-0.28,0,0.9,-1.8,0,0.9,-1.8
7,0,0,0,0.435,0,0.28,0,0,0,0.8,0,0,0.164,-0.05,-0.28,0.164,0.05,-0.28,0,0.9,-1.8,0,0.9,-1.8
7,0,0,0,0.443,0,0.28,0,0,0,0.8,0,0,0.156,-0.05,-0.28,0.156,0.05,-0.28,0,0.9,-1.8,0,0.9,-1.8
7,0,0,0,0.451,0,0.28,0,0,0,0.8,0,0,0.148,-0.05,-0.28,0.148,0.05,-0.28,0,0.9,-1.8,0,0.9,-1.8
7,0,0,0,0.459,0,0.28,0,0,0,0.8,0,0,0.148,-0.05,-0.28,0.148,0.05,-0.28,0,0.9,-1.8,0,0.9,-1.8
8,0,0,0,0.459,0,0.28,0,0,0,0.8,0,0,0,0.9,-1.8,0,0.9,-1.8,0,0.9,-1.8,0,0.9,-1.8
8,0,0,0,0.467,0,0.28,0,0,0,0.8,0,0,0,0.9,-1.8,0,0.9,-1.8,0,0.9,-1.8,0,0.9,-1.8
8,0,0,0,0.475,0,0.28,0,0,0,0.8,0,0,0,0.9,-1.8,0,0.9,-1.8,0,0.9,-1.8,0,0.9,-1.8
8,0,0,0,0.483,0,0.28,0,0,0,0.8,0,0,0,0.9,-1.8,0,0.9,-1.8,0,0.9,-1.8,0,0.9,-1.8
8,0,0,0,0.491,0,0.28,0,0,0,1.2,0,0,0,0.9,-1.8,0,0.9,-1.8,0,0.9,-1.8,0,0.9,-1.8
9,0,0,0,0.491,0,0.28,0,0,0,1.2,0,0,0,0.9,-1.8,0,0.9,-1.8,-0.135,-0.14,-0.28,-0.135,0.14,-0.28
9,0,0,0,0.503,0,0.28,0,0,0,1.2,0,0,0,0.9,-1.8,0,0.9,-1.8,-0.147,-0.14,-0.28,-0.147,0.14,-0.28
9,0,0,0,0.515,0,0.28,0,0,0,1.2,0,0,0,0.9,-1.8,0,0.9,-1.8,-0.159,-0.14,-0.28,-0.159,0.14,-0.28
9,0,0,0,0.527,0,0.28,0,0,0,1.2,0,0,0,0.9,-1.8,0,0.9,-1.8,-0.171,-0.14,-0.28,-0.171,0.14,-0.28
9,0,0,0,0.539,0,0.28,0,0,0,1.2,0,0,0,0.9,-1.8,0,0.9,-1.8,-0.183,-0.14,-0.28,-0.183,0.14,-0.28
9,0,0,0,0.551,0,0.28,0,0,0,1.2,0,0,0,0.9,-1.8,0,0.9,-1.8,-0.195,-0.14,-0.28,-0.195,0.14,-0.28
9,0,0,0,0.563,0,0.28,0,0,0,1.2,0,0,0,0.9,-1.8,0,0.9,-1.8,-0.207,-0.14,-0.28,-0.207,0.14,-0.28
9,0,0,0,0.575,0,0.28,0,0,0,1.2,0,0,0,0.9,-1.8,0,0.9,-1.8,-0.219,-0.14,-0.28,-0.219,0.14,-0.28
9,0,0,0,0.587,0,0.28,0,0,0,1.2,0,0,0,0.9,-1.8,0,0.9,-1.8,-0.231,-0.14,-0.28,-0.231,0.14,-0.28
9,0,0,0,0.599,0,0.28,0,0,0,1.2,0,0,0,0.9,-1.8,0,0.9,-1.8,-0.243,-0.14,-0.28,-0.243,0.14,-0.28
9,0,0,0,0.611,0,0.28,0,0,0,1.2,0,0,0,0.9,-1.8,0,0.9,-1.8,-0.255,-0.14,-0.28,-0.255,0.14,-0.28
9,0,0,0,0.623,0,0.28,0,0,0,1.2,0,0,0,0.9,-1.8,0,0.9,-1.8,-0.267,-0.14,-0.28,-0.267,0.14,-0.28
9,0,0,0,0.635,0,0.28,0,0,0,1.2,0,0,0,0.9,-1.8,0,0.9,-1.8,-0.279,-0.14,-0.28,-0.279,0.14,-0.28
9,0,0,0,0.647,0,0.28,0,0,0,1.2,0,0,0,0.9,-1.8,0,0.9,-1.8,-0.291,-0.14,-0.28,-0.291,0.14,-0.28
9,0,0,0,0.659,0,0.28,0,0,0,1.2,0,0,0,0.9,-1.8,0,0.9,-1.8,-0.303,-0.14,-0.28,-0.303,0.14,-0.28
9,0,0,0,0.671,0,0.28,0,0,0,1.2,0,0,0,0.9,-1.8,0,0.9,-1.8,-0.303,-0.14,-0.28,-0.303,0.14,-0.28
10,0,0,0,0.671,0,0.28,0,0,0,1.2,0,0,0,0.9,-1.8,0,0.9,-1.8,0,0.9,-1.8,0,0.9,-1.8
10,0,0,0,0.683,0,0.28,0,0,0,1.2,0,0,0,0.9,-1.8,0,0.9,-1.8,0,0.9,-1.8,0,0.9,-1.8
10,0,0,0,0.695,0,0.28,0,0,0,1.2,0,0,0,0.9,-1.8,0,0.9,-1.8,0,0.9,-1.8,0,0.9,-1.8
10,0,0,0,0.707,0,0.28,0,0,0,1.2,0,0,0,0.9,-1.8,0,0.9,-1.8,0,0.9,-1.8,0,0.9,-1.8
10,0,0,0,0.719,0,0.28,0,0,0,1.2,0,0,0,0.9,-1.8,0,0.9,-1.8,0,0.9,-1.8,0,0.9,-1.8
10,0,0,0,0.731,0,0.28,0,0,0,1.2,0,0,0,0.9,-1.8,0,0.9,-1.8,0,0.9,-1.8,0,0.9,-1.8
11,0,0,0,0.731,0,0.28,0,0,0,1.2,0,0,0.292,-0.05,-0.28,0.292,0.05,-0.28,0,0.9,-1.8,0,0.9,-1.8
11,0,0,0,0.743,0,0.28,0,0,0,1.2,0,0,0.28,-0.05,-0.28,0.28,0.05,-0.28,0,0.9,-1.8,0,0.9,-1.8
11,0,0,0,0.755,0,0.28,0,0,0,1.2,0,0,0.268,-0.05,-0.28,0.268,0.05,-0.28,0,0.9,-1.8,0,0.9,-1.8
11,0,0,0,0.767,0,0.28,0,0,0,1.2,0,0,0.256,-0.05,-0.28,0.256,0.05,-0.28,0,0.9,-1.8,0,0.9,-1.8
11,0,0,0,0.779,0,0.28,0,0,0,1.2,0,0,0.244,-0.05,-0.28,0.244,0.05,-0.28,0,0.9,-1.8,0,0.9,-1.8
11,0,0,0,0.791,0,0.28,0,0,0,1.2,0,0,0.232,-0.05,-0.28,0.232,0.05,-0.28,0,0.9,-1.8,0,0.9,-1.8
11,0,0,0,0.803,0,0.28,0,0,0,1.2,0,0,0.22,-0.05,-0.28,0.22,0.05,-0.28,0,0.9,-1.8,0,0.9,-1.8
11,0,0,0,0.815,0,0.28,0,0,0,1.2,0,0,0.208,-0.05,-0.28,0.208,0.05,-0.28,0,0.9,-1.8,0,0.9,-1.8
11,0,0,0,0.827,0,0.28,0,0,0,1.2,0,0,0.196,-0.05,-0.28,0.196,0.05,-0.28,0,0.9,-1.8,0,0.9,-1.8
11,0,0,0,0.839,0,0.28,0,0,0,1.2,0,0,0.184,-0.05,-0.28,0.184,0.05,-0.28,0,0.9,-1.8,0,0.9,-1.8
11,0,0,0,0.851,0,0.28,0,0,0,1.2,0,0,0.172,-0.05,-0.28,0.172,0.05,-0.28,0,0.9,-1.8,0,0.9,-1.8
11,0,0,0,0.863,0,0.28,0,0,0,1.2,0,0,0.16,-0.05,-0.28,0.16,0.05,-0.28,0,0.9,-1.8,0,0.9,-1.8
11,0,0,0,0.875,0,0.28,0,0,0,1.2,0,0,0.148,-0.05,-0.28,0.148,0.05,-0.28,0,0.9,-1.8,0,0.9,-1.8
11,0,0,0,0.887,0,0.28,0,0,0,1.2,0,0,0.136,-0.05,-0.28,0.136,0.05,-0.28,0,0.9,-1.8,0,0.9,-1.8
11,0,0,0,0.899,0,0.28,0,0,0,1.2,0,0,0.124,-0.05,-0.28,0.124,0.05,-0.28,0,0.9,-1.8,0,0.9,-1.8
11,0,0,0,0.911,0,0.28,0,0,0,1.2,0,0,0.112,-0.05,-0.28,0.112,0.05,-0.28,0,0.9,-1.8,0,0.9,-1.8
11,0,0,0,0.923,0,0.28,0,0,0,1.2,0,0,0.112,-0.05,-0.28,0.112,0.05,-0.28,0,0.9,-1.8,0,0.9,-1.8
12,0,0,0,0.923,0,0.28,0,0,0,1.2,0,0,0,0.9,-1.8,0,0.9,-1.8,0,0.9,-1.8,0,0.9,-1.8
12,0,0,0,0.935,0,0.28,0,0,0,1.2,0,0,0,0.9,-1.8,0,0.9,-1.8,0,0.9,-1.8,0,0.9,-1.8
12,0,0,0,0.947,0,0.28,0,0,0,1.2,0,0,0,0.9,-1.8,0,0.9,-1.8,0,0.9,-1.8,0,0.9,-1.8
12,0,0,0,0.959,0,0.28,0,0,0,1.2,0,0,0,0.9,-1.8,0,0.9,-1.8,0,0.9,-1.8,0,0.9,-1.8
12,0,0,0,0.971,0,0.28,0,0,0,1.2,0,0,0,0.9,-1.8,0,0.9,-1.8,0,0.9,-1.8,0,0.9,-1.8
13,0,0,0,0.971,0,0.28,0,0,0,1.2,0,0,0,0.9,-1.8,0,0.9,-1.8,-0.111,-0.14,-0.28,-0.111,0.14,-0.28
13,0,0,0,0.983,0,0.28,0,0,0,1.2,0,0,0,0.9,-1.8,0,0.9,-1.8,-0.123,-0.14,-0.28,-0.123,0.14,-0.28
13,0,0,0,0.995,0,0.28,0,0,0,1.2,0,0,0,0.9,-1.8,0,0.9,-1.8,-0.135,-0.14,-0.28,-0.135,0.14,-0.28
13,0,0,0,1.007,0,0.28,0,0,0,1.2,0,0,0,0.9,-1.8,0,0.9,-1.8,-0.147,-0.14,-0.28,-0.147,0.14,-0.28
13,0,0,0,1.019,0,0.28,0,0,0,1.2,0,0,0,0.9,-1.8,0,0.9,-1.8,-0.159,-0.14,-0.28,-0.159,0.14,-0.28
13,0,0,0,1.031,0,0.28,0,0,0,1.2,0,0,0,0.9,-1.8,0,0.9,-1.8,-0.171,-0.14,-0.28,-0.171,0.14,-0.28
13,0,0,0,1.043,0,0.28,0,0,0,1.2,0,0,0,0.9,-1.8,0,0.9,-1.8,-0.183,-0.14,-0.28,-0.183,0.14,-0.28
13,0,0,0,1.055,0,0.28,0,0,0,1.2,0,0,0,0.9,-1.8,0,0.9,-1.8,-0.195,-0.14,-0.28,-0.195,0.14,-0.28
13,0,0,0,1.067,0,0.28,0,0,0,1.2,0,0,0,0.9,-1.8,0,0.9,-1.8,-0.207,-0.14,-0.28,-0.207,0.14,-0.28
13,0,0,0,1.079,0,0.28,0,0,0,1.2,0,0,0,0.9,-1.8,0,0.9,-1.8,-0.219,-0.14,-0.28,-0.219,0.14,-0.28
13,0,0,0,1.091,0,0.28,0,0,0,1.2,0,0,0,0.9,-1.8,0,0.9,-1.8,-0.231,-0.14,-0.28,-0.231,0.14,-0.28
13,0,0,0,1.103,0,0.28,0,0,0,1.2,0,0,0,0.9,-1.8,0,0.9,-1.8,-0.243,-0.14,-0.28,-0.243,0.14,-0.28
13,0,0,0,1.115,0,0.28,0,0,0,1.2,0,0,0,0.9,-1.8,0,0.9,-1.8,-0.255,-0.14,-0.28,-0.255,0.14,-0.28
13,0,0,0,1.127,0,0.28,0,0,0,1.2,0,0,0,0.9,-1.8,0,0.9,-1.8,-0.267,-0.14,-0.28,-0.267,0.14,-0.28
13,0,0,0,1.139,0,0.28,0,0,0,1.2,0,0,0,0.9,-1.8,0,0.9,-1.8,-0.279,-0.14,-0.28,-0.279,0.14,-0.28
13,0,0,0,1.151,0,0.28,0,0,0,1.2,0,0,0,0.9,-1.8,0,0.9,-1.8,-0.291,-0.14,-0.28,-0.291,0.14,-0.28
13,0,0,0,1.163,0,0.28,0,0,0,1.2,0,0,0,0.9,-1.8,0,0.9,-1.8,-0.291,-0.14,-0.28,-0.291,0.14,-0.28
14,0,0,0,1.163,0,0.28,0,0,0,1.2,0,0,0,0.9,-1.8,0,0.9,-1.8,0,0.9,-1.8,0,0.9,-1.8
14,0,0,0,1.175,0,0.28,0,0,0,1.2,0,0,0,0.9,-1.8,0,0.9,-1.8,0,0.9,-1.8,0,0.9,-1.8
14,0,0,0,1.187,0,0.28,0,0,0,1.2,0,0,0,0.9,-1.8,0,0.9,-1.8,0,0.9,-1.8,0,0.9,-1.8
14,0,0,0,1.199,0,0.28,0,0,0,1.2,0,0,0,0.9,-1.8,0,0.9,-1.8,0,0.9,-1.8,0,0.9,-1.8
14,0,0,0,1.211,0,0.28,0,0,0,1.2,0,0,0,0.9,-1.8,0,0.9,-1.8,0,0.9,-1.8,0,0.9,-1.8
15,0,0,0,1.211,0,0.28,0,0,0,1.2,0,0,0.292,-0.05,-0.28,0.292,0.05,-0.28,0,0.9,-1.8,0,0.9,-1.8
15,0,0,0,1.223,0,0.28,0,0,0,1.2,0,0,0.28,-0.05,-0.28,0.28,0.05,-0.28,0,0.9,-1.8,0,0.9,-1.8
15,0,0,0,1.235,0,0.28,0,0,0,1.2,0,0,0.268,-0.05,-0.28,0.268,0.05,-0.28,0,0.9,-1.8,0,0.9,-1.8
15,0,0,0,1.247,0,0.28,0,0,0,1.2,0,0,0.256,-0.05,-0.28,0.256,0.05,-0.28,0,0.9,-1.8,0,0.9,-1.8
15,0,0,0,1.259,0,0.28,0,0,0,1.2,0,0,0.244,-0.05,-0.28,0.244,0.05,-0.28,0,0.9,-1.8,0,0.9,-1.8
15,0,0,0,1.271,0,0.28,0,0,0,1.2,0,0,0.232,-0.05,-0.28,0.232,0.05,-0.28,0,0.9,-1.8,0,0.9,-1.8
15,0,0,0,1.283,0,0.28,0,0,0,1.2,0,0,0.22,-0.05,-0.28,0.22,0.05,-0.28,0,0.9,-1.8,0,0.9,-1.8
15,0,0,0,1.295,0,0.28,0,0,0,1.2,0,0,0.208,-0.05,-0.28,0.208,0.05,-0.28,0,0.9,-1.8,0,0.9,-1.8
15,0,0,0,1.307,0,0.28,0,0,0,1.2,0,0,0.196,-0.05,-0.28,0.196,0.05,-0.28,0,0.9,-1.8,0,0.9,-1.8
15,0,0,0,1.319,0,0.28,0,0,0,1.2,0,0,0.184,-0.05,-0.28,0.184,0.05,-0.28,0,0.9,-1.8,0,0.9,-1.8
15,0,0,0,1.331,0,0.28,0,0,0,1.2,0,0,0.172,-0.05,-0.28,0.172,0.05,-0.28,0,0.9,-1.8,0,0.9,-1.8
15,0,0,0,1.343,0,0.28,0,0,0,1.2,0,0,0.16,-0.05,-0.28,0.16,0.05,-0.28,0,0.9,-1.8,0,0.9,-1.8
15,0,0,0,1.355,0,0.28,0,0,0,1.2,0,0,0.148,-0.05,-0.28,0.148,0.05,-0.28,0,0.9,-1.8,0,0.9,-1.8
15,0,0,0,1.367,0,0.28,0,0,0,1.2,0,0,0.136,-0.05,-0.28,0.136,0.05,-0.28,0,0.9,-1.8,0,0.9,-1.8
15,0,0,0,1.379,0,0.28,0,0,0,1.2,0,0,0.124,-0.05,-0.28,0.124,0.05,-0.28,0,0.9,-1.8,0,0.9,-1.8
15,0,0,0,1.391,0,0.28,0,0,0,1.2,0,0,0.124,-0.05,-0.28,0.124,0.05,-0.28,0,0.9,-1.8,0,0.9,-1.8
16,0,0,0,1.391,0,0.28,0,0,0,1.2,0,0,0,0.9,-1.8,0,0.9,-1.8,0,0.9,-1.8,0,0.9,-1.8
16,0,0,0,1.403,0,0.28,0,0,0,1.2,0,0,0,0.9,-1.8,0,0.9,-1.8,0,0.9,-1.8,0,0.9,-1.8
16,0,0,0,1.415,0,0.28,0,0,0,1.2,0,0,0,0.9,-1.8,0,0.9,-1.8,0,0.9,-1.8,0,0.9,-1.8
16,0,0,0,1.427,0,0.28,0,0,0,1.2,0,0,0,0.9,-1.8,0,0.9,-1.8,0,0.9,-1.8,0,0.9,-1.8
16,0,0,0,1.439,0,0.28,0,0,0,1.2,0,0,0,0.9,-1.8,0,0.9,-1.8,0,0.9,-1.8,0,0.9,-1.8
16,0,0,0,1.451,0,0.28,0,0,0,1.5,0,0,0,0.9,-1.8,0,0.9,-1.8,0,0.9,-1.8,0,0.9,-1.8
17,0,0,0,1.451,0,0.28,0,0,0,1.5,0,0,0,0.9,-1.8,0,0.9,-1.8,-0.111,-0.14,-0.28,-0.111,0.14,-0.28
17,0,0,0,1.466,0,0.28,0,0,0,1.5,0,0,0,0.9,-1.8,0,0.9,-1.8,-0.126,-0.14,-0.28,-0.126,0.14,-0.28
17,0,0,0,1.481,0,0.28,0,0,0,1.5,0,0,0,0.9,-1.8,0,0.9,-1.8,-0.141,-0.14,-0.28,-0.141,0.14,-0.28
17,0,0,0,1.496,0,0.28,0,0,0,1.5,0,0,0,0.9,-1.8,0,0.9,-1.8,-0.156,-0.14,-0.28,-0.156,0.14,-0.28
17,0,0,0,1.511,0,0.28,0,0,0,1.5,0,0,0,0.9,-1.8,0,0.9,-1.8,-0.171,-0.14,-0.28,-0.171,0.14,-0.28
17,0,0,0,1.526,0,0.28,0,0,0,1.5,0,0,0,0.9,-1.8,0,0.9,-1.8,-0.186,-0.14,-0.28,-0.186,0.14,-0.28
17,0,0,0,1.541,0,0.28,0,0,0,1.5,0,0,0,0.9,-1.8,0,0.9,-1.8,-0.201,-0.14,-0.28,-0.201,0.14,-0.28
17,0,0,0,1.556,0,0.28,0,0,0,1.5,0,0,0,0.9,-1.8,0,0.9,-1.8,-0.216,-0.14,-0.28,-0.216,0.14,-0.28
17,0,0,0,1.571,0,0.28,0,0,0,1.5,0,0,0,0.9,-1.8,0,0.9,-1.8,-0.231,-0.14,-0.28,-0.231,0.14,-0.28
17,0,0,0,1.586,0,0.28,0,0,0,1.5,0,0,0,0.9,-1.8,0,0.9,-1.8,-0.246,-0.14,-0.28,-0.246,0.14,-0.28
17,0,0,0,1.601,0,0.28,0,0,0,1.5,0,0,0,0.9,-1.8,0,0.9,-1.8,-0.261,-0.14,-0.28,-0.261,0.14,-0.28
17,0,0,0,1.616,0,0.28,0,0,0,1.5,0,0,0,0.9,-1.8,0,0.9,-1.8,-0.276,-0.14,-0.28,-0.276,0.14,-0.28
17,0,0,0,1.631,0,0.28,0,0,0,1.5,0,0,0,0.9,-1.8,0,0.9,-1.8,-0.291,-0.14,-0.28,-0.291,0.14,-0.28
17,0,0,0,1.646,0,0.28,0,0,0,1.5,0,0,0,0.9,-1.8,0,0.9,-1.8,-0.306,-0.14,-0.28,-0.306,0.14,-0.28
17,0,0,0,1.661,0,0.28,0,0,0,1.5,0,0,0,0.9,-1.8,0,0.9,-1.8,-0.321,-0.14,-0.28,-0.321,0.14,-0.28
17,0,0,0,1.676,0,0.28,0,0,0,1.5,0,0,0,0.9,-1.8,0,0.9,-1.8,-0.336,-0.14,-0.28,-0.336,0.14,-0.28
17,0,0,0,1.691,0,0.28,0,0,0,1.5,0,0,0,0.9,-1.8,0,0.9,-1.8,-0.336,-0.14,-0.28,-0.336,0.14,-0.28
18,0,0,0,1.691,0,0.28,0,0,0,1.5,0,0,0,0.9,-1.8,0,0.9,-1.8,0,0.9,-1.8,0,0.9,-1.8
18,0,0,0,1.706,0,0.28,0,0,0,1.5,0,0,0,0.9,-1.8,0,0.9,-1.8,0,0.9,-1.8,0,0.9,-1.8
18,0,0,0,1.721,0,0.28,0,0,0,1.5,0,0,0,0.9,-1.8,0,0.9,-1.8,0,0.9,-1.8,0,0.9,-1.8
18,0,0,0,1.736,0,0.28,0,0,0,1.5,0,0,0,0.9,-1.8,0,0.9,-1.8,0,0.9,-1.8,0,0.9,-1.8
18,0,0,0,1.751,0,0.28,0,0,0,1.5,0,0,0,0.9,-1.8,0,0.9,-1.8,0,0.9,-1.8,0,0.9,-1.8
19,0,0,0,1.751,0,0.28,0,0,0,1.5,0,0,0.31,-0.05,-0.28,0.31,0.05,-0.28,0,0.9,-1.8,0,0.9,-1.8
19,0,0,0,1.766,0,0.28,0,0,0,1.5,0,0,0.295,-0.05,-0.28,0.295,0.05,-0.28,0,0.9,-1.8,0,0.9,-1.8
19,0,0,0,1.781,0,0.28,0,0,0,1.5,0,0,0.28,-0.05,-0.28,0.28,0.05,-0.28,0,0.9,-1.8,0,0.9,-1.8
19,0,0,0,1.796,0,0.28,0,0,0,1.5,0,0,0.265,-0.05,-0.28,0.265,0.05,-0.28,0,0.9,-1.8,0,0.9,-1.8
19,0,0,0,1.811,0,0.28,0,0,0,1.5,0,0,0.25,-0.05,-0.28,0.25,0.05,-0.28,0,0.9,-1.8,0,0.9,-1.8
19,0,0,0,1.826,0,0.28,0,0,0,1.5,0,0,0.235,-0.05,-0.28,0.235,0.05,-0.28,0,0.9,-1.8,0,0.9,-1.8
19,0,0,0,1.841,0,0.28,0,0,0,1.5,0,0,0.22,-0.05,-0.28,0.22,0.05,-0.28,0,0.9,-1.8,0,0.9,-1.8
19,0,0,0,1.856,0,0.28,0,0,0,1.5,0,0,0.205,-0.05,-0.28,0.205,0.05,-0.28,0,0.9,-1.8,0,0.9,-1.8
19,0,0,0,1.871,0,0.28,0,0,0,1.5,0,0,0.19,-0.05,-0.28,0.19,0.05,-0.28,0,0.9,-1.8,0,0.9,-1.8
19,0,0,0,1.886,0,0.28,0,0,0,1.5,0,0,0.175,-0.05,-0.28,0.175,0.05,-0.28,0,0.9,-1.8,0,0.9,-1.8
19,0,0,0,1.901,0,0.28,0,0,0,1.5,0,0,0.16,-0.05,-0.28,0.16,0.05,-0.28,0,0.9,-1.8,0,0.9,-1.8
19,0,0,0,1.916,0,0.28,0,0,0,1.5,0,0,0.145,-0.05,-0.28,0.145,0.05,-0.28,0,0.9,-1.8,0,0.9,-1.8
19,0,0,0,1.931,0,0.28,0,0,0,1.5,0,0,0.13,-0.05,-0.28,0.13,0.05,-0.28,0,0.9,-1.8,0,0.9,-1.8
19,0,0,0,1.946,0,0.28,0,0,0,1.5,0,0,0.115,-0.05,-0.28,0.115,0.05,-0.28,0,0.9,-1.8,0,0.9,-1.8
19,0,0,0,1.961,0,0.28,0,0,0,1.5,0,0,0.0999999999999999,-0.05,-0.28,0.0999999999999999,0.05,-0.28,0,0.9,-1.8,0,0.9,-1.8
19,0,0,0,1.976,0,0.28,0,0,0,1.5,0,0,0.085,-0.05,-0.28,0.085,0.05,-0.28,0,0.9,-1.8,0,0.9,-1.8
19,0,0,0,1.991,0,0.28,0,0,0,1.5,0,0,0.085,-0.05,-0.28,0.085,0.05,-0.28,0,0.9,-1.8,0,0.9,-1.8
20,0,0,0,1.991,0,0.28,0,0,0,1.5,0,0,0,0.9,-1.8,0,0.9,-1.8,0,0.9,-1.8,0,0.9,-1.8
20,0,0,0,2.006,0,0.28,0,0,0,1.5,0,0,0,0.9,-1.8,0,0.9,-1.8,0,0.9,-1.8,0,0.9,-1.8
20,0,0,0,2.021,0,0.28,0,0,0,1.5,0,0,0,0.9,-1.8,0,0.9,-1.8,0,0.9,-1.8,0,0.9,-1.8
20,0,0,0,2.036,0,0.28,0,0,0,1.5,0,0,0,0.9,-1.8,0,0.9,-1.8,0,0.9,-1.8,0,0.9,-1.8
20,0,0,0,2.051,0,0.28,0,0,0,1.5,0,0,0,0.9,-1.8,0,0.9,-1.8,0,0.9,-1.8,0,0.9,-1.8
21,0,0,0,2.051,0,0.28,0,0,0,1.5,0,0,0,0.9,-1.8,0,0.9,-1.8,-0.0930000000000002,-0.14,-0.28,-0.0930000000000002,0.14,-0.28
21,0,0,0,2.066,0,0.28,0,0,0,1.5,0,0,0,0.9,-1.8,0,0.9,-1.8,-0.108,-0.14,-0.28,-0.108,0.14,-0.28
21,0,0,0,2.081,0,0.28,0,0,0,1.5,0,0,0,0.9,-1.8,0,0.9,-1.8,-0.123,-0.14,-0.28,-0.123,0.14,-0.28
21,0,0,0,2.096,0,0.28,0,0,0,1.5,0,0,0,0.9,-1.8,0,0.9,-1.8,-0.138,-0.14,-0.28,-0.138,0.14,-0.28
21,0,0,0,2.111,0,0.28,0,0,0,1.5,0,0,0,0.9,-1.8,0,0.9,-1.8,-0.153,-0.14,-0.28,-0.153,0.14,-0.28
21,0,0,0,2.126,0,0.28,0,0,0,1.5,0,0,0,0.9,-1.8,0,0.9,-1.8,-0.168,-0.14,-0.28,-0.168,0.14,-0.28
21,0,0,0,2.141,0,0.28,0,0,0,1.5,0,0,0,0.9,-1.8,0,0.9,-1.8,-0.183,-0.14,-0.28,-0.183,0.14,-0.28
21,0,0,0,2.156,0,0.28,0,0,0,1.5,0,0,0,0.9,-1.8,0,0.9,-1.8,-0.198,-0.14,-0.28,-0.198,0.14,-0.28
21,0,0,0,2.171,0,0.28,0,0,0,1.5,0,0,0,0.9,-1.8,0,0.9,-1.8,-0.213,-0.14,-0.28,-0.213,0.14,-0.28
21,0,0,0,2.186,0,0.28,0,0,0,1.5,0,0,0,0.9,-1.8,0,0.9,-1.8,-0.228,-0.14,-0.28,-0.228,0.14,-0.28
21,0,0,0,2.201,0,0.28,0,0,0,1.5,0,0,0,0.9,-1.8,0,0.9,-1.8,-0.243,-0.14,-0.28,-0.243,0.14,-0.28
21,0,0,0,2.216,0,0.28,0,0,0,1.5,0,0,0,0.9,-1.8,0,0.9,-1.8,-0.258,-0.14,-0.28,-0.258,0.14,-0.28
21,0,0,0,2.231,0,0.28,0,0,0,1.5,0,0,0,0.9,-1.8,0,0.9,-1.8,-0.273,-0.14,-0.28,-0.273,0.14,-0.28
21,0,0,0,2.246,0,0.28,0,0,0,1.5,0,0,0,0.9,-1.8,0,0.9,-1.8,-0.288,-0.14,-0.28,-0.288,0.14,-0.28
21,0,0,0,2.261,0,0.28,0,0,0,1.5,0,0,0,0.9,-1.8,0,0.9,-1.8,-0.303,-0.14,-0.28,-0.303,0.14,-0.28
21,0,0,0,2.276,0,0.28,0,0,0,1.5,0,0,0,0.9,-1.8,0,0.9,-1.8,-0.303,-0.14,-0.28,-0.303,0.14,-0.28
22,0,0,0,2.276,0,0.28,0,0,0,1.5,0,0,0,0.9,-1.8,0,0.9,-1.8,0,0.9,-1.8,0,0.9,-1.8
22,0,0,0,2.291,0,0.28,0,0,0,1.5,0,0,0,0.9,-1.8,0,0.9,-1.8,0,0.9,-1.8,0,0.9,-1.8
22,0,0,0,2.306,0,0.28,0,0,0,1.5,0,0,0,0.9,-1.8,0,0.9,-1.8,0,0.9,-1.8,0,0.9,-1.8
22,0,0,0,2.321,0,0.28,0,0,0,1.5,0,0,0,0.9,-1.8,0,0.9,-1.8,0,0.9,-1.8,0,0.9,-1.8
22,0,0,0,2.336,0,0.28,0,0,0,1.5,0,0,0,0.9,-1.8,0,0.9,-1.8,0,0.9,-1.8,0,0.9,-1.8
23,0,0,0,2.336,0,0.28,0,0,0,1.5,0,0,0.31,-0.05,-0.28,0.31,0.05,-0.28,0,0.9,-1.8,0,0.9,-1.8
23,0,0,0,2.351,0,0.28,0,0,0,1.5,0,0,0.295,-0.05,-0.28,0.295,0.05,-0.28,0,0.9,-1.8,0,0.9,-1.8
23,0,0,0,2.366,0,0.28,0,0,0,1.5,0,0,0.28,-0.05,-0.28,0.28,0.05,-0.28,0,0.9,-1.8,0,0.9,-1.8
23,0,0,0,2.381,0,0.28,0,0,0,1.5,0,0,0.265,-0.05,-0.28,0.265,0.05,-0.28,0,0.9,-1.8,0,0.9,-1.8
23,0,0,0,2.396,0,0.28,0,0,0,1.5,0,0,0.25,-0.05,-0.28,0.25,0.05,-0.28,0,0.9,-1.8,0,0.9,-1.8
23,0,0,0,2.411,0,0.28,0,0,0,1.5,0,0,0.235,-0.05,-0.28,0.235,0.05,-0.28,0,0.9,-1.8,0,0.9,-1.8
23,0,0,0,2.426,0,0.28,0,0,0,1.5,0,0,0.22,-0.05,-0.28,0.22,0.05,-0.28,0,0.9,-1.8,0,0.9,-1.8
23,0,0,0,2.441,0,0.28,0,0,0,1.5,0,0,0.205,-0.05,-0.28,0.205,0.05,-0.28,0,0.9,-1.8,0,0.9,-1.8
23,0,0,0,2.456,0,0.28,0,0,0,1.5,0,0,0.19,-0.05,-0.28,0.19,0.05,-0.28,0,0.9,-1.8,0,0.9,-1.8
23,0,0,0,2.471,0,0.28,0,0,0,1.5,0,0,0.175,-0.05,-0.28,0.175,0.05,-0.28,0,0.9,-1.8,0,0.9,-1.8
23,0,0,0,2.486,0,0.28,0,0,0,1.5,0,0,0.16,-0.05,-0.28,0.16,0.05,-0.28,0,0.9,-1.8,0,0.9,-1.8
23,0,0,0,2.501,0,0.28,0,0,0,1.5,0,0,0.145,-0.05,-0.28,0.145,0.05,-0.28,0,0.9,-1.8,0,0.9,-1.8
23,0,0,0,2.516,0,0.28,0,0,0,1.5,0,0,0.13,-0.05,-0.28,0.13,0.05,-0.28,0,0.9,-1.8,0,0.9,-1.8
23,0,0,0,2.531,0,0.28,0,0,0,1.5,0,0,0.115,-0.05,-0.28,0.115,0.05,-0.28,0,0.9,-1.8,0,0.9,-1.8
23,0,0,0,2.546,0,0.28,0,0,0,1.5,0,0,0.1,-0.05,-0.28,0.1,0.05,-0.28,0,0.9,-1.8,0,0.9,-1.8
23,0,0,0,2.561,0,0.28,0,0,0,1.5,0,0,0.085,-0.05,-0.28,0.085,0.05,-0.28,0,0.9,-1.8,0,0.9,-1.8
23,0,0,0,2.576,0,0.28,0,0,0,1.5,0,0,0.0699999999999998,-0.05,-0.28,0.0699999999999998,0.05,-0.28,0,0.9,-1.8,0,0.9,-1.8
23,0,0,0,2.591,0,0.28,0,0,0,1.5,0,0,0.0699999999999998,-0.05,-0.28,0.0699999999999998,0.05,-0.28,0,0.9,-1.8,0,0.9,-1.8
24,0,0,0,2.591,0,0.28,0,0,0,1.5,0,0,0,0.9,-1.8,0,0.9,-1.8,0,0.9,-1.8,0,0.9,-1.8
24,0,0,0,2.606,0,0.28,0,0,0,1.5,0,0,0,0.9,-1.8,0,0.9,-1.8,0,0.9,-1.8,0,0.9,-1.8
24,0,0,0,2.621,0,0.28,0,0,0,1.5,0,0,0,0.9,-1.8,0,0.9,-1.8,0,0.9,-1.8,0,0.9,-1.8
24,0,0,0,2.636,0,0.28,0,0,0,1.5,0,0,0,0.9,-1.8,0,0.9,-1.8,0,0.9,-1.8,0,0.9,-1.8
24,0,0,0,2.651,0,0.28,0,0,0,2.4,0,0,0,0.9,-1.8,0,0.9,-1.8,0,0.9,-1.8,0,0.9,-1.8
25,0,0,0,2.651,0,0.28,0,0,0,2.4,0,0,0,0.9,-1.8,0,0.9,-1.8,-0.093,-0.14,-0.28,-0.093,0.14,-0.28
25,0,0,0,2.675,0,0.28,0,0,0,2.4,0,0,0,0.9,-1.8,0,0.9,-1.8,-0.117,-0.14,-0.28,-0.117,0.14,-0.28
25,0,0,0,2.699,0,0.28,0,0,0,2.4,0,0,0,0.9,-1.8,0,0.9,-1.8,-0.141,-0.14,-0.28,-0.141,0.14,-0.28
25,0,0,0,2.723,0,0.28,0,0,0,2.4,0,0,0,0.9,-1.8,0,0.9,-1.8,-0.165,-0.14,-0.28,-0.165,0.14,-0.28
25,0,0,0,2.747,0,0.28,0,0,0,2.4,0,0,0,0.9,-1.8,0,0.9,-1.8,-0.189,-0.14,-0.28,-0.189,0.14,-0.28
25,0,0,0,2.771,0,0.28,0,0,0,2.4,0,0,0,0.9,-1.8,0,0.9,-1.8,-0.213,-0.14,-0.28,-0.213,0.14,-0.28
25,0,0,0,2.795,0,0.28,0,0,0,2.4,0,0,0,0.9,-1.8,0,0.9,-1.8,-0.237,-0.14,-0.28,-0.237,0.14,-0.28
25,0,0,0,2.819,0,0.28,0,0,0,2.4,0,0,0,0.9,-1.8,0,0.9,-1.8,-0.261,-0.14,-0.28,-0.261,0.14,-0.28
25,0,0,0,2.843,0,0.28,0,0,0,2.4,0,0,0,0.9,-1.8,0,0.9,-1.8,-0.285,-0.14,-0.28,-0.285,0.14,-0.28
25,0,0,0,2.867,0,0.28,0,0,0,2.4,0,0,0,0.9,-1.8,0,0.9,-1.8,-0.309,-0.14,-0.28,-0.309,0.14,-0.28
25,0,0,0,2.891,0,0.28,0,0,0,2.4,0,0,0,0.9,-1.8,0,0.9,-1.8,-0.333,-0.14,-0.28,-0.333,0.14,-0.28
25,0,0,0,2.915,0,0.28,0,0,0,2.4,0,0,0,0.9,-1.8,0,0.9,-1.8,-0.357,-0.14,-0.28,-0.357,0.14,-0.28
25,0,0,0,2.939,0,0.28,0,0,0,2.4,0,0,0,0.9,-1.8,0,0.9,-1.8,-0.381,-0.14,-0.28,-0.381,0.14,-0.28
25,0,0,0,2.963,0,0.39,0,0,0,2.4,0,0,0,0.9,-1.8,0,0.9,-1.8,-0.381,-0.14,-0.28,-0.381,0.14,-0.28
26,0,0,0,2.963,0,0.39,0,0,0,2.4,0,0,0,0.9,-1.8,0,0.9,-1.8,0,0.9,-1.8,0,0.9,-1.8
26,0,0,0,2.987,0,0.39,0,0,0,2.4,0,0,0,0.9,-1.8,0,0.9,-1.8,0,0.9,-1.8,0,0.9,-1.8
26,0,0,0,3.011,0,0.39,0,0,0,2.4,0,0,0,0.9,-1.8,0,0.9,-1.8,0,0.9,-1.8,0,0.9,-1.8
26,0,0,0,3.035,0,0.39,0,0,0,2.4,0,0,0,0.9,-1.8,0,0.9,-1.8,0,0.9,-1.8,0,0.9,-1.8
26,0,0,0,3.059,0,0.39,0,0,0,2.4,0,0,0,0.9,-1.8,0,0.9,-1.8,0,0.9,-1.8,0,0.9,-1.8
26,0,0,0,3.083,0,0.39,0,0,0,2.4,0,0,0,0.9,-1.8,0,0.9,-1.8,0,0.9,-1.8,0,0.9,-1.8
26,0,0,0,3.107,0,0.39,0,0,0,2.4,0,0,0,0.9,-1.8,0,0.9,-1.8,0,0.9,-1.8,0,0.9,-1.8
26,0,0,0,3.131,0,0.39,0,0,0,2.4,0,0,0,0.9,-1.8,0,0.9,-1.8,0,0.9,-1.8,0,0.9,-1.8
26,0,0,0,3.155,0,0.39,0,0,0,2.4,0,0,0,0.9,-1.8,0,0.9,-1.8,0,0.9,-1.8,0,0.9,-1.8
26,0,0,0,3.179,0,0.39,0,0,0,2.4,0,0,0,0.9,-1.8,0,0.9,-1.8,0,0.9,-1.8,0,0.9,-1.8
26,0,0,0,3.203,0,0.39,0,0,0,2.4,0,0,0,0.9,-1.8,0,0.9,-1.8,0,0.9,-1.8,0,0.9,-1.8
26,0,0,0,3.227,0,0.39,0,0,0,2.4,0,0,0,0.9,-1.8,0,0.9,-1.8,0,0.9,-1.8,0,0.9,-1.8
26,0,0,0,3.251,0,0.39,0,0,0,2.4,0,0,0,0.9,-1.8,0,0.9,-1.8,0,0.9,-1.8,0,0.9,-1.8
26,0,0,0,3.275,0,0.39,0,0,0,2.4,0,0,0,0.9,-1.8,0,0.9,-1.8,0,0.9,-1.8,0,0.9,-1.8
26,0,0,0,3.299,0,0.39,0,0,0,2.4,0,0,0,0.9,-1.8,0,0.9,-1.8,0,0.9,-1.8,0,0.9,-1.8
26,0,0,0,3.323,0,0.39,0,0,0,2.4,0,0,0,0.9,-1.8,0,0.9,-1.8,0,0.9,-1.8,0,0.9,-1.8
26,0,0,0,3.347,0,0.39,0,0,0,2.4,0,0,0,0.9,-1.8,0,0.9,-1.8,0,0.9,-1.8,0,0.9,-1.8
26,0,0,0,3.371,0,0.39,0,0,0,2.4,0,0,0,0.9,-1.8,0,0.9,-1.8,0,0.9,-1.8,0,0.9,-1.8
26,0,0,0,3.395,0,0.39,0,0,0,2.4,0,0,0,0.9,-1.8,0,0.9,-1.8,0,0.9,-1.8,0,0.9,-1.8
26,0,0,0,3.419,0,0.39,0,0,0,2.4,0,0,0,0.9,-1.8,0,0.9,-1.8,0,0.9,-1.8,0,0.9,-1.8
26,0,0,0,3.443,0,0.39,0,0,0,2.4,0,0,0,0.9,-1.8,0,0.9,-1.8,0,0.9,-1.8,0,0.9,-1.8
26,0,0,0,3.467,0,0.39,0,0,0,2.4,0,0,0,0.9,-1.8,0,0.9,-1.8,0,0.9,-1.8,0,0.9,-1.8
26,0,0,0,3.491,0,0.39,0,0,0,2.4,0,0,0,0.9,-1.8,0,0.9,-1.8,0,0.9,-1.8,0,0.9,-1.8
26,0,0,0,3.515,0,0.39,0,0,0,2.4,0,0,0,0.9,-1.8,0,0.9,-1.8,0,0.9,-1.8,0,0.9,-1.8
26,0,0,0,3.539,0,0.39,0,0,0,2.4,0,0,0,0.9,-1.8,0,0.9,-1.8,0,0.9,-1.8,0,0.9,-1.8
26,0,0,0,3.563,0,0.39,0,0,0,2.4,0,0,0,0.9,-1.8,0,0.9,-1.8,0,0.9,-1.8,0,0.9,-1.8
26,0,0,0,3.587,0,0.39,0,0,0,2.4,0,0,0,0.9,-1.8,0,0.9,-1.8,0,0.9,-1.8,0,0.9,-1.8
26,0,0,0,3.611,0,0.39,0,0,0,2.4,0,0,0,0.9,-1.8,0,0.9,-1.8,0,0.9,-1.8,0,0.9,-1.8
26,0,0,0,3.635,0,0.39,0,0,0,2.4,0,0,0,0.9,-1.8,0,0.9,-1.8,0,0.9,-1.8,0,0.9,-1.8
26,0,0,0,3.659,0,0.28,0,0,0,2.4,0,0,0,0.9,-1.8,0,0.9,-1.8,0,0.9,-1.8,0,0.9,-1.8
27,0,0,0,3.659,0,0.28,0,0,0,2.4,0,0,0.328,-0.05,-0.28,0.328,0.05,-0.28,0,0.9,-1.8,0,0.9,-1.8
27,0,0,0,3.683,0,0.28,0,0,0,2.4,0,0,0.304,-0.05,-0.28,0.304,0.05,-0.28,0,0.9,-1.8,0,0.9,-1.8
27,0,0,0,3.707,0,0.28,0,0,0,2.4,0,0,0.28,-0.05,-0.28,0.28,0.05,-0.28,0,0.9,-1.8,0,0.9,-1.8
27,0,0,0,3.731,0,0.28,0,0,0,2.4,0,0,0.256,-0.05,-0.28,0.256,0.05,-0.28,0,0.9,-1.8,0,0.9,-1.8
27,0,0,0,3.755,0,0.28,0,0,0,2.4,0,0,0.232,-0.05,-0.28,0.232,0.05,-0.28,0,0.9,-1.8,0,0.9,-1.8
27,0,0,0,3.779,0,0.28,0,0,0,2.4,0,0,0.208,-0.05,-0.28,0.208,0.05,-0.28,0,0.9,-1.8,0,0.9,-1.8
27,0,0,0,3.803,0,0.28,0,0,0,2.4,0,0,0.184,-0.05,-0.28,0.184,0.05,-0.28,0,0.9,-1.8,0,0.9,-1.8
27,0,0,0,3.827,0,0.28,0,0,0,2.4,0,0,0.16,-0.05,-0.28,0.16,0.05,-0.28,0,0.9,-1.8,0,0.9,-1.8
27,0,0,0,3.851,0,0.28,0,0,0,2.4,0,0,0.136,-0.05,-0.28,0.136,0.05,-0.28,0,0.9,-1.8,0,0.9,-1.8
27,0,0,0,3.875,0,0.28,0,0,0,2.4,0,0,0.112,-0.05,-0.28,0.112,0.05,-0.28,0,0.9,-1.8,0,0.9,-1.8
27,0,0,0,3.899,0,0.28,0,0,0,2.4,0,0,0.0880000000000001,-0.05,-0.28,0.0880000000000001,0.05,-0.28,0,0.9,-1.8,0,0.9,-1.8
27,0,0,0,3.923,0,0.28,0,0,0,2.4,0,0,0.0640000000000001,-0.05,-0.28,0.0640000000000001,0.05,-0.28,0,0.9,-1.8,0,0.9,-1.8
27,0,0,0,3.947,0,0.28,0,0,0,2.4,0,0,0.04,-0.05,-0.28,0.04,0.05,-0.28,0,0.9,-1.8,0,0.9,-1.8
27,0,0,0,3.971,0,0.28,0,0,0,2.4,0,0,0.04,-0.05,-0.28,0.04,0.05,-0.28,0,0.9,-1.8,0,0.9,-1.8
28,0,0,0,3.971,0,0.28,0,0,0,2.4,0,0,0,0.9,-1.8,0,0.9,-1.8,0,0.9,-1.8,0,0.9,-1.8
28,0,0,0,3.995,0,0.28,0,0,0,2.4,0,0,0,0.9,-1.8,0,0.9,-1.8,0,0.9,-1.8,0,0.9,-1.8
28,0,0,0,4.019,0,0.28,0,0,0,2.4,0,0,0,0.9,-1.8,0,0.9,-1.8,0,0.9,-1.8,0,0.9,-1.8
28,0,0,0,4.043,0,0.28,0,0,0,2.4,0,0,0,0.9,-1.8,0,0.9,-1.8,0,0.9,-1.8,0,0.9,-1.8
28,0,0,0,4.067,0,0.28,0,0,0,2.4,0,0,0,0.9,-1.8,0,0.9,-1.8,0,0.9,-1.8,0,0.9,-1.8
28,0,0,0,4.091,0,0.28,0,0,0,2.4,0,0,0,0.9,-1.8,0,0.9,-1.8,0,0.9,-1.8,0,0.9,-1.8
28,0,0,0,4.115,0,0.28,0,0,0,2.4,0,0,0,0.9,-1.8,0,0.9,-1.8,0,0.9,-1.8,0,0.9,-1.8
28,0,0,0,4.139,0,0.28,0,0,0,2.4,0,0,0,0.9,-1.8,0,0.9,-1.8,0,0.9,-1.8,0,0.9,-1.8
28,0,0,0,4.163,0,0.28,0,0,0,2.4,0,0,0,0.9,-1.8,0,0.9,-1.8,0,0.9,-1.8,0,0.9,-1.8
28,0,0,0,4.187,0,0.28,0,0,0,2.4,0,0,0,0.9,-1.8,0,0.9,-1.8,0,0.9,-1.8,0,0.9,-1.8
28,0,0,0,4.211,0,0.28,0,0,0,2.4,0,0,0,0.9,-1.8,0,0.9,-1.8,0,0.9,-1.8,0,0.9,-1.8
28,0,0,0,4.235,0,0.28,0,0,0,1.5,0,0,0,0.9,-1.8,0,0.9,-1.8,0,0.9,-1.8,0,0.9,-1.8
29,0,0,0,4.235,0,0.28,0,0,0,1.5,0,0,0,0.9,-1.8,0,0.9,-1.8,-0.0750000000000002,-0.14,-0.28,-0.0750000000000002,0.14,-0.28
29,0,0,0,4.25,0,0.28,0,0,0,1.5,0,0,0,0.9,-1.8,0,0.9,-1.8,-0.0899999999999999,-0.14,-0.28,-0.0899999999999999,0.14,-0.28
29,0,0,0,4.265,0,0.28,0,0,0,1.5,0,0,0,0.9,-1.8,0,0.9,-1.8,-0.105,-0.14,-0.28,-0.105,0.14,-0.28
29,0,0,0,4.28,0,0.28,0,0,0,1.5,0,0,0,0.9,-1.8,0,0.9,-1.8,-0.12,-0.14,-0.28,-0.12,0.14,-0.28
29,0,0,0,4.295,0,0.28,0,0,0,1.5,0,0,0,0.9,-1.8,0,0.9,-1.8,-0.135,-0.14,-0.28,-0.135,0.14,-0.28
29,0,0,0,4.31,0,0.28,0,0,0,1.5,0,0,0,0.9,-1.8,0,0.9,-1.8,-0.149999999999999,-0.14,-0.28,-0.149999999999999,0.14,-0.28
29,0,0,0,4.325,0,0.28,0,0,0,1.5,0,0,0,0.9,-1.8,0,0.9,-1.8,-0.165,-0.14,-0.28,-0.165,0.14,-0.28
29,0,0,0,4.34,0,0.28,0,0,0,1.5,0,0,0,0.9,-1.8,0,0.9,-1.8,-0.18,-0.14,-0.28,-0.18,0.14,-0.28
29,0,0,0,4.355,0,0.28,0,0,0,1.5,0,0,0,0.9,-1.8,0,0.9,-1.8,-0.195,-0.14,-0.28,-0.195,0.14,-0.28
29,0,0,0,4.37,0,0.28,0,0,0,1.5,0,0,0,0.9,-1.8,0,0.9,-1.8,-0.21,-0.14,-0.28,-0.21,0.14,-0.28
29,0,0,0,4.385,0,0.28,0,0,0,1.5,0,0,0,0.9,-1.8,0,0.9,-1.8,-0.225,-0.14,-0.28,-0.225,0.14,-0.28
29,0,0,0,4.4,0,0.28,0,0,0,1.5,0,0,0,0.9,-1.8,0,0.9,-1.8,-0.24,-0.14,-0.28,-0.24,0.14,-0.28
29,0,0,0,4.415,0,0.28,0,0,0,1.5,0,0,0,0.9,-1.8,0,0.9,-1.8,-0.255,-0.14,-0.28,-0.255,0.14,-0.28
29,0,0,0,4.43,0,0.28,0,0,0,1.5,0,0,0,0.9,-1.8,0,0.9,-1.8,-0.27,-0.14,-0.28,-0.27,0.14,-0.28
29,0,0,0,4.445,0,0.28,0,0,0,1.5,0,0,0,0.9,-1.8,0,0.9,-1.8,-0.285,-0.14,-0.28,-0.285,0.14,-0.28
29,0,0,0,4.46,0,0.28,0,0,0,1.5,0,0,0,0.9,-1.8,0,0.9,-1.8,-0.285,-0.14,-0.28,-0.285,0.14,-0.28
30,0,0,0,4.46,0,0.28,0,0,0,1.5,0,0,0,0.9,-1.8,0,0.9,-1.8,0,0.9,-1.8,0,0.9,-1.8
30,0,0,0,4.475,0,0.28,0,0,0,1.5,0,0,0,0.9,-1.8,0,0.9,-1.8,0,0.9,-1.8,0,0.9,-1.8
30,0,0,0,4.49,0,0.28,0,0,0,1.5,0,0,0,0.9,-1.8,0,0.9,-1.8,0,0.9,-1.8,0,0.9,-1.8
30,0,0,0,4.505,0,0.28,0,0,0,1.5,0,0,0,0.9,-1.8,0,0.9,-1.8,0,0.9,-1.8,0,0.9,-1.8
30,0,0,0,4.52,0,0.28,0,0,0,1.5,0,0,0,0.9,-1.8,0,0.9,-1.8,0,0.9,-1.8,0,0.9,-1.8
30,0,0,0,4.535,0,0.28,0,0,0,1.5,0,0,0,0.9,-1.8,0,0.9,-1.8,0,0.9,-1.8,0,0.9,-1.8
31,0,0,0,4.535,0,0.28,0,0,0,1.5,0,0,0.31,-0.05,-0.28,0.31,0.05,-0.28,0,0.9,-1.8,0,0.9,-1.8
31,0,0,0,4.55,0,0.28,0,0,0,1.5,0,0,0.295,-0.05,-0.28,0.295,0.05,-0.28,0,0.9,-1.8,0,0.9,-1.8
31,0,0,0,4.565,0,0.28,0,0,0,1.5,0,0,0.279999999999999,-0.05,-0.28,0.279999999999999,0.05,-0.28,0,0.9,-1.8,0,0.9,-1.8
31,0,0,0,4.58,0,0.28,0,0,0,1.5,0,0,0.265,-0.05,-0.28,0.265,0.05,-0.28,0,0.9,-1.8,0,0.9,-1.8
31,0,0,0,4.595,0,0.28,0,0,0,1.5,0,0,0.25,-0.05,-0.28,0.25,0.05,-0.28,0,0.9,-1.8,0,0.9,-1.8
31,0,0,0,4.61,0,0.28,0,0,0,1.5,0,0,0.234999999999999,-0.05,-0.28,0.234999999999999,0.05,-0.28,0,0.9,-1.8,0,0.9,-1.8
31,0,0,0,4.625,0,0.28,0,0,0,1.5,0,0,0.22,-0.05,-0.28,0.22,0.05,-0.28,0,0.9,-1.8,0,0.9,-1.8
31,0,0,0,4.64,0,0.28,0,0,0,1.5,0,0,0.205,-0.05,-0.28,0.205,0.05,-0.28,0,0.9,-1.8,0,0.9,-1.8
31,0,0,0,4.655,0,0.28,0,0,0,1.5,0,0,0.19,-0.05,-0.28,0.19,0.05,-0.28,0,0.9,-1.8,0,0.9,-1.8
31,0,0,0,4.67,0,0.28,0,0,0,1.5,0,0,0.175,-0.05,-0.28,0.175,0.05,-0.28,0,0.9,-1.8,0,0.9,-1.8
31,0,0,0,4.685,0,0.28,0,0,0,1.5,0,0,0.16,-0.05,-0.28,0.16,0.05,-0.28,0,0.9,-1.8,0,0.9,-1.8
31,0,0,0,4.7,0,0.28,0,0,0,1.5,0,0,0.145,-0.05,-0.28,0.145,0.05,-0.28,0,0.9,-1.8,0,0.9,-1.8
31,0,0,0,4.715,0,0.28,0,0,0,1.5,0,0,0.13,-0.05,-0.28,0.13,0.05,-0.28,0,0.9,-1.8,0,0.9,-1.8
31,0,0,0,4.73,0,0.28,0,0,0,1.5,0,0,0.114999999999999,-0.05,-0.28,0.114999999999999,0.05,-0.28,0,0.9,-1.8,0,0.9,-1.8
31,0,0,0,4.745,0,0.28,0,0,0,1.5,0,0,0.0999999999999996,-0.05,-0.28,0.0999999999999996,0.05,-0.28,0,0.9,-1.8,0,0.9,-1.8
31,0,0,0,4.76,0,0.28,0,0,0,1.5,0,0,0.085,-0.05,-0.28,0.085,0.05,-0.28,0,0.9,-1.8,0,0.9,-1.8
31,0,0,0,4.775,0,0.28,0,0,0,1.5,0,0,0.085,-0.05,-0.28,0.085,0.05,-0.28,0,0.9,-1.8,0,0.9,-1.8
32,0,0,0,4.775,0,0.28,0,0,0,1.5,0,0,0,0.9,-1.8,0,0.9,-1.8,0,0.9,-1.8,0,0.9,-1.8
32,0,0,0,4.79,0,0.28,0,0,0,1.5,0,0,0,0.9,-1.8,0,0.9,-1.8,0,0.9,-1.8,0,0.9,-1.8
32,0,0,0,4.805,0,0.28,0,0,0,1.5,0,0,0,0.9,-1.8,0,0.9,-1.8,0,0.9,-1.8,0,0.9,-1.8
32,0,0,0,4.82,0,0.28,0,0,0,1.5,0,0,0,0.9,-1.8,0,0.9,-1.8,0,0.9,-1.8,0,0.9,-1.8
32,0,0,0,4.835,0,0.28,0,0,0,1.5,0,0,0,0.9,-1.8,0,0.9,-1.8,0,0.9,-1.8,0,0.9,-1.8
33,0,0,0,4.835,0,0.28,0,0,0,1.5,0,0,0,0.9,-1.8,0,0.9,-1.8,-0.093,-0.14,-0.28,-0.093,0.14,-0.28
33,0,0,0,4.85,0,0.28,0,0,0,1.5,0,0,0,0.9,-1.8,0,0.9,-1.8,-0.108,-0.14,-0.28,-0.108,0.14,-0.28
33,0,0,0,4.865,0,0.28,0,0,0,1.5,0,0,0,0.9,-1.8,0,0.9,-1.8,-0.123,-0.14,-0.28,-0.123,0.14,-0.28
33,0,0,0,4.88,0,0.28,0,0,0,1.5,0,0,0,0.9,-1.8,0,0.9,-1.8,-0.138,-0.14,-0.28,-0.138,0.14,-0.28
33,0,0,0,4.895,0,0.28,0,0,0,1.5,0,0,0,0.9,-1.8,0,0.9,-1.8,-0.153,-0.14,-0.28,-0.153,0.14,-0.28
33,0,0,0,4.91,0,0.28,0,0,0,1.5,0,0,0,0.9,-1.8,0,0.9,-1.8,-0.168,-0.14,-0.28,-0.168,0.14,-0.28
33,0,0,0,4.925,0,0.28,0,0,0,1.5,0,0,0,0.9,-1.8,0,0.9,-1.8,-0.183,-0.14,-0.28,-0.183,0.14,-0.28
33,0,0,0,4.94,0,0.28,0,0,0,1.5,0,0,0,0.9,-1.8,0,0.9,-1.8,-0.198,-0.14,-0.28,-0.198,0.14,-0.28
33,0,0,0,4.955,0,0.28,0,0,0,1.5,0,0,0,0.9,-1.8,0,0.9,-1.8,-0.213,-0.14,-0.28,-0.213,0.14,-0.28
33,0,0,0,4.97,0,0.28,0,0,0,1.5,0,0,0,0.9,-1.8,0,0.9,-1.8,-0.228,-0.14,-0.28,-0.228,0.14,-0.28
33,0,0,0,4.985,0,0.28,0,0,0,1.5,0,0,0,0.9,-1.8,0,0.9,-1.8,-0.243,-0.14,-0.28,-0.243,0.14,-0.28
33,0,0,0,5,0,0.28,0,0,0,1.5,0,0,0,0.9,-1.8,0,0.9,-1.8,-0.258,-0.14,-0.28,-0.258,0.14,-0.28
33,0,0,0,5.015,0,0.28,0,0,0,1.5,0,0,0,0.9,-1.8,0,0.9,-1.8,-0.273,-0.14,-0.28,-0.273,0.14,-0.28
33,0,0,0,5.03,0,0.28,0,0,0,1.5,0,0,0,0.9,-1.8,0,0.9,-1.8,-0.288,-0.14,-0.28,-0.288,0.14,-0.28
33,0,0,0,5.045,0,0.28,0,0,0,1.5,0,0,0,0.9,-1.8,0,0.9,-1.8,-0.303,-0.14,-0.28,-0.303,0.14,-0.28
33,0,0,0,5.06,0,0.28,0,0,0,1.5,0,0,0,0.9,-1.8,0,0.9,-1.8,-0.303,-0.14,-0.28,-0.303,0.14,-0.28
34,0,0,0,5.06,0,0.28,0,0,0,1.5,0,0,0,0.9,-1.8,0,0.9,-1.8,0,0.9,-1.8,0,0.9,-1.8
34,0,0,0,5.075,0,0.28,0,0,0,1.5,0,0,0,0.9,-1.8,0,0.9,-1.8,0,0.9,-1.8,0,0.9,-1.8
34,0,0,0,5.09,0,0.28,0,0,0,1.5,0,0,0,0.9,-1.8,0,0.9,-1.8,0,0.9,-1.8,0,0.9,-1.8
34,0,0,0,5.105,0,0.28,0,0,0,1.5,0,0,0,0.9,-1.8,0,0.9,-1.8,0,0.9,-1.8,0,0.9,-1.8
34,0,0,0,5.12,0,0.28,0,0,0,1.5,0,0,0,0.9,-1.8,0,0.9,-1.8,0,0.9,-1.8,0,0.9,-1.8
35,0,0,0,5.12,0,0.28,0,0,0,1.5,0,0,0.31,-0.05,-0.28,0.31,0.05,-0.28,0,0.9,-1.8,0,0.9,-1.8
35,0,0,0,5.135,0,0.28,0,0,0,1.5,0,0,0.295,-0.05,-0.28,0.295,0.05,-0.28,0,0.9,-1.8,0,0.9,-1.8
35,0,0,0,5.15,0,0.28,0,0,0,1.5,0,0,0.279999999999999,-0.05,-0.28,0.279999999999999,0.05,-0.28,0,0.9,-1.8,0,0.9,-1.8
35,0,0,0,5.165,0,0.28,0,0,0,1.5,0,0,0.265,-0.05,-0.28,0.265,0.05,-0.28,0,0.9,-1.8,0,0.9,-1.8
35,0,0,0,5.18,0,0.28,0,0,0,1.5,0,0,0.25,-0.05,-0.28,0.25,0.05,-0.28,0,0.9,-1.8,0,0.9,-1.8
35,0,0,0,5.195,0,0.28,0,0,0,1.5,0,0,0.234999999999999,-0.05,-0.28,0.234999999999999,0.05,-0.28,0,0.9,-1.8,0,0.9,-1.8
35,0,0,0,5.21,0,0.28,0,0,0,1.5,0,0,0.22,-0.05,-0.28,0.22,0.05,-0.28,0,0.9,-1.8,0,0.9,-1.8
35,0,0,0,5.225,0,0.28,0,0,0,1.5,0,0,0.205,-0.05,-0.28,0.205,0.05,-0.28,0,0.9,-1.8,0,0.9,-1.8
35,0,0,0,5.24,0,0.28,0,0,0,1.5,0,0,0.19,-0.05,-0.28,0.19,0.05,-0.28,0,0.9,-1.8,0,0.9,-1.8
35,0,0,0,5.255,0,0.28,0,0,0,1.5,0,0,0.175,-0.05,-0.28,0.175,0.05,-0.28,0,0.9,-1.8,0,0.9,-1.8
35,0,0,0,5.27,0,0.28,0,0,0,1.5,0,0,0.16,-0.05,-0.28,0.16,0.05,-0.28,0,0.9,-1.8,0,0.9,-1.8
35,0,0,0,5.285,0,0.28,0,0,0,1.5,0,0,0.145,-0.05,-0.28,0.145,0.05,-0.28,0,0.9,-1.8,0,0.9,-1.8
35,0,0,0,5.3,0,0.28,0,0,0,1.5,0,0,0.13,-0.05,-0.28,0.13,0.05,-0.28,0,0.9,-1.8,0,0.9,-1.8
35,0,0,0,5.315,0,0.28,0,0,0,1.5,0,0,0.114999999999999,-0.05,-0.28,0.114999999999999,0.05,-0.28,0,0.9,-1.8,0,0.9,-1.8
35,0,0,0,5.33,0,0.28,0,0,0,1.5,0,0,0.0999999999999996,-0.05,-0.28,0.0999999999999996,0.05,-0.28,0,0.9,-1.8,0,0.9,-1.8
35,0,0,0,5.345,0,0.28,0,0,0,1.5,0,0,0.085,-0.05,-0.28,0.085,0.05,-0.28,0,0.9,-1.8,0,0.9,-1.8
35,0,0,0,5.36,0,0.28,0,0,0,1.5,0,0,0.0699999999999994,-0.05,-0.28,0.0699999999999994,0.05,-0.28,0,0.9,-1.8,0,0.9,-1.8
35,0,0,0,5.375,0,0.28,0,0,0,1.5,0,0,0.0699999999999994,-0.05,-0.28,0.0699999999999994,0.05,-0.28,0,0.9,-1.8,0,0.9,-1.8
36,0,0,0,5.375,0,0.28,0,0,0,1.5,0,0,0,0.9,-1.8,0,0.9,-1.8,0,0.9,-1.8,0,0.9,-1.8
36,0,0,0,5.39,0,0.28,0,0,0,1.5,0,0,0,0.9,-1.8,0,0.9,-1.8,0,0.9,-1.8,0,0.9,-1.8
36,0,0,0,5.405,0,0.28,0,0,0,1.5,0,0,0,0.9,-1.8,0,0.9,-1.8,0,0.9,-1.8,0,0.9,-1.8
36,0,0,0,5.42,0,0.28,0,0,0,1.5,0,0,0,0.9,-1.8,0,0.9,-1.8,0,0.9,-1.8,0,0.9,-1.8
36,0,0,0,5.435,0,0.28,0,0,0,1.5,0,0,0,0.9,-1.8,0,0.9,-1.8,0,0.9,-1.8,0,0.9,-1.8
37,0,0,0,5.435,0,0.28,0,0,0,1.5,0,0,0,0.9,-1.8,0,0.9,-1.8,-0.093,-0.14,-0.28,-0.093,0.14,-0.28
37,0,0,0,5.45,0,0.28,0,0,0,1.5,0,0,0,0.9,-1.8,0,0.9,-1.8,-0.108000000000001,-0.14,-0.28,-0.108000000000001,0.14,-0.28
37,0,0,0,5.465,0,0.28,0,0,0,1.5,0,0,0,0.9,-1.8,0,0.9,-1.8,-0.123,-0.14,-0.28,-0.123,0.14,-0.28
37,0,0,0,5.48,0,0.28,0,0,0,1.5,0,0,0,0.9,-1.8,0,0.9,-1.8,-0.138000000000001,-0.14,-0.28,-0.138000000000001,0.14,-0.28
37,0,0,0,5.495,0,0.28,0,0,0,1.5,0,0,0,0.9,-1.8,0,0.9,-1.8,-0.153,-0.14,-0.28,-0.153,0.14,-0.28
37,0,0,0,5.51,0,0.28,0,0,0,1.5,0,0,0,0.9,-1.8,0,0.9,-1.8,-0.168,-0.14,-0.28,-0.168,0.14,-0.28
37,0,0,0,5.525,0,0.28,0,0,0,1.5,0,0,0,0.9,-1.8,0,0.9,-1.8,-0.183000000000001,-0.14,-0.28,-0.183000000000001,0.14,-0.28
37,0,0,0,5.54,0,0.28,0,0,0,1.5,0,0,0,0.9,-1.8,0,0.9,-1.8,-0.198,-0.14,-0.28,-0.198,0.14,-0.28
37,0,0,0,5.555,0,0.28,0,0,0,1.5,0,0,0,0.9,-1.8,0,0.9,-1.8,-0.213,-0.14,-0.28,-0.213,0.14,-0.28
37,0,0,0,5.57,0,0.28,0,0,0,1.5,0,0,0,0.9,-1.8,0,0.9,-1.8,-0.228000000000001,-0.14,-0.28,-0.228000000000001,0.14,-0.28
37,0,0,0,5.585,0,0.28,0,0,0,1.5,0,0,0,0.9,-1.8,0,0.9,-1.8,-0.243,-0.14,-0.28,-0.243,0.14,-0.28
37,0,0,0,5.6,0,0.28,0,0,0,1.5,0,0,0,0.9,-1.8,0,0.9,-1.8,-0.258,-0.14,-0.28,-0.258,0.14,-0.28
37,0,0,0,5.615,0,0.28,0,0,0,1.5,0,0,0,0.9,-1.8,0,0.9,-1.8,-0.273000000000001,-0.14,-0.28,-0.273000000000001,0.14,-0.28
37,0,0,0,5.63,0,0.28,0,0,0,1.5,0,0,0,0.9,-1.8,0,0.9,-1.8,-0.288,-0.14,-0.28,-0.288,0.14,-0.28
37,0,0,0,5.645,0,0.28,0,0,0,1.5,0,0,0,0.9,-1.8,0,0.9,-1.8,-0.303,-0.14,-0.28,-0.303,0.14,-0.28
37,0,0,0,5.66,0,0.28,0,0,0,1.5,0,0,0,0.9,-1.8,0,0.9,-1.8,-0.303,-0.14,-0.28,-0.303,0.14,-0.28
38,0,0,0,5.66,0,0.28,0,0,0,1.5,0,0,0,0.9,-1.8,0,0.9,-1.8,0,0.9,-1.8,0,0.9,-1.8
38,0,0,0,5.675,0,0.28,0,0,0,1.5,0,0,0,0.9,-1.8,0,0.9,-1.8,0,0.9,-1.8,0,0.9,-1.8
38,0,0,0,5.69,0,0.28,0,0,0,1.5,0,0,0,0.9,-1.8,0,0.9,-1.8,0,0.9,-1.8,0,0.9,-1.8
38,0,0,0,5.705,0,0.28,0,0,0,1.5,0,0,0,0.9,-1.8,0,0.9,-1.8,0,0.9,-1.8,0,0.9,-1.8
38,0,0,0,5.72,0,0.28,0,0,0,1.5,0,0,0,0.9,-1.8,0,0.9,-1.8,0,0.9,-1.8,0,0.9,-1.8
39,0,0,0,5.72,0,0.28,0,0,0,1.5,0,0,0.31,-0.05,-0.28,0.31,0.05,-0.28,0,0.9,-1.8,0,0.9,-1.8
39,0,0,0,5.735,0,0.28,0,0,0,1.5,0,0,0.295,-0.05,-0.28,0.295,0.05,-0.28,0,0.9,-1.8,0,0.9,-1.8
39,0,0,0,5.75,0,0.28,0,0,0,1.5,0,0,0.28,-0.05,-0.28,0.28,0.05,-0.28,0,0.9,-1.8,0,0.9,-1.8
39,0,0,0,5.765,0,0.28,0,0,0,1.5,0,0,0.265000000000001,-0.05,-0.28,0.265000000000001,0.05,-0.28,0,0.9,-1.8,0,0.9,-1.8
39,0,0,0,5.78,0,0.28,0,0,0,1.5,0,0,0.25,-0.05,-0.28,0.25,0.05,-0.28,0,0.9,-1.8,0,0.9,-1.8
39,0,0,0,5.795,0,0.28,0,0,0,1.5,0,0,0.235,-0.05,-0.28,0.235,0.05,-0.28,0,0.9,-1.8,0,0.9,-1.8
39,0,0,0,5.81,0,0.28,0,0,0,1.5,0,0,0.220000000000001,-0.05,-0.28,0.220000000000001,0.05,-0.28,0,0.9,-1.8,0,0.9,-1.8
39,0,0,0,5.825,0,0.28,0,0,0,1.5,0,0,0.205,-0.05,-0.28,0.205,0.05,-0.28,0,0.9,-1.8,0,0.9,-1.8
39,0,0,0,5.84,0,0.28,0,0,0,1.5,0,0,0.19,-0.05,-0.28,0.19,0.05,-0.28,0,0.9,-1.8,0,0.9,-1.8
39,0,0,0,5.855,0,0.28,0,0,0,1.5,0,0,0.175,-0.05,-0.28,0.175,0.05,-0.28,0,0.9,-1.8,0,0.9,-1.8
39,0,0,0,5.87,0,0.28,0,0,0,1.5,0,0,0.16,-0.05,-0.28,0.16,0.05,-0.28,0,0.9,-1.8,0,0.9,-1.8
39,0,0,0,5.885,0,0.28,0,0,0,1.5,0,0,0.145,-0.05,-0.28,0.145,0.05,-0.28,0,0.9,-1.8,0,0.9,-1.8
39,0,0,0,5.9,0,0.28,0,0,0,1.5,0,0,0.13,-0.05,-0.28,0.13,0.05,-0.28,0,0.9,-1.8,0,0.9,-1.8
39,0,0,0,5.915,0,0.28,0,0,0,1.5,0,0,0.115,-0.05,-0.28,0.115,0.05,-0.28,0,0.9,-1.8,0,0.9,-1.8
39,0,0,0,5.93,0,0.28,0,0,0,1.5,0,0,0.100000000000001,-0.05,-0.28,0.100000000000001,0.05,-0.28,0,0.9,-1.8,0,0.9,-1.8
39,0,0,0,5.945,0,0.28,0,0,0,1.5,0,0,0.085,-0.05,-0.28,0.085,0.05,-0.28,0,0.9,-1.8,0,0.9,-1.8
39,0,0,0,5.96,0,0.28,0,0,0,1.5,0,0,0.085,-0.05,-0.28,0.085,0.05,-0.28,0,0.9,-1.8,0,0.9,-1.8
40,0,0,0,5.96,0,0.28,0,0,0,1.5,0,0,0,0.9,-1.8,0,0.9,-1.8,0,0.9,-1.8,0,0.9,-1.8
40,0,0,0,5.975,0,0.28,0,0,0,1.5,0,0,0,0.9,-1.8,0,0.9,-1.8,0,0.9,-1.8,0,0.9,-1.8
40,0,0,0,5.99,0,0.28,0,0,0,1.5,0,0,0,0.9,-1.8,0,0.9,-1.8,0,0.9,-1.8,0,0.9,-1.8
40,0,0,0,6.005,0,0.28,0,0,0,1.5,0,0,0,0.9,-1.8,0,0.9,-1.8,0,0.9,-1.8,0,0.9,-1.8
40,0,0,0,6.02,0,0.28,0,0,0,1.5,0,0,0,0.9,-1.8,0,0.9,-1.8,0,0.9,-1.8,0,0.9,-1.8
41,0,0,0,6.02,0,0.28,0,0,0,1.5,0,0,0,0.9,-1.8,0,0.9,-1.8,-0.093,-0.14,-0.28,-0.093,0.14,-0.28
41,0,0,0,6.035,0,0.28,0,0,0,1.5,0,0,0,0.9,-1.8,0,0.9,-1.8,-0.108000000000001,-0.14,-0.28,-0.108000000000001,0.14,-0.28
41,0,0,0,6.05,0,0.28,0,0,0,1.5,0,0,0,0.9,-1.8,0,0.9,-1.8,-0.123,-0.14,-0.28,-0.123,0.14,-0.28
41,0,0,0,6.065,0,0.28,0,0,0,1.5,0,0,0,0.9,-1.8,0,0.9,-1.8,-0.138000000000001,-0.14,-0.28,-0.138000000000001,0.14,-0.28
41,0,0,0,6.08,0,0.28,0,0,0,1.5,0,0,0,0.9,-1.8,0,0.9,-1.8,-0.153,-0.14,-0.28,-0.153,0.14,-0.28
41,0,0,0,6.095,0,0.28,0,0,0,1.5,0,0,0,0.9,-1.8,0,0.9,-1.8,-0.168,-0.14,-0.28,-0.168,0.14,-0.28
41,0,0,0,6.11,0,0.28,0,0,0,1.5,0,0,0,0.9,-1.8,0,0.9,-1.8,-0.183000000000001,-0.14,-0.28,-0.183000000000001,0.14,-0.28
41,0,0,0,6.125,0,0.28,0,0,0,1.5,0,0,0,0.9,-1.8,0,0.9,-1.8,-0.198,-0.14,-0.28,-0.198,0.14,-0.28
41,0,0,0,6.14,0,0.28,0,0,0,1.5,0,0,0,0.9,-1.8,0,0.9,-1.8,-0.213,-0.14,-0.28,-0.213,0.14,-0.28
41,0,0,0,6.155,0,0.28,0,0,0,1.5,0,0,0,0.9,-1.8,0,0.9,-1.8,-0.228000000000001,-0.14,-0.28,-0.228000000000001,0.14,-0.28
41,0,0,0,6.17,0,0.28,0,0,0,1.5,0,0,0,0.9,-1.8,0,0.9,-1.8,-0.243,-0.14,-0.28,-0.243,0.14,-0.28
41,0,0,0,6.185,0,0.28,0,0,0,1.5,0,0,0,0.9,-1.8,0,0.9,-1.8,-0.258,-0.14,-0.28,-0.258,0.14,-0.28
41,0,0,0,6.2,0,0.28,0,0,0,1.5,0,0,0,0.9,-1.8,0,0.9,-1.8,-0.273000000000001,-0.14,-0.28,-0.273000000000001,0.14,-0.28
41,0,0,0,6.215,0,0.28,0,0,0,1.5,0,0,0,0.9,-1.8,0,0.9,-1.8,-0.288,-0.14,-0.28,-0.288,0.14,-0.28
41,0,0,0,6.23,0,0.28,0,0,0,1.5,0,0,0,0.9,-1.8,0,0.9,-1.8,-0.303000000000001,-0.14,-0.28,-0.303000000000001,0.14,-0.28
41,0,0,0,6.245,0,0.28,0,0,0,1.5,0,0,0,0.9,-1.8,0,0.9,-1.8,-0.318000000000001,-0.14,-0.28,-0.318000000000001,0.14,-0.28
41,0,0,0,6.26,0,0.28,0,0,0,1.5,0,0,0,0.9,-1.8,0,0.9,-1.8,-0.318000000000001,-0.14,-0.28,-0.318000000000001,0.14,-0.28
42,0,0,0,6.26,0,0.28,0,0,0,1.5,0,0,0,0.9,-1.8,0,0.9,-1.8,0,0.9,-1.8,0,0.9,-1.8
42,0,0,0,6.275,0,0.28,0,0,0,1.5,0,0,0,0.9,-1.8,0,0.9,-1.8,0,0.9,-1.8,0,0.9,-1.8
42,0,0,0,6.29,0,0.28,0,0,0,1.5,0,0,0,0.9,-1.8,0,0.9,-1.8,0,0.9,-1.8,0,0.9,-1.8
42,0,0,0,6.305,0,0.28,0,0,0,1.5,0,0,0,0.9,-1.8,0,0.9,-1.8,0,0.9,-1.8,0,0.9,-1.8
42,0,0,0,6.32,0,0.28,0,0,0,1.5,0,0,0,0.9,-1.8,0,0.9,-1.8,0,0.9,-1.8,0,0.9,-1.8
43,0,0,0,6.32,0,0.28,0,0,0,1.5,0,0,0.31,-0.05,-0.28,0.31,0.05,-0.28,0,0.9,-1.8,0,0.9,-1.8
43,0,0,0,6.335,0,0.28,0,0,0,1.5,0,0,0.295,-0.05,-0.28,0.295,0.05,-0.28,0,0.9,-1.8,0,0.9,-1.8
43,0,0,0,6.35,0,0.28,0,0,0,1.5,0,0,0.28,-0.05,-0.28,0.28,0.05,-0.28,0,0.9,-1.8,0,0.9,-1.8
43,0,0,0,6.365,0,0.28,0,0,0,1.5,0,0,0.265,-0.05,-0.28,0.265,0.05,-0.28,0,0.9,-1.8,0,0.9,-1.8
43,0,0,0,6.38,0,0.28,0,0,0,1.5,0,0,0.25,-0.05,-0.28,0.25,0.05,-0.28,0,0.9,-1.8,0,0.9,-1.8
43,0,0,0,6.395,0,0.28,0,0,0,1.5,0,0,0.235,-0.05,-0.28,0.235,0.05,-0.28,0,0.9,-1.8,0,0.9,-1.8
43,0,0,0,6.41,0,0.28,0,0,0,1.5,0,0,0.22,-0.05,-0.28,0.22,0.05,-0.28,0,0.9,-1.8,0,0.9,-1.8
43,0,0,0,6.425,0,0.28,0,0,0,1.5,0,0,0.205,-0.05,-0.28,0.205,0.05,-0.28,0,0.9,-1.8,0,0.9,-1.8
43,0,0,0,6.44,0,0.28,0,0,0,1.5,0,0,0.19,-0.05,-0.28,0.19,0.05,-0.28,0,0.9,-1.8,0,0.9,-1.8
43,0,0,0,6.455,0,0.28,0,0,0,1.5,0,0,0.175,-0.05,-0.28,0.175,0.05,-0.28,0,0.9,-1.8,0,0.9,-1.8
43,0,0,0,6.47,0,0.28,0,0,0,1.5,0,0,0.16,-0.05,-0.28,0.16,0.05,-0.28,0,0.9,-1.8,0,0.9,-1.8
43,0,0,0,6.485,0,0.28,0,0,0,1.5,0,0,0.145,-0.05,-0.28,0.145,0.05,-0.28,0,0.9,-1.8,0,0.9,-1.8
43,0,0,0,6.5,0,0.28,0,0,0,1.5,0,0,0.13,-0.05,-0.28,0.13,0.05,-0.28,0,0.9,-1.8,0,0.9,-1.8
43,0,0,0,6.515,0,0.28,0,0,0,1.5,0,0,0.115,-0.05,-0.28,0.115,0.05,-0.28,0,0.9,-1.8,0,0.9,-1.8
43,0,0,0,6.53,0,0.28,0,0,0,1.5,0,0,0.0999999999999996,-0.05,-0.28,0.0999999999999996,0.05,-0.28,0,0.9,-1.8,0,0.9,-1.8
43,0,0,0,6.545,0,0.28,0,0,0,1.5,0,0,0.085,-0.05,-0.28,0.085,0.05,-0.28,0,0.9,-1.8,0,0.9,-1.8
43,0,0,0,6.56,0,0.28,0,0,0,1.5,0,0,0.0700000000000003,-0.05,-0.28,0.0700000000000003,0.05,-0.28,0,0.9,-1.8,0,0.9,-1.8
43,0,0,0,6.575,0,0.28,0,0,0,1.5,0,0,0.0700000000000003,-0.05,-0.28,0.0700000000000003,0.05,-0.28,0,0.9,-1.8,0,0.9,-1.8
44,0,0,0,6.575,0,0.28,0,0,0,1.5,0,0,0,0.9,-1.8,0,0.9,-1.8,0,0.9,-1.8,0,0.9,-1.8
44,0,0,0,6.59,0,0.28,0,0,0,1.5,0,0,0,0.9,-1.8,0,0.9,-1.8,0,0.9,-1.8,0,0.9,-1.8
44,0,0,0,6.605,0,0.28,0,0,0,1.5,0,0,0,0.9,-1.8,0,0.9,-1.8,0,0.9,-1.8,0,0.9,-1.8
44,0,0,0,6.62,0,0.28,0,0,0,1.5,0,0,0,0.9,-1.8,0,0.9,-1.8,0,0.9,-1.8,0,0.9,-1.8
44,0,0,0,6.635,0,0.28,0,0,0,1.5,0,0,0,0.9,-1.8,0,0.9,-1.8,0,0.9,-1.8,0,0.9,-1.8
45,0,0,0,6.635,0,0.28,0,0,0,1.5,0,0,0,0.9,-1.8,0,0.9,-1.8,-0.093,-0.14,-0.28,-0.093,0.14,-0.28
45,0,0,0,6.65,0,0.28,0,0,0,1.5,0,0,0,0.9,-1.8,0,0.9,-1.8,-0.108000000000001,-0.14,-0.28,-0.108000000000001,0.14,-0.28
45,0,0,0,6.665,0,0.28,0,0,0,1.5,0,0,0,0.9,-1.8,0,0.9,-1.8,-0.123,-0.14,-0.28,-0.123,0.14,-0.28
45,0,0,0,6.68,0,0.28,0,0,0,1.5,0,0,0,0.9,-1.8,0,0.9,-1.8,-0.138,-0.14,-0.28,-0.138,0.14,-0.28
45,0,0,0,6.695,0,0.28,0,0,0,1.5,0,0,0,0.9,-1.8,0,0.9,-1.8,-0.153,-0.14,-0.28,-0.153,0.14,-0.28
45,0,0,0,6.71,0,0.28,0,0,0,1.5,0,0,0,0.9,-1.8,0,0.9,-1.8,-0.168,-0.14,-0.28,-0.168,0.14,-0.28
45,0,0,0,6.725,0,0.28,0,0,0,1.5,0,0,0,0.9,-1.8,0,0.9,-1.8,-0.183,-0.14,-0.28,-0.183,0.14,-0.28
45,0,0,0,6.74,0,0.28,0,0,0,1.5,0,0,0,0.9,-1.8,0,0.9,-1.8,-0.198,-0.14,-0.28,-0.198,0.14,-0.28
45,0,0,0,6.755,0,0.28,0,0,0,1.5,0,0,0,0.9,-1.8,0,0.9,-1.8,-0.213,-0.14,-0.28,-0.213,0.14,-0.28
45,0,0,0,6.77,0,0.28,0,0,0,1.5,0,0,0,0.9,-1.8,0,0.9,-1.8,-0.228,-0.14,-0.28,-0.228,0.14,-0.28
45,0,0,0,6.785,0,0.28,0,0,0,1.5,0,0,0,0.9,-1.8,0,0.9,-1.8,-0.243,-0.14,-0.28,-0.243,0.14,-0.28
45,0,0,0,6.8,0,0.28,0,0,0,1.5,0,0,0,0.9,-1.8,0,0.9,-1.8,-0.258,-0.14,-0.28,-0.258,0.14,-0.28
45,0,0,0,6.815,0,0.28,0,0,0,1.5,0,0,0,0.9,-1.8,0,0.9,-1.8,-0.273000000000001,-0.14,-0.28,-0.273000000000001,0.14,-0.28
45,0,0,0,6.83,0,0.28,0,0,0,1.5,0,0,0,0.9,-1.8,0,0.9,-1.8,-0.288,-0.14,-0.28,-0.288,0.14,-0.28
45,0,0,0,6.845,0,0.28,0,0,0,1.5,0,0,0,0.9,-1.8,0,0.9,-1.8,-0.303,-0.14,-0.28,-0.303,0.14,-0.28
45,0,0,0,6.86,0,0.28,0,0,0,1.5,0,0,0,0.9,-1.8,0,0.9,-1.8,-0.318000000000001,-0.14,-0.28,-0.318000000000001,0.14,-0.28
45,0,0,0,6.875,0,0.28,0,0,0,1.5,0,0,0,0.9,-1.8,0,0.9,-1.8,-0.318000000000001,-0.14,-0.28,-0.318000000000001,0.14,-0.28
46,0,0,0,6.875,0,0.28,0,0,0,1.5,0,0,0,0.9,-1.8,0,0.9,-1.8,0,0.9,-1.8,0,0.9,-1.8
46,0,0,0,6.89,0,0.28,0,0,0,1.5,0,0,0,0.9,-1.8,0,0.9,-1.8,0,0.9,-1.8,0,0.9,-1.8
46,0,0,0,6.905,0,0.28,0,0,0,1.5,0,0,0,0.9,-1.8,0,0.9,-1.8,0,0.9,-1.8,0,0.9,-1.8
46,0,0,0,6.92,0,0.28,0,0,0,1.5,0,0,0,0.9,-1.8,0,0.9,-1.8,0,0.9,-1.8,0,0.9,-1.8
46,0,0,0,6.935,0,0.28,0,0,0,1.5,0,0,0,0.9,-1.8,0,0.9,-1.8,0,0.9,-1.8,0,0.9,-1.8
47,0,0,0,6.935,0,0.28,0,0,0,1.5,0,0,0.31,-0.05,-0.28,0.31,0.05,-0.28,0,0.9,-1.8,0,0.9,-1.8
47,0,0,0,6.95,0,0.28,0,0,0,1.5,0,0,0.295,-0.05,-0.28,0.295,0.05,-0.28,0,0.9,-1.8,0,0.9,-1.8
47,0,0,0,6.965,0,0.28,0,0,0,1.5,0,0,0.28,-0.05,-0.28,0.28,0.05,-0.28,0,0.9,-1.8,0,0.9,-1.8
47,0,0,0,6.98,0,0.28,0,0,0,1.5,0,0,0.265,-0.05,-0.28,0.265,0.05,-0.28,0,0.9,-1.8,0,0.9,-1.8
47,0,0,0,6.995,0,0.28,0,0,0,1.5,0,0,0.25,-0.05,-0.28,0.25,0.05,-0.28,0,0.9,-1.8,0,0.9,-1.8
47,0,0,0,7.01,0,0.28,0,0,0,1.5,0,0,0.235,-0.05,-0.28,0.235,0.05,-0.28,0,0.9,-1.8,0,0.9,-1.8
47,0,0,0,7.025,0,0.28,0,0,0,1.5,0,0,0.22,-0.05,-0.28,0.22,0.05,-0.28,0,0.9,-1.8,0,0.9,-1.8
47,0,0,0,7.04,0,0.28,0,0,0,1.5,0,0,0.205,-0.05,-0.28,0.205,0.05,-0.28,0,0.9,-1.8,0,0.9,-1.8
47,0,0,0,7.055,0,0.28,0,0,0,1.5,0,0,0.19,-0.05,-0.28,0.19,0.05,-0.28,0,0.9,-1.8,0,0.9,-1.8
47,0,0,0,7.07,0,0.28,0,0,0,1.5,0,0,0.175,-0.05,-0.28,0.175,0.05,-0.28,0,0.9,-1.8,0,0.9,-1.8
47,0,0,0,7.085,0,0.28,0,0,0,1.5,0,0,0.16,-0.05,-0.28,0.16,0.05,-0.28,0,0.9,-1.8,0,0.9,-1.8
47,0,0,0,7.1,0,0.28,0,0,0,1.5,0,0,0.145,-0.05,-0.28,0.145,0.05,-0.28,0,0.9,-1.8,0,0.9,-1.8
47,0,0,0,7.115,0,0.28,0,0,0,1.5,0,0,0.13,-0.05,-0.28,0.13,0.05,-0.28,0,0.9,-1.8,0,0.9,-1.8
47,0,0,0,7.13,0,0.28,0,0,0,1.5,0,0,0.115,-0.05,-0.28,0.115,0.05,-0.28,0,0.9,-1.8,0,0.9,-1.8
47,0,0,0,7.145,0,0.28,0,0,0,1.5,0,0,0.100000000000001,-0.05,-0.28,0.100000000000001,0.05,-0.28,0,0.9,-1.8,0,0.9,-1.8
47,0,0,0,7.16,0,0.28,0,0,0,1.5,0,0,0.085,-0.05,-0.28,0.085,0.05,-0.28,0,0.9,-1.8,0,0.9,-1.8
47,0,0,0,7.175,0,0.28,0,0,0,1.5,0,0,0.085,-0.05,-0.28,0.085,0.05,-0.28,0,0.9,-1.8,0,0.9,-1.8
48,0,0,0,7.175,0,0.28,0,0,0,1.5,0,0,0,0.9,-1.8,0,0.9,-1.8,0,0.9,-1.8,0,0.9,-1.8
48,0,0,0,7.19,0,0.28,0,0,0,1.5,0,0,0,0.9,-1.8,0,0.9,-1.8,0,0.9,-1.8,0,0.9,-1.8
48,0,0,0,7.205,0,0.28,0,0,0,1.5,0,0,0,0.9,-1.8,0,0.9,-1.8,0,0.9,-1.8,0,0.9,-1.8
48,0,0,0,7.22,0,0.28,0,0,0,1.5,0,0,0,0.9,-1.8,0,0.9,-1.8,0,0.9,-1.8,0,0.9,-1.8
