-1.51384560392708e-07,-7.0094919623731e-05,0.000173508589698113,-1.98483765842925e-07,-6.99843700950886e-05,0.000174858548824819,9.9107568354402e-07,-6.6986596018781e-05,0.000165975767241644,9.45825905365225e-07,-6.65524276497464e-05,0.00016654039546804
-5.10991663703413e-06,-0.000458002202625929,0.00114710406072716,-5.07941122948604e-06,-0.000455509921271746,0.00116783356384964,1.37908953919075e-05,-0.000416631074231733,0.00104680968325699,1.38206344274031e-05,-0.000408781093086841,0.00105454345552047
-3.11818616750716e-05,-0.00115929615191002,0.00288688607633958,-3.12043495077212e-05,-0.00114708407240527,0.00297555494382973,5.22100567895613e-05,-0.00100719112412029,0.00251768821913423,5.21980326565572e-05,-0.000971428897920346,0.0025490728285642
-0.000105446098385148,-0.00211906590444766,0.00513129336275542,-0.000105543959228363,-0.00208449295879176,0.00536422085651456,0.000117350557234032,-0.00177996152076543,0.0043065892637375,0.000117327300868243,-0.00168295613196623,0.00438673660502964
-0.000262003596880725,-0.00330474354914512,0.00759535103848386,-0.00026244019858867,-0.00323087546236689,0.00807184290023288,0.000197605062652938,-0.00272471667391261,0.00618191561451065,0.000197542413508001,-0.00252368274576908,0.00634406454637659
-0.0005389520489381,-0.00470118024655197,0.00998650687354274,-0.000540506934125904,-0.00456915978743733,0.0108240175561805,0.000269871852131635,-0.00386313912833236,0.00794351095452317,0.000269661213609583,-0.00351111187588771,0.00822980133357776
-0.000974798116902825,-0.0063060384455933,0.0120187448023268,-0.000979704475009907,-0.00609932026384286,0.0133484293523822,0.000301044014276531,-0.00523331374037572,0.00941460352259105,0.000300351877844455,-0.00468654673428204,0.00987805943610898
-0.00160354375742809,-0.00812288291296848,0.0134248322468409,-0.00161646375492059,-0.00783564403425197,0.0153854777427083,0.000249740853897242,-0.00687429913126869,0.0104344064170045,0.000247730680060539,-0.00610217523321843,0.0111418780687651
-0.00244880375683647,-0.0101505799025923,0.0139645252486598,-0.00247836833499442,-0.00979989798324876,0.0166963102885545,6.84260530292779e-05,-0.00880999126428383,0.0108513397994092,6.33909481845517e-05,-0.00780782195608909,0.0118869412136156
-0.00351560740529892,-0.0123658324805478,0.0134318187396438,-0.00357615275092542,-0.0120098743790737,0.0170655701271234,-0.000293677485136417,-0.0110315423598411,0.0105173131127825,-0.000304826760804887,-0.00983652878652008,0.0119853281016984
-0.00478212465573979,-0.0147003331064914,0.0116590889907129,-0.00489485621102438,-0.0144597074279993,0.0163014579972627,-0.000886582987807251,-0.0134781287259076,0.00928365462231806,-0.000909012792796039,-0.0121880046222418,0.0113094455193252
-0.00619254336279354,-0.0170146109312996,0.00852069765553054,-0.00638464156566304,-0.0170920456638601,0.0142328695347134,-0.00175418518071115,-0.0160169991920738,0.00699987428176296,-0.00179587603396783,-0.0148092405285487,0.00972650910129458
-0.00765467155690373,-0.0190761543882769,0.00393621866586669,-0.00795514904426642,-0.0197629078012533,0.0107077802990196,-0.0029270831012016,-0.0184252060174739,0.00351476534405126,-0.00299960029929569,-0.0175725119073071,0.00709403964973498
-0.00904612958137847,-0.0205540588726956,-0.00212691152550981,-0.00947687542313214,-0.022206937932032,0.00559516413302585,-0.00441454653779018,-0.0203797823918679,-0.00131669927179479,-0.00453312894650063,-0.0202525790005734,0.00325753180392141
-0.0102312449901518,-0.021040929731432,-0.00965389716539589,-0.0107953563180434,-0.0240189130595045,-0.0012064221063639,-0.00619512595962582,-0.02146388892503,-0.0076252090683262,-0.00637841852713964,-0.0225090206485565,-0.0019483193402392
-0.0110873351766553,-0.0201093234806415,-0.0185888853753626,-0.0117581639270833,-0.0246716815667489,-0.00975563787125022,-0.00821022352140961,-0.0212004272909418,-0.0155165401262858,-0.00847787083946522,-0.0238838025924446,-0.00869399404242799
-0.0115335718378158,-0.0173898168216651,-0.028851130774183,-0.0122513065921029,-0.0235887543115754,-0.0200540799872297,-0.0103607958976872,-0.0191147545147687,-0.0250653768662348,-0.0107294079243429,-0.0238261331105385,-0.0171450248183436
-0.011551913062634,-0.0126444560247438,-0.0403623970584395,-0.0122334519414848,-0.0202658676055498,-0.032044158759009,-0.0125115481797047,-0.0148179148956746,-0.0363198904327215,-0.0129886943137253,-0.021757236589101,-0.0274508662021433
-0.011191252213049,-0.00580392850246692,-0.0530843713960412,-0.0117514988043703,-0.014397031890395,-0.0456304886535057,-0.0145031487487709,-0.0080825038207053,-0.0493214865065728,-0.0150809468939009,-0.0171680593557435,-0.0397383750720168
-0.0105525958083133,0.00304919150391858,-0.0670642867813811,-0.0109288357914116,-0.00594298357902878,-0.0607295318241325,-0.0161704760549786,0.00112014790911319,-0.0641435845385709,-0.0168217973471435,-0.00972677286505608,-0.0541191188295596
-0.00976082136672561,0.0137457369582485,-0.0824907138931801,-0.00992948050232478,0.00490124149893334,-0.0773456508336938,-0.0173632830759304,0.0126438558151547,-0.0809498844207646,-0.0180428642158335,0.000650759134315448,-0.070722232966701
-0.00893277846844673,0.026125955204183,-0.0997724286532298,-0.0089112014092812,0.0178302570738837,-0.0956699597288218,-0.0179632261051973,0.0262525875007791,-0.100077617807151,-0.018613910022301,0.0138072310611446,-0.0897581237581382
-0.00815304234226803,0.0401552303166037,-0.119675261867586,-0.00798790641874209,0.0325979164719634,-0.116214236099678,-0.0178921253996678,0.0417501349951392,-0.122171154818231,-0.0184565367690954,0.0294421316594078,-0.111631588581072
-0.00745842794864754,0.0560857450553753,-0.143601926065276,-0.00720839536946938,0.0492071665459177,-0.140038843664564,-0.0171104529078133,0.0591656491772741,-0.148443006910514,-0.0175403006984456,0.0472974141621241,-0.137142656624412
-0.00683637454908415,0.074779594885942,-0.174257047627401,-0.0065543069625478,0.0681772571007788,-0.169243192504171,-0.0156050977999398,0.0790851541751854,-0.181296402027282,-0.0158684386251658,0.0674471096383793,-0.167909102343119
-0.000216335700638115,-0.0336451167933327,0.0677674537603734,-0.000413453639441674,-0.0329083562973245,0.0651396517471194,3.59739194579212e-05,-0.0340300811795602,0.0685930868272908,-0.000193384856405715,-0.0329658785910756,0.0651888203256374
-4.15175898599018e-05,-0.0311922972009293,0.0633231290183454,-0.000235380724028122,-0.0305910723283624,0.0610455071898057,0.000250521389184299,-0.0315438079203734,0.064068740369515,2.85805813823592e-05,-0.0306423134312266,0.0610843681380118
0.000151396040574098,-0.0289394005396786,0.0593491531969876,-3.65305710516295e-05,-0.0284165714506492,0.0573251850115639,0.000486054184755474,-0.0292675832498583,0.0600342647666616,0.000275137356824884,-0.0284601590586142,0.0573524194109176
0.000363354622379047,-0.026839322712241,0.0557515136237987,0.000184379209364371,-0.026346962410243,0.0539063730065337,0.000743593371075546,-0.027151898680366,0.0563905699307745,0.000547722824070035,-0.0263813656069907,0.0539205828998763
0.000595193085207391,-0.0248564716423803,0.0524598295032168,0.000428550461418459,-0.0243525273166285,0.0507335217698264,0.00102402061579973,-0.0251594697624777,0.0530637870892874,0.000847641250959763,-0.0243760531098864,0.0507332176626956
0.000847601248009006,-0.0229633549612391,0.0494200236784184,0.000697025375675259,-0.0224095022455066,0.0477630270568994,0.00132805014736453,-0.0232615404232683,0.0499974505217906,0.00117598379918338,-0.0224202954208779,0.0477466167537215
0.00112110808575966,-0.0211381527818013,0.0465900378223572,0.00099062083819898,-0.0204986275308099,0.0449600032308697,0.00165615262265525,-0.0214355155761206,0.0471473121456618,0.00153354762348767,-0.0204946819511651,0.0449257878058378
0.00141599557020328,-0.019363586759104,0.0439358004526735,0.00130985305322573,-0.0186042064985938,0.042296057645282,0.00200860411383663,-0.0196631429281582,0.0444784740387811,0.00192074354417968,-0.0185833896710694,0.042242233669866
0.0017322665692987,-0.0176255734476889,0.0414298388648591,0.00165486711916316,-0.016713569418817,0.039747615335056,0.00238524629532591,-0.0179298595237654,0.0419620171750139,0.00233750380924383,-0.0166736623940376,0.0396722852473355
0.00206958347248906,-0.0159127020511829,0.0390493171232789,0.00202529627802625,-0.0148164192378681,0.0372952920982703,0.00278557219999073,-0.0162236501426229,0.0395743277473091,0.00278313933472774,-0.0147551748577968,0.037196471645589
0.00242720837973359,-0.0142157345655676,0.036774976652362,0.00242024175592356,-0.0129052059174317,0.0349221255304828,0.00320859279340482,-0.0145347400883291,0.0372954218033297,0.00325627026074329,-0.012820426213201,0.0347977763622369
0.00280394332909792,-0.0125272907769969,0.0345902983749222,0.00283812465974403,-0.0109745226586511,0.032613884590238,0.0036527791735691,-0.0128552191322722,0.0351081549743966,0.003754691129115,-0.0108641566201197,0.0324619379684092
0.00319807329654775,-0.0108416439245422,0.0324808769710341,0.00327661886103714,-0.0090213828520036,0.0303581924634075,0.00411599683825312,-0.0111788221544151,0.032997564671271,0.00427527779614231,-0.00888364405178166,0.0301765894236241
0.00360731567341836,-0.00915459893851422,0.0304339487172949,0.00373257668578494,-0.00704524080306435,0.0281442888636536,0.00459544750718199,-0.00950079986274299,0.0309503748538735,0.00481390953764552,-0.00687874124458765,0.0279310283035179
0.00402878754886067,-0.00746343317007625,0.0284380428976796,0.00420198283717027,-0.00504808190848283,0.025962795512414,0.00508766249152071,-0.00781785233675802,0.0289546543663555,0.00536542480396851,-0.00485197663589787,0.0257159906635778
0.00445892578837043,-0.0057668734824099,0.026482632233114,0.00467993925150806,-0.00303449012677737,0.02380556867733,0.00558820655794241,-0.00612812897869253,0.0269992909991261,0.00592362127293627,-0.00280862488895717,0.0235235072430457
0.00489360760162369,-0.00406512577138107,0.0245581610004706,0.00516071405877845,-0.001011675574625,0.0216655272670163,0.00609233547961331,-0.00443122409513652,0.025074458440423,0.00648134065377384,-0.000756715480173975,0.0213467226567396
0.00532802087061865,-0.00235985147402928,0.022655601559026,0.00563773275967305,0.00101060842559764,0.0195368035340762,0.00659415146912919,-0.00272824570777308,0.0231705502386808,0.00703045338588032,0.00129307831960235,0.01918014564477
0.00575678664561846,-0.000654287186810709,0.0207666030718583,0.00610381396175533,0.00302015676506295,0.0174143915914118,0.00708727128556788,-0.00102186420456807,0.0212787906481888,0.00756226392204302,0.00332757544721662,0.0170190588186738
0.00617404817471534,0.00104684097564145,0.0188833537893212,0.00655146217338165,0.00500279691899119,0.0152940924599814,0.00756471352630343,0.000683654270815737,0.0193909387035203,0.00806764761189888,0.00533163628500222,0.0148599180010991
0.00657354349854834,0.00273733075067106,0.0169984703577106,0.00697280460168849,0.00694268528282382,0.0131730749165051,0.00801902895062562,0.0023824943088484,0.0174991634937367,0.0085370359811688,0.00728833475540247,0.0127003604953333
0.00694883159447172,0.00440940399924883,0.0151055454043449,0.00735979405342466,0.0088229630382024,0.0110492765871499,0.00844258198689453,0.00406711174687846,0.0155966897055033,0.00896185600312958,0.00918031950111886,0.0105386242056036
0.00729337815702007,0.0060541841527475,0.0131982895930389,0.00770530796173417,0.0106266560814205,0.00892129639547923,0.00882762757747425,0.00572871701779287,0.013676829620346,0.00933316281022149,0.0109900846464421,0.00837421447252407
0.00760085054890207,0.0076616345675482,0.0112714114497838,0.00800276498165059,0.0123375133368973,0.00678875663539635,0.00916669542412181,0.00735716003353026,0.0117339824657763,0.0096438735616149,0.0127009872987951,0.00620721898426213
0.00786531755244263,0.00922102130427849,0.0093203326614093,0.00824632953897046,0.013940674255013,0.00465198900790131,0.00945282034672316,0.00894138979568426,0.00976331751318726,0.00988778660801355,0.014298408640889,0.00403850824340379
0.00808149706158626,0.0107213027089872,0.00734133194214692,0.00843133317409654,0.0154235401811766,0.00251183705703983,0.00967985319328379,0.0104698460139556,0.00776094835642516,0.010060185164833,0.0157702491698863,0.0018694178565366
0.00824482030470026,0.0121517750785174,0.0053314989671458,0.00855507340178824,0.0167769278264054,0.000369606652026011,0.00984258420745114,0.0119310518068654,0.00572391364711544,0.0101586513856263,0.017108069631929,-0.000298377494358348
0.00835227815390382,0.0135022239449083,0.00328918871892592,0.00861591763141713,0.0179950334481287,-0.00177317113277597,0.00993748873655736,0.0133141029922463,0.00365053270668181,0.0101823123879679,0.0183071887636157,-0.00246308005323836
0.00840148387184561,0.014764125548578,0.00121326658514986,0.00861400706482456,0.0190760842326247,-0.00391491431357816,0.00996229543886219,0.0146094186312047,0.00153994271448488,0.0101320203753015,0.0193669038184121,-0.00462298938966654
0.00839177597878429,0.0159308924834465,-0.000896277153068947,0.00855075412061736,0.0200221081824377,-0.00605425548643312,0.00991638245890587,0.0158092405360248,-0.000607577207667021,0.0100108243805034,0.0202908022588448,-0.00677673340948726
0.00832379346260629,0.016998108860844,-0.00303867880319419,0.00842947559791836,0.0208392678853622,-0.00819007177768016,0.00980097431171495,0.0169086526272204,-0.00279097989904065,0.0098231116593427,0.021086118785991,-0.00892335425044966
0.00819953373498242,0.0179645680225535,-0.0052125684617268,0.00825415300331309,0.021536738062893,-0.0103218241247061,0.00961893135255903,0.0179052152407175,-0.00500823399106798,0.00957451177469017,0.0217632334406079,-0.0110626029655232
0.00802227619559555,0.0188317958726498,-0.00741614556550951,0.00803010751939173,0.0221267668614389,-0.012449663528606,0.00937460472961852,0.0188001505428037,-0.0072571012751812,0.00927174706808162,0.0223354700111997,-0.0131950494277202
0.00779641395907968,0.0196044554500256,-0.00964738783015084,0.00776296586942174,0.02262358893524,-0.0145745469467449,0.00907371782242484,0.0195975409932814,-0.00953487826063215,0.00892227485159482,0.02281747013705,-0.0153219849986086
0.00752718981351424,0.0202900347132364,-0.0119043504836922,0.00745942897861572,0.0230427487646079,-0.0166980465063147,0.00872304415230136,0.0203047477251015,-0.01183896242663,0.00853379538637915,0.0232258301088286,-0.01744575095538
0.00722071152360394,0.0208984973417969,-0.0141852225026597,0.00712581966344038,0.0234009405958686,-0.0188230037254629,0.00833008817658829,0.0209317855439024,-0.0141670654605077,0.00811429006405399,0.0235769399112251,-0.0195696668921967
0.00688316561009674,0.0214419862946447,-0.0164890885513485,0.00676865372155556,0.0237147031976193,-0.0209529986615919,0.00790282300655207,0.0214909846303117,-0.0165175371992108,0.00767124240583038,0.0238878448441049,-0.0216979148145815
0.0065212790383565,0.0219339451838825,-0.0188154400640697,0.0063942711783583,0.0240004167381143,-0.0230924739284237,0.00744951568638706,0.0219961733649001,-0.0188894394127566,0.00721221459032721,0.0241745882622955,-0.0238357117930739
0.00614141197905742,0.022388909281811,-0.0211650649879762,0.00600858771036072,0.0242739213175716,-0.0252473208289676,0.00697776729196667,0.022462400635535,-0.0212832736415765,0.0067438427933451,0.0244529055132909,-0.0259894317410603
0.00574988723356887,0.0228217261520991,-0.0235396470216966,0.00561702499476566,0.0245500435274517,-0.0274239694298881,0.00649551576278939,0.0229050095815471,-0.023700324579587,0.00627229262564127,0.0247373613926929,-0.0281662551160196
0.00535242272838682,0.0232473328063825,-0.0259426313632329,0.00522446061633224,0.0248427376134011,-0.0296302336411887,0.00600928509132725,0.0233394019613002,-0.0261439210501164,0.00580298881184382,0.0250416281940739,-0.0303746231001072
0.00495428509588215,0.0236802033944364,-0.0283784183030735,0.00483515991577645,0.0251649776407352,-0.0318750365096352,0.00552550587522567,0.0237805997210219,-0.0286185605548512,0.00534060723936372,0.0253784265393491,-0.0326241311021809
0.00456011670272242,0.024134382508481,-0.0308537127715698,0.00445276855663777,0.0255288883628652,-0.0341686482143118,0.00504950234248103,0.0242430205130398,-0.0311307551943436,0.00488908084504341,0.0257596828949622,-0.0349257540288566
0.00417383467029597,0.0246231864249435,-0.0333765410725402,0.0040803228445344,0.0259459260048203,-0.0365228818998582,0.00458577596854064,0.02474038148294,-0.0336888905481216,0.00445162584955781,0.0261967384839866,-0.0372920654762359
0.003798722688728,0.0251594018153827,-0.0359572537259809,0.00372027792966843,0.0264271372243222,-0.0389513807619806,0.00413799877052405,0.0252857748867727,-0.036303544777752,0.00403078589044979,0.0267006336611612,-0.0397375580481358
0.00343740252433578,0.0257553920311486,-0.0386085210306346,0.00337454914685034,0.0269834912287149,-0.0414700156176939,0.0037090342634914,0.0258918340132379,-0.0389877612238601,0.00362848879463447,0.0272824649572376,-0.0422790851608874
0.00309188206915467,0.0264233907815934,-0.0413457688010428,0.00304456194396251,0.0276262903130601,-0.0440974279010433,0.00330099832052745,0.0265710324792351,-0.0417574447526943,0.0032461109055776,0.0279538236974828,-0.0449364643951748
0.0027636115476064,0.0271759025057363,-0.0441877222904274,0.00273130640074862,0.0283676752451703,-0.0468557700953187,0.00291533667221816,0.0273361066298768,-0.0446319089314002,0.00288454449445237,0.0287273372662536,-0.0477333009799898
-0.00731363714390064,-0.0853664319431591,0.134521844266358,-0.00735354610050357,-0.0931839339710001,0.138903524184437,-0.0178169178578377,-0.0858328581783913,0.13535113323855,-0.0174074913118634,-0.0967671869499392,0.14802533716267
-0.00647908390506116,-0.0734242028714361,0.111320485590066,-0.00656381807556801,-0.0810664756685747,0.114189453982188,-0.0181384243045538,-0.0734398786633581,0.111164819963443,-0.0176849057799699,-0.0842125378038214,0.122345685583352
-0.00551474462894977,-0.0626896778462926,0.0915197630645901,-0.0056223277196548,-0.0696051452281287,0.0935186604917253,-0.0168293121634116,-0.0625134328842251,0.091060938220906,-0.0164033869851803,-0.0724104882153002,0.100668640822715
-0.00449299215151648,-0.0529051855237666,0.0744798419792136,-0.00459145198915972,-0.0584723000545382,0.0760769457745618,-0.0139214278539383,-0.0528771824726118,0.0745303922067104,-0.0135819951695462,-0.0610145206921611,0.0822320104416678
-0.00351070532864976,-0.0439395695278817,0.0597976930917881,-0.00356814847832702,-0.0476146666652957,0.0613395933117222,-0.00969804845926052,-0.044404656759421,0.061094532468513,-0.00947504500868291,-0.0499111275342006,0.0665134300028187
-0.00267572441476674,-0.0357581085281093,0.0471737637461653,-0.00266994218294202,-0.0371987957344107,0.0489016453784452,-0.00467205607559131,-0.0369838966646023,0.0502133809566958,-0.00457173051980057,-0.0391936100375521,0.0530923350647221
-0.00208851523846737,-0.0284035714075119,0.0363470082199737,-0.00201284977453865,-0.0275487959939744,0.0384042338937047,0.000491476808209719,-0.0305095705382141,0.0412844909116088,0.000464097276588138,-0.0291364529417837,0.0416021655670722
-0.00182453505097089,-0.0219693388150815,0.0270645512353713,-0.00168780101522518,-0.0190643549381937,0.0295101524476502,0.00507798760108343,-0.0248920558570114,0.0336870694845386,0.00490169910732939,-0.020142640778233,0.0317213469686242
-0.00192297198598592,-0.0165637482671754,0.0190687785089931,-0.00174405508554522,-0.0121298277581476,0.0219008048885381,0.00842441993277991,-0.0200731050669434,0.0268350409011942,0.00807280656656673,-0.0126583341288995,0.02317254003859
-0.00238518203712484,-0.0122710116933609,0.0120917758265677,-0.00218504039553857,-0.00703314421284951,0.0152776333049243,0.0100073722657915,-0.0160329487944713,0.020219320500801,0.00948995570887087,-0.00706773431960928,0.0157128967422033
-0.00318201317615164,-0.00911929097344633,0.00585103435349366,-0.00297622419786539,-0.00390837167359259,0.00935848618299495,0.0095200003089591,-0.0127752448950076,0.0134328666494277,0.00892576483117628,-0.00359398880771611,0.00910966525380452
-0.00426466664176073,-0.00705644842336106,4.63221001023584e-05,-0.00406058440442662,-0.0027042282083436,0.00386791828291777,0.00693745972849757,-0.0102827371398382,0.00618083931689961,0.00643957884466893,-0.00223125637591437,0.00310763251232915
-0.0055740498949076,-0.00593558598077659,-0.00564343854943816,-0.00537210550191736,-0.00317711355225847,-0.00147809342071969,0.00255659150241165,-0.00845870354500544,-0.00172256397088111,0.00235618717238331,-0.00271948519234866,-0.00259972386827689
-0.00704296806890552,-0.00550617680857735,-0.0115587408600843,-0.00684305787549349,-0.00489796974288503,-0.00698422376969177,-0.00301643034739824,-0.00707973028391073,-0.0103680958274412,-0.00278918608879467,-0.00455615417534916,-0.00838235058976222
-0.00859065822081521,-0.00541191438375965,-0.0180534997832855,-0.00839941677692973,-0.00727094026019759,-0.0129830373515607,-0.00895441928535541,-0.00579661245372165,-0.0197786206303454,-0.00832235922218783,-0.00703310884315456,-0.0146617951419969
-0.0101121804316828,-0.00520089459094275,-0.025483281372785,-0.0099488544419005,-0.00956660192629677,-0.0198298942897521,-0.0143669632483706,-0.004194478982533,-0.0299449896342119,-0.013515099229392,-0.00929977101114021,-0.0218718688092499
-0.0114694952029643,-0.00435676852734668,-0.0341898843525676,-0.0113656861120489,-0.0109806147947873,-0.0278884108701645,-0.0184850482037646,-0.00188515280828616,-0.0408651691708477,-0.0176815147586681,-0.0104642695531607,-0.0304030102927122
-0.0124931600213259,-0.00235515958659005,-0.0444867686269999,-0.0124857290381222,-0.0107265911312466,-0.0375073238351713,-0.0208094294892254,0.00141931286071206,-0.0525782246526183,-0.0202860203489347,-0.00974032813598713,-0.0405459408115063
-0.0130022320884844,0.00126523745084661,-0.0566517978429699,-0.0131200975766053,-0.0081557381256141,-0.0489992869116951,-0.0211773153878737,0.00588951186647213,-0.0651934101437472,-0.0210394880633347,-0.00660414159076317,-0.0524669557677839
-0.0128427209053578,0.00684386029250095,-0.0709350900567038,-0.0130931819968362,-0.00286707547983767,-0.0626333887647035,-0.0197438133663562,0.0116264057734199,-0.0789188816402611,-0.0199556262111968,-0.000883512573066625,-0.0662381826691543
-0.0119369319883486,0.0145867634429675,-0.0875882531456535,-0.0122973731786694,0.00525035934293983,-0.0786552432608461,-0.0169097488649729,0.0187546094921593,-0.0941056265991431,-0.0173430045907216,0.00729625270195311,-0.0819348189330245
-0.0103292314145642,0.0246250911636186,-0.106924284211263,-0.0107498828637443,0.0160863953783636,-0.097346430847383,-0.0132397336920548,0.0275435141099205,-0.111326048070035,-0.0137452793644991,0.0177177586814175,-0.0997894164833797
-0.00821613762561793,0.0371459925468272,-0.129426937648675,-0.00863176716170914,0.0294974000521055,-0.119138419126598,-0.0094016000452431,0.0385543961584296,-0.131525999659176,-0.0098627522504142,0.0303648041252433,-0.12040269413364
-0.00595800963627267,0.0525979969918784,-0.155961798176221,-0.00630345386572163,0.0455800037261411,-0.144819702465851,-0.00614076346885771,0.0528496745950697,-0.156339515992799,-0.00649402938752036,0.0457452695407607,-0.145061084167051
-0.00282119340286147,-0.0181985613708575,0.0459795385323782,-0.00300715562867947,-0.0190782567205019,0.0467428974877018,-0.00282108651141778,-0.0181999365542598,0.0459819189726021,-0.00300701307746741,-0.0190795340898657,0.046745189769491
-0.002880757165298,-0.0162785494563242,0.0433038784527551,-0.00308197139149838,-0.0172048130959208,0.044194541978694,-0.00288065920016778,-0.0162798778136941,0.0433061108806461,-0.00308183769235505,-0.0172060545035972,0.0441966968021787
-0.00293275625565013,-0.0143900467295714,0.0407666631915031,-0.003149660973223,-0.0153465109780839,0.041771413282867,-0.00293267047518619,-0.0143913387172958,0.0407687707801319,-0.00314953810547099,-0.0153477278318543,0.0417734508378902
-0.00297582687393175,-0.012523729400854,0.0383461259522211,-0.00320860895997099,-0.0134929235402377,0.0394527356396908,-0.00297575514118455,-0.0125249925907216,0.0383481253021127,-0.00320849910007277,-0.0134941254113441,0.0394546727541636
-0.00300850908424173,-0.0106727734382102,0.0360240535923853,-0.00325707168794116,-0.0116358423850673,0.0372208186911691,-0.00300845333079387,-0.0106740135781618,0.0360259584848206,-0.00325697717163212,-0.0116370372657657,0.0372226696813129
-0.00302929851203525,-0.00883257911600377,0.0337850796050505,-0.00329319909531324,-0.00976912397264895,0.0350603932533247,-0.0030292607081493,-0.00883380036560588,0.0337869016022072,-0.00329312239223579,-0.0097703184225939,0.0350621704626053
-0.00303667576451402,-0.00700058120359537,0.0316161018060419,-0.00331509158548871,-0.00788862951488456,0.0329581351361483,-0.00303665788257104,-0.00700178630501558,0.0316178507039737,-0.00331503522816788,-0.00788982873729971,0.0329598493208545
-0.00302914114511114,-0.00517611742663315,0.0295058479331565,-0.00332061862395454,-0.0059922627774931,0.0309020441678096,-0.00302914511775679,-0.00517730783441395,0.029507532105872,-0.00332058539019381,-0.00599347058370081,0.0309037049843939
-0.00300524208713507,-0.0033603275719476,0.0274445648088117,-0.00330808071966819,-0.00407998497407647,0.0288819143292609,-0.0030052697799527,-0.00336150356290177,0.0274461914537905,-0.00330807305373938,-0.00408120385252064,0.0288835301525432
-0.00296373086561054,-0.00155609047701399,0.0254235558664573,-0.00327526390799025,-0.00215405157340687,0.026888064679401,-0.00296378388941672,-0.00155725122106154,0.0254251313931877,-0.00327528455800893,-0.00215528243239826,0.0268896431981869
-0.00290330280079582,0.000232150426207722,0.0234356526084483,-0.00322071650679413,-0.000218672069364434,0.0249119817209635,-0.00290338275046448,0.00023100670853049,0.0234371823934922,-0.00322076779071218,-0.000219914424368639,0.0249135298950178
-0.0028231417288576,0.00199838504033312,0.0214740152105684,-0.00314260794603503,0.0017189827289672,0.0229462572256187,-0.00282324975189144,0.00199726102961417,0.0214755042134258,-0.00314269206502672,0.00171773105561979,0.0229477812584693
-0.00272246983809567,0.00373526652726053,0.0195331094668436,-0.00303979153327967,0.00364994964767051,0.0209839797330509,-0.00272260691323888,0.00373416563214546,0.0195345619446989,-0.00303991035710165,0.00364869244952404,0.0209854852778659
-0.00260094101221067,0.00543437274039094,0.0176078246002778,-0.00291135414184027,0.00556266282763662,0.0190193034085828,-0.00260110761767393,0.00543329904142409,0.0176092444284603,-0.0029115090944959,0.00556140552757189,0.019020795495797
-0.0024585628401623,0.00708632604429749,0.0156937701365938,-0.00275686782121214,0.00744348545215789,0.0170472204479486,-0.0024587591204204,0.00708528387315122,0.0156951608878857,-0.00275705979877294,0.00744223501280561,0.0170487035015081
-0.00229570270778785,0.00868106981911487,0.013787469649877,-0.00257635428141519,0.0092770076402453,0.0150635580424821,-0.00229592831448198,0.00868006391574072,0.0137888343523436,-0.00257658362389471,0.00927577236539823,0.01506503588522
-0.00211320468899823,0.0102086136708426,0.0118856152925053,-0.0023706961608132,0.0110464053419259,0.013065491905683,-0.00211345883686377,0.010207648766954,0.0118869567302773,-0.00237096247255755,0.0110451946415249,0.0130669676683195
-0.0019121681735723,0.0116586453354326,0.0099858906058059,-0.00214095630764871,0.0127343505523376,0.0110506661905547,-0.00191244941862453,0.0116577256365877,0.00998721163376137,-0.00214125826948716,0.0127331745358432,0.0110521421250449
-0.00169438611748526,0.0130221153589534,0.00808605117382077,-0.0018893306129163,0.0143235210756338,0.00901825495433961,-0.0016946927579265,0.0130212449769773,0.0080873539231554,-0.0018896665387739,0.0143223899915821,0.009019732993373
-0.00146185274153773,0.0142905840805732,0.00618469282918088,-0.00161830331985555,0.0157975163726829,0.0069681967298818,-0.00146218253296226,0.0142897663407615,0.00618597952887878,-0.00161867053330061,0.0157964400169563,0.00696967786462022
-0.0012169477111012,0.0154571417004077,0.00428068853811547,-0.00133101375416234,0.0171422557684944,0.00490148122822465,-0.00121729797703005,0.0154563789728417,0.00428196122819813,-0.00133140890396025,0.0171412431081246,0.00490296579887728
-0.000962387928516051,0.0165168198618093,0.00237328235427059,-0.00103112658464391,0.0183462170751771,0.00281999070032279,-0.000962755673675403,0.0165161135221499,0.00237454293807149,-0.00103154573800149,0.0183452754077846,0.00282147847462966
-0.000701027624753492,0.0174665718937963,0.000461992676093814,-0.000722648486194383,0.0194016531763743,0.000726302052083128,-0.000701409520844382,0.0174659220754081,0.00046324297581668,-0.000723087204182987,0.0194007877396087,0.000727792281909778
-0.00043602038291049,0.0183060345555865,-0.00145344912415979,-0.000409828457716893,0.0203050547805839,-0.00137648880660812,-0.000436412983473272,0.0183054402639131,-0.00145220735178109,-0.00041028192683254,0.0203042684036736,-0.00137499725637769
-0.000170459811937862,0.0190370258779406,-0.00337320910511041,-9.69877674528719e-05,0.0210573961342424,-0.00348501113045652,-0.000170859572266063,0.0190364849064686,-0.00337197411092571,-9.74508593222789e-05,0.0210566891078394,-0.00348351961842486
9.26495190360921e-05,0.0196636360011964,-0.00529749910009469,0.000211555361092963,0.0216640433365236,-0.00559592294559685,9.22462187157302e-05,0.0196631449605136,-0.00529626906451242,0.00021108560764016,0.0216634118467582,-0.00559443269448279
0.000350140600710647,0.0201926309871512,-0.00722661571893823,0.000511712014799964,0.0221349734260832,-0.00770598551267065,0.000349737349821605,0.0201921849048139,-0.0072253891048577,0.000511246029679918,0.0221344152656811,-0.00770449863494083
0.000599543918959666,0.0206324200141654,-0.0091608449855638,0.000799908425280327,0.0224833814365692,-0.00981262157141316,0.000599143707715022,0.0206320140715419,-0.00915961862759529,0.00079944568694082,0.0224828870546994,-0.0098111384280628
0.000838021089944546,0.020993359947866,-0.0111013486503504,0.00107275135499527,0.0227255567840903,-0.0119138609318346,0.000837628419361358,0.0209929875173271,-0.0111001232328185,0.00107229845657122,0.0227251176307095,-0.0119123830540127
0.00106348149026461,0.021287184064031,-0.0130489415545934,0.00132751674263587,0.0228797098253295,-0.0140085596535662,0.0010630974311357,0.0212868384393541,-0.0130477126399886,0.00132707510620192,0.0228793174802344,-0.014007085466369
0.00127414277383917,0.0215263081542068,-0.0150054131292245,0.00156191096343528,0.0229652003570444,-0.0160966237283455,0.0012737710912801,0.0215259835294977,-0.0150041785377129,0.0015614874220351,0.022964842187392,-0.016095155305623
0.00146848167520097,0.0217238891480978,-0.0169729262059874,0.00177463998722979,0.023001638513184,-0.0181790375674264,0.0014681239467946,0.0217235769094619,-0.0169716839519642,0.00177423494870277,0.0230013046351448,-0.0181775729977689
0.00164542941395196,0.0218934251671238,-0.018954260767527,0.00196449042472185,0.0230083442663591,-0.0202579648763557,0.00164508745391348,0.0218931186374642,-0.0189530079773941,0.00196410650543635,0.023008023797837,-0.0202565024590911
0.00180427657786848,0.0220481358560014,-0.0209528769372134,0.0021310773371975,0.0230034917414349,-0.0223364692814196,0.00180395200051062,0.0220478281123717,-0.0209516103584977,0.00213071609372828,0.0230031746474002,-0.0223350070007009
0.00194471230131985,0.0222009686425113,-0.0229729845801527,0.00227444991782964,0.0230039988984051,-0.0244189410840869,0.00194440607366632,0.022200652934493,-0.0229717008100354,0.00227411232225247,0.0230036758436906,-0.0244174760095652
0.00206671261553004,0.0223643170190929,-0.0250195281671557,0.00239510514963787,0.0230251836187005,-0.0265108477333511,0.00206642541940302,0.0223639869424035,-0.025018223403511,0.00239479168787218,0.0230248461593715,-0.0265093763062119
0.00217058034486388,0.0225499747158951,-0.0270983140531746,0.00249388883022467,0.0230807206663223,-0.0286187261076174,0.0021703125418142,0.0225496242087792,-0.0270969839899924,0.00249359955617856,0.0230803612590884,-0.0286172440744221
0.00225691037809653,0.0227690739316717,-0.0292165993120475,0.00257193554481684,0.023182714676161,-0.0307502652559273,0.002256662032959,0.0227686972714808,-0.0292152391347624,0.00257167014080566,0.0231823266296796,-0.0307487676267191
0.00232642576683269,0.0230320958438529,-0.0313821450236258,0.00263059555342858,0.0233418641007339,-0.0329143610527076,0.00232619669214471,0.0230316875790209,-0.0313807492520333,0.00263035339720019,0.0233414414660984,-0.0329128420512466
0.00238007733863629,0.0233490319162084,-0.0336044367164501,0.00267136652822801,0.0235677066355853,-0.0351212211124228,0.00237986712864428,0.0233485867889079,-0.0336029990707756,0.00267114675666652,0.0235672440482567,-0.0351196740880919
0.0024189265115562,0.0237295209730354,-0.0358944513474193,0.00269583340034932,0.0238689263637062,-0.0373825377477441,0.00241873458173024,0.0237290337938875,-0.035892964563919,0.00269563496854787,0.0238684188475383,-0.0373809550426172
0.00244413853854199,0.0241830797542173,-0.0382651536309502,0.00270561660602105,0.0242537104692204,-0.0397117428881275,0.00244396416092026,0.0241825452389779,-0.0382636092397435,0.00270543834042777,0.0242531532081232,-0.0397101156475741
0.00245685366597437,0.0247194589381869,-0.0407314756800892,0.00270232908548339,0.0247301519294449,-0.0421243676289289,0.00245669601047661,0.0247188715108306,-0.0407298636130697,0.00270216973029003,0.0247295400068287,-0.0421226855386323
0.00245833997340089,0.0253489204302718,-0.0433118107138004,0.00268754190495546,0.0253067039354289,-0.0446385389519313,0.00245819812739594,0.025348273952581,-0.043310119005497,0.00268740016144517,0.0253060320353464,-0.0446367898769624
0.00244978414186477,0.0260828265104944,-0.0460278387198771,0.00266275796385944,0.0259927028476857,-0.0472756608075189,0.00244965714674479,0.0260821139605706,-0.0460260528606904,0.00266263252285646,0.0259919649038493,-0.0472738302978768
0.00243235966506776,0.026934207809861,-0.048906071642522,0.00262939298190402,0.0267989906569879,-0.050061349610883,0.00243224653754467,0.026933420852023,-0.0489041738292801,0.0026292825497323,0.0267981794254547,-0.0500594202202476
0.00240719210607533,0.0279185874847051,-0.051979221456663,0.00258876281108748,0.0277386877152115,-0.0530267304428318,0.00240709185821637,0.0279177158974623,-0.0519771895186574,0.00258866612967838,0.0277377942316414,-0.0530246807790058
0.00237534635179586,0.0290550822605341,-0.0552882765532525,0.0025420760648993,0.0288281964359663,-0.0562102589451789,0.0023752580074244,0.0290541131483407,-0.0552860824230752,0.00254199192673492,0.0288272092949421,-0.0562080623242991
0.00233781773504578,0.0303679426252675,-0.0588855039932481,0.00249043107725941,0.0300885649073411,-0.059660331660198,0.00233774034275983,0.0303668592949137,-0.0588831114747896,0.00249035833592254,0.030087469262882,-0.059657954158449
0.00229552656421531,0.0318887864596832,-0.0628389049101141,0.00243481627311644,0.0315474212642264,-0.0634391158428189,0.00229545920730742,0.0318875667594432,-0.0628362663257405,0.00243475385015773,0.0315461973839254,-0.0634365134021952
-0.00185709579424337,-0.0988709550811857,0.170713327917777,-0.00226829860253402,-0.0983714130135251,0.172527312042011,-0.00185748284177631,-0.0988696387139436,0.170711275089634,-0.00226872700645916,-0.0983701252629726,0.172525668329142
-0.000161746925877629,-0.0850349783729563,0.13953584649722,-0.000553672373921385,-0.0845321664855032,0.140662044638545,-0.000161186826595133,-0.0850332549119589,0.139531851730403,-0.000553111367007184,-0.0845303085283073,0.140657767262771
0.00160577600838298,-0.0738376889891181,0.114683152277037,0.00129544968537221,-0.0732434824381777,0.114644618083132,0.00160802486970012,-0.0738351720831741,0.114675917009992,0.00129780781265747,-0.0732406252545533,0.114635958326185
0.00341198110730485,-0.0641403469752192,0.0938911426396103,0.00324103746958157,-0.0634215622928537,0.092433382019939,0.0034162800457971,-0.0641370104877955,0.0938806329694499,0.00324560058207522,-0.0634176512376009,0.0924200793894774
0.00516396139787431,-0.0553350573539765,0.0759671472893242,0.00516920016136413,-0.0544653025842884,0.0730121591042381,0.0051702262480588,-0.0553309940665545,0.0759539777078855,0.00517587644576589,-0.0544603925019327,0.0729948806957914
0.00672703816566363,-0.0470910593622463,0.0602363067661313,0.00691055179236558,-0.0460352169052572,0.0558737782864092,0.0067347526685122,-0.0470864052843393,0.0602214118099398,0.00691874831485355,-0.0460294059854,0.0558538000115676
0.00795376542001018,-0.0392514510244929,0.0463043372873373,0.00827932719311875,-0.0379743651333223,0.040778315632068,0.00796208674155681,-0.039246384683576,0.0462887827552274,0.00828807846085823,-0.0379678378109949,0.0407572664924447
0.008720322262133,-0.0317830718698401,0.0339437376719465,0.0091241253770334,-0.0302710362105409,0.0276190066883242,0.00872826327197716,-0.0317778366922102,0.0339286077196594,0.00913232875331427,-0.0302641251360092,0.0275986376889503
0.00896006073257689,-0.0247412814295001,0.0230332300976483,0.00937115601960897,-0.0230233587724329,0.0163383992342316,0.00896670050706721,-0.024736193189475,0.0230195520879475,0.0093778321123751,-0.0230165648506568,0.0163203507871179
0.00868186730012627,-0.0182374669108878,0.0135214413477907,0.00904355466617136,-0.0163891392715514,0.00688292210089791,0.00868652353769588,-0.0182328986166707,0.0135101284300037,0.00904803823354797,-0.0163830676305667,0.00686855243543949
0.00796718925229198,-0.0124030452255213,0.00539853764288933,0.00824881446245001,-0.0105311617156159,-0.000819445464574464,0.00796950588093527,-0.01239937772077,0.00539032356881197,0.00825081438092398,-0.0105264167125783,-0.000829252025076777
0.00694719803066953,-0.00735689499171022,-0.00132743323029505,0.0071438591948841,-0.00557376482551875,-0.00686052454389463,0.00694714879737317,-0.00735445489581021,-0.00133204399047759,0.00714346494851857,-0.00557077031848219,-0.00686503791329374
0.0057702093288886,-0.00318164368463747,-0.006651241126995,0.00589447638897596,-0.00158039919253117,-0.0113472222859228,0.00576802307547879,-0.00318065010906765,-0.00665202940013154,0.00589196090319664,-0.00157945202279297,-0.0113465918527638
0.00457206014950504,8.89796002869758e-05,-0.0105865872706166,0.00464334767628588,0.00144792390979509,-0.0143960394547022,0.00456813495329314,8.84537051963896e-05,-0.0105836387622125,0.0046391574715186,0.00144680454475465,-0.0143905288227493
0.00345667808366766,0.00246951775499449,-0.0131770418731412,0.00349386053952061,0.00356145501913741,-0.0161316655373702,0.00345149335394273,0.00246755260423281,-0.0131707439658557,0.00348848471212854,0.00355844889889623,-0.0161219622219471
0.00248984153202251,0.00401711934197913,-0.0145029092231437,0.00250731235977025,0.00484748701001836,-0.0166894679214127,0.00248388783018478,0.00401393499736069,-0.0144939172064795,0.00250123949609251,0.0048429455971839,-0.0166765407949132
0.00170173513406964,0.00482143785314371,-0.0146833368421428,0.00170908176529024,0.00541685122594071,-0.016219983829167,0.00169549433702032,0.00481737381342717,-0.0146725137774144,0.00170277103419615,0.00541125068898696,-0.0162050029725198
0.00109530580161492,0.00499535525992867,-0.0138771310916876,0.00109805043003316,0.00539507841556164,-0.0148937734927572,0.00108920524087499,0.00499081987429917,-0.0138654670230354,0.00109191351278612,0.00538896730686256,-0.0148780131978539
0.000655704911990103,0.00466826687877009,-0.0122797481706365,0.000656543837740294,0.00491600924652968,-0.0129043399899378,0.000650116147733018,0.00466370136991689,-0.0122682603209654,0.000650937913475563,0.00490994827601243,-0.012889074970015
0.000357627149536934,0.00397940495962446,-0.0101199666998832,0.000357848881812122,0.00411804645901714,-0.0104684164609479,0.000352844275413616,0.00397522309601706,-0.0101096030868835,0.000353059864234138,0.00411255515230491,-0.0104548006074077
0.000171785052984327,0.0030734154865617,-0.00765251682450385,0.000171827533996988,0.0031408233571748,-0.00782279513005824,0.000168017338510948,0.00306995957070155,-0.00764403762254817,0.000168058022124825,0.00313631933009373,-0.00781174198936263
6.84994142371906e-05,0.00209519491649068,-0.00514978642744168,6.85026264221145e-05,0.0021217499313535,-0.00521819744532204,6.58490645395837e-05,0.00209268492440229,-0.00514366732362914,6.58519317400459e-05,0.00211849498740269,-0.00521026178387451
2.02742800924401e-05,0.00118482144711507,-0.00289058377829887,2.02692201797704e-05,0.00119214091791719,-0.00291055669975471,1.87147352256696e-05,0.0011833156599379,-0.00288692637923171,1.87096532904369e-05,0.00119019410133281,-0.00290582823442964
3.50357114551052e-06,0.000472138516058207,-0.00114755738647476,3.49645374835525e-06,0.000473073028236515,-0.001150740138256,2.85357106017197e-06,0.000471504751891061,-0.00114602073566417,2.84646462028012e-06,0.000472254887689649,-0.0011487566497177
1.7201246156216e-07,7.15285895331874e-05,-0.000173632133275259,2.04472214926934e-07,7.15165508355931e-05,-0.000173748064406176,6.91470998554364e-08,7.14279465032774e-05,-0.000173388224451898,1.01555465541685e-07,7.13867455726103e-05,-0.000173433505631593
0,0,0,0,0,0,0,0,0,0,0,0
0,0,0,0,0,0,0,0,0,0,0,0
0,0,0,0,0,0,0,0,0,0,0,0
0,0,0,0,0,0,0,0,0,0,0,0
0,0,0,0,0,0,0,0,0,0,0,0
0,0,0,0,0,0,0,0,0,0,0,0
0,0,0,0,0,0,0,0,0,0,0,0
0,0,0,0,0,0,0,0,0,0,0,0
0,0,0,0,0,0,0,0,0,0,0,0
0,0,0,0,0,0,0,0,0,0,0,0
0,0,0,0,0,0,0,0,0,0,0,0
0,0,0,0,0,0,0,0,0,0,0,0
0,0,0,0,0,0,0,0,0,0,0,0
0,0,0,0,0,0,0,0,0,0,0,0
0,0,0,0,0,0,0,0,0,0,0,0
0,0,0,0,0,0,0,0,0,0,0,0
0,0,0,0,0,0,0,0,0,0,0,0
0,0,0,0,0,0,0,0,0,0,0,0
0,0,0,0,0,0,0,0,0,0,0,0
0,0,0,0,0,0,0,0,0,0,0,0
0,0,0,0,0,0,0,0,0,0,0,0
0,0,0,0,0,0,0,0,0,0,0,0
0,0,0,0,0,0,0,0,0,0,0,0
0,0,0,0,0,0,0,0,0,0,0,0
0,0,0,0,0,0,0,0,0,0,0,0
0,0,0,0,0,0,0,0,0,0,0,0
0,0,0,0,0,0,0,0,0,0,0,0
0,0,0,0,0,0,0,0,0,0,0,0
0,0,0,0,0,0,0,0,0,0,0,0
0,0,0,0,0,0,0,0,0,0,0,0
0,0,0,0,0,0,0,0,0,0,0,0
0,0,0,0,0,0,0,0,0,0,0,0
0,0,0,0,0,0,0,0,0,0,0,0
0,0,0,0,0,0,0,0,0,0,0,0
0,0,0,0,0,0,0,0,0,0,0,0
0,0,0,0,0,0,0,0,0,0,0,0
0,0,0,0,0,0,0,0,0,0,0,0
0,0,0,0,0,0,0,0,0,0,0,0
0,0,0,0,0,0,0,0,0,0,0,0
0,0,0,0,0,0,0,0,0,0,0,0
0,0,0,0,0,0,0,0,0,0,0,0
0,0,0,0,0,0,0,0,0,0,0,0
0,0,0,0,0,0,0,0,0,0,0,0
0,0,0,0,0,0,0,0,0,0,0,0
0,0,0,0,0,0,0,0,0,0,0,0
0,0,0,0,0,0,0,0,0,0,0,0
0,0,0,0,0,0,0,0,0,0,0,0
0,0,0,0,0,0,0,0,0,0,0,0
0,0,0,0,0,0,0,0,0,0,0,0
0,0,0,0,0,0,0,0,0,0,0,0
0,0,0,0,0,0,0,0,0,0,0,0
0,0,0,0,0,0,0,0,0,0,0,0
0,0,0,0,0,0,0,0,0,0,0,0
0,0,0,0,0,0,0,0,0,0,0,0
0,0,0,0,0,0,0,0,0,0,0,0
0,0,0,0,0,0,0,0,0,0,0,0
0,0,0,0,0,0,0,0,0,0,0,0
0,0,0,0,0,0,0,0,0,0,0,0
0,0,0,0,0,0,0,0,0,0,0,0
0,0,0,0,0,0,0,0,0,0,0,0
0,0,0,0,0,0,0,0,0,0,0,0
0,0,0,0,0,0,0,0,0,0,0,0
0,0,0,0,0,0,0,0,0,0,0,0
0,0,0,0,0,0,0,0,0,0,0,0
0,0,0,0,0,0,0,0,0,0,0,0
0,0,0,0,0,0,0,0,0,0,0,0
0,0,0,0,0,0,0,0,0,0,0,0
0,0,0,0,0,0,0,0,0,0,0,0
0,0,0,0,0,0,0,0,0,0,0,0
0,0,0,0,0,0,0,0,0,0,0,0
0,0,0,0,0,0,0,0,0,0,0,0
0,0,0,0,0,0,0,0,0,0,0,0
0,0,0,0,0,0,0,0,0,0,0,0
0,0,0,0,0,0,0,0,0,0,0,0
0,0,0,0,0,0,0,0,0,0,0,0
0,0,0,0,0,0,0,0,0,0,0,0
0,0,0,0,0,0,0,0,0,0,0,0
0,0,0,0,0,0,0,0,0,0,0,0
0,0,0,0,0,0,0,0,0,0,0,0
0,0,0,0,0,0,0,0,0,0,0,0
0,0,0,0,0,0,0,0,0,0,0,0
0,0,0,0,0,0,0,0,0,0,0,0
0,0,0,0,0,0,0,0,0,0,0,0
0,0,0,0,0,0,0,0,0,0,0,0
0,0,0,0,0,0,0,0,0,0,0,0
0,0,0,0,0,0,0,0,0,0,0,0
0,0,0,0,0,0,0,0,0,0,0,0
0,0,0,0,0,0,0,0,0,0,0,0
0,0,0,0,0,0,0,0,0,0,0,0
0,0,0,0,0,0,0,0,0,0,0,0
0,0,0,0,0,0,0,0,0,0,0,0
0,0,0,0,0,0,0,0,0,0,0,0
0,0,0,0,0,0,0,0,0,0,0,0
0,0,0,0,0,0,0,0,0,0,0,0
0,0,0,0,0,0,0,0,0,0,0,0
0,0,0,0,0,0,0,0,0,0,0,0
0,0,0,0,0,0,0,0,0,0,0,0
0,0,0,0,0,0,0,0,0,0,0,0
0,0,0,0,0,0,0,0,0,0,0,0
0,0,0,0,0,0,0,0,0,0,0,0
0,0,0,0,0,0,0,0,0,0,0,0
0,0,0,0,0,0,0,0,0,0,0,0
0,0,0,0,0,0,0,0,0,0,0,0
0,0,0,0,0,0,0,0,0,0,0,0
0,0,0,0,0,0,0,0,0,0,0,0
0,0,0,0,0,0,0,0,0,0,0,0
0,0,0,0,0,0,0,0,0,0,0,0
0,0,0,0,0,0,0,0,0,0,0,0
0,0,0,0,0,0,0,0,0,0,0,0
0,0,0,0,0,0,0,0,0,0,0,0
0,0,0,0,0,0,0,0,0,0,0,0
0,0,0,0,0,0,0,0,0,0,0,0
0,0,0,0,0,0,0,0,0,0,0,0
0,0,0,0,0,0,0,0,0,0,0,0
0,0,0,0,0,0,0,0,0,0,0,0
0,0,0,0,0,0,0,0,0,0,0,0
0,0,0,0,0,0,0,0,0,0,0,0
0,0,0,0,0,0,0,0,0,0,0,0
0,0,0,0,0,0,0,0,0,0,0,0
0,0,0,0,0,0,0,0,0,0,0,0
0,0,0,0,0,0,0,0,0,0,0,0
0,0,0,0,0,0,0,0,0,0,0,0
0,0,0,0,0,0,0,0,0,0,0,0
0,0,0,0,0,0,0,0,0,0,0,0
0,0,0,0,0,0,0,0,0,0,0,0
0,0,0,0,0,0,0,0,0,0,0,0
0,0,0,0,0,0,0,0,0,0,0,0
0,0,0,0,0,0,0,0,0,0,0,0
0,0,0,0,0,0,0,0,0,0,0,0
0,0,0,0,0,0,0,0,0,0,0,0
0,0,0,0,0,0,0,0,0,0,0,0
0,0,0,0,0,0,0,0,0,0,0,0
0,0,0,0,0,0,0,0,0,0,0,0
0,0,0,0,0,0,0,0,0,0,0,0
0,0,0,0,0,0,0,0,0,0,0,0
0,0,0,0,0,0,0,0,0,0,0,0
0,0,0,0,0,0,0,0,0,0,0,0
0,0,0,0,0,0,0,0,0,0,0,0
0,0,0,0,0,0,0,0,0,0,0,0
0,0,0,0,0,0,0,0,0,0,0,0
0,0,0,0,0,0,0,0,0,0,0,0
0,0,0,0,0,0,0,0,0,0,0,0
0,0,0,0,0,0,0,0,0,0,0,0
0,0,0,0,0,0,0,0,0,0,0,0
0,0,0,0,0,0,0,0,0,0,0,0
0,0,0,0,0,0,0,0,0,0,0,0
0,0,0,0,0,0,0,0,0,0,0,0
0,0,0,0,0,0,0,0,0,0,0,0
0,0,0,0,0,0,0,0,0,0,0,0
0,0,0,0,0,0,0,0,0,0,0,0
0,0,0,0,0,0,0,0,0,0,0,0
0,0,0,0,0,0,0,0,0,0,0,0
0,0,0,0,0,0,0,0,0,0,0,0
0,0,0,0,0,0,0,0,0,0,0,0
0,0,0,0,0,0,0,0,0,0,0,0
0,0,0,0,0,0,0,0,0,0,0,0
0,0,0,0,0,0,0,0,0,0,0,0
0,0,0,0,0,0,0,0,0,0,0,0
0,0,0,0,0,0,0,0,0,0,0,0
0,0,0,0,0,0,0,0,0,0,0,0
0,0,0,0,0,0,0,0,0,0,0,0
0,0,0,0,0,0,0,0,0,0,0,0
0,0,0,0,0,0,0,0,0,0,0,0
0,0,0,0,0,0,0,0,0,0,0,0
0,0,0,0,0,0,0,0,0,0,0,0
0,0,0,0,0,0,0,0,0,0,0,0
0,0,0,0,0,0,0,0,0,0,0,0
0,0,0,0,0,0,0,0,0,0,0,0
0,0,0,0,0,0,0,0,0,0,0,0
0,0,0,0,0,0,0,0,0,0,0,0
0,0,0,0,0,0,0,0,0,0,0,0
0,0,0,0,0,0,0,0,0,0,0,0
0,0,0,0,0,0,0,0,0,0,0,0
0,0,0,0,0,0,0,0,0,0,0,0
0,0,0,0,0,0,0,0,0,0,0,0
0,0,0,0,0,0,0,0,0,0,0,0
0,0,0,0,0,0,0,0,0,0,0,0
0,0,0,0,0,0,0,0,0,0,0,0
0,0,0,0,0,0,0,0,0,0,0,0
0,0,0,0,0,0,0,0,0,0,0,0
0,0,0,0,0,0,0,0,0,0,0,0
0,0,0,0,0,0,0,0,0,0,0,0
0,0,0,0,0,0,0,0,0,0,0,0
0,0,0,0,0,0,0,0,0,0,0,0
0,0,0,0,0,0,0,0,0,0,0,0
0,0,0,0,0,0,0,0,0,0,0,0
0,0,0,0,0,0,0,0,0,0,0,0
0,0,0,0,0,0,0,0,0,0,0,0
0,0,0,0,0,0,0,0,0,0,0,0
0,0,0,0,0,0,0,0,0,0,0,0
0,0,0,0,0,0,0,0,0,0,0,0
0,0,0,0,0,0,0,0,0,0,0,0
0,0,0,0,0,0,0,0,0,0,0,0
0,0,0,0,0,0,0,0,0,0,0,0
0,0,0,0,0,0,0,0,0,0,0,0
0,0,0,0,0,0,0,0,0,0,0,0
0,0,0,0,0,0,0,0,0,0,0,0
0,0,0,0,0,0,0,0,0,0,0,0
0,0,0,0,0,0,0,0,0,0,0,0
0,0,0,0,0,0,0,0,0,0,0,0
0,0,0,0,0,0,0,0,0,0,0,0
0,0,0,0,0,0,0,0,0,0,0,0
0,0,0,0,0,0,0,0,0,0,0,0
0,0,0,0,0,0,0,0,0,0,0,0
0,0,0,0,0,0,0,0,0,0,0,0
0,0,0,0,0,0,0,0,0,0,0,0
0,0,0,0,0,0,0,0,0,0,0,0
0,0,0,0,0,0,0,0,0,0,0,0
0,0,0,0,0,0,0,0,0,0,0,0
0,0,0,0,0,0,0,0,0,0,0,0
0,0,0,0,0,0,0,0,0,0,0,0
0,0,0,0,0,0,0,0,0,0,0,0
0,0,0,0,0,0,0,0,0,0,0,0
0,0,0,0,0,0,0,0,0,0,0,0
0,0,0,0,0,0,0,0,0,0,0,0
0,0,0,0,0,0,0,0,0,0,0,0
0,0,0,0,0,0,0,0,0,0,0,0
0,0,0,0,0,0,0,0,0,0,0,0
0,0,0,0,0,0,0,0,0,0,0,0
0,0,0,0,0,0,0,0,0,0,0,0
0,0,0,0,0,0,0,0,0,0,0,0
0,0,0,0,0,0,0,0,0,0,0,0
0,0,0,0,0,0,0,0,0,0,0,0
0,0,0,0,0,0,0,0,0,0,0,0
0,0,0,0,0,0,0,0,0,0,0,0
0,0,0,0,0,0,0,0,0,0,0,0
0,0,0,0,0,0,0,0,0,0,0,0
0,0,0,0,0,0,0,0,0,0,0,0
0,0,0,0,0,0,0,0,0,0,0,0
0,0,0,0,0,0,0,0,0,0,0,0
0,0,0,0,0,0,0,0,0,0,0,0
0,0,0,0,0,0,0,0,0,0,0,0
0,0,0,0,0,0,0,0,0,0,0,0
0,0,0,0,0,0,0,0,0,0,0,0
0,0,0,0,0,0,0,0,0,0,0,0
0,0,0,0,0,0,0,0,0,0,0,0
0,0,0,0,0,0,0,0,0,0,0,0
0,0,0,0,0,0,0,0,0,0,0,0
0,0,0,0,0,0,0,0,0,0,0,0
0,0,0,0,0,0,0,0,0,0,0,0
0,0,0,0,0,0,0,0,0,0,0,0
0,0,0,0,0,0,0,0,0,0,0,0
0,0,0,0,0,0,0,0,0,0,0,0
0,0,0,0,0,0,0,0,0,0,0,0
0,0,0,0,0,0,0,0,0,0,0,0
0,0,0,0,0,0,0,0,0,0,0,0
0,0,0,0,0,0,0,0,0,0,0,0
0,0,0,0,0,0,0,0,0,0,0,0
0,0,0,0,0,0,0,0,0,0,0,0
0,0,0,0,0,0,0,0,0,0,0,0
0,0,0,0,0,0,0,0,0,0,0,0
0,0,0,0,0,0,0,0,0,0,0,0
0,0,0,0,0,0,0,0,0,0,0,0
0,0,0,0,0,0,0,0,0,0,0,0
0,0,0,0,0,0,0,0,0,0,0,0
0,0,0,0,0,0,0,0,0,0,0,0
0,0,0,0,0,0,0,0,0,0,0,0
0,0,0,0,0,0,0,0,0,0,0,0
0,0,0,0,0,0,0,0,0,0,0,0
0,0,0,0,0,0,0,0,0,0,0,0
0,0,0,0,0,0,0,0,0,0,0,0
0,0,0,0,0,0,0,0,0,0,0,0
0,0,0,0,0,0,0,0,0,0,0,0
0,0,0,0,0,0,0,0,0,0,0,0
0,0,0,0,0,0,0,0,0,0,0,0
0,0,0,0,0,0,0,0,0,0,0,0
0,0,0,0,0,0,0,0,0,0,0,0
0,0,0,0,0,0,0,0,0,0,0,0
0,0,0,0,0,0,0,0,0,0,0,0
0,0,0,0,0,0,0,0,0,0,0,0
0,0,0,0,0,0,0,0,0,0,0,0
0,0,0,0,0,0,0,0,0,0,0,0
0,0,0,0,0,0,0,0,0,0,0,0
0,0,0,0,0,0,0,0,0,0,0,0
0,0,0,0,0,0,0,0,0,0,0,0
0,0,0,0,0,0,0,0,0,0,0,0
0,0,0,0,0,0,0,0,0,0,0,0
0,0,0,0,0,0,0,0,0,0,0,0
0,0,0,0,0,0,0,0,0,0,0,0
0,0,0,0,0,0,0,0,0,0,0,0
0,0,0,0,0,0,0,0,0,0,0,0
0,0,0,0,0,0,0,0,0,0,0,0
0,0,0,0,0,0,0,0,0,0,0,0
0,0,0,0,0,0,0,0,0,0,0,0
0,0,0,0,0,0,0,0,0,0,0,0
0,0,0,0,0,0,0,0,0,0,0,0
0,0,0,0,0,0,0,0,0,0,0,0
0,0,0,0,0,0,0,0,0,0,0,0
0,0,0,0,0,0,0,0,0,0,0,0
0,0,0,0,0,0,0,0,0,0,0,0
0,0,0,0,0,0,0,0,0,0,0,0
0,0,0,0,0,0,0,0,0,0,0,0
0,0,0,0,0,0,0,0,0,0,0,0
0,0,0,0,0,0,0,0,0,0,0,0
0,0,0,0,0,0,0,0,0,0,0,0
0,0,0,0,0,0,0,0,0,0,0,0
0,0,0,0,0,0,0,0,0,0,0,0
0,0,0,0,0,0,0,0,0,0,0,0
0,0,0,0,0,0,0,0,0,0,0,0
0,0,0,0,0,0,0,0,0,0,0,0
0,0,0,0,0,0,0,0,0,0,0,0
0,0,0,0,0,0,0,0,0,0,0,0
0,0,0,0,0,0,0,0,0,0,0,0
0,0,0,0,0,0,0,0,0,0,0,0
0,0,0,0,0,0,0,0,0,0,0,0
0,0,0,0,0,0,0,0,0,0,0,0
0,0,0,0,0,0,0,0,0,0,0,0
0,0,0,0,0,0,0,0,0,0,0,0
0,0,0,0,0,0,0,0,0,0,0,0
0,0,0,0,0,0,0,0,0,0,0,0
0,0,0,0,0,0,0,0,0,0,0,0
0,0,0,0,0,0,0,0,0,0,0,0
0,0,0,0,0,0,0,0,0,0,0,0
0,0,0,0,0,0,0,0,0,0,0,0
0,0,0,0,0,0,0,0,0,0,0,0
0,0,0,0,0,0,0,0,0,0,0,0
0,0,0,0,0,0,0,0,0,0,0,0
0,0,0,0,0,0,0,0,0,0,0,0
0,0,0,0,0,0,0,0,0,0,0,0
0,0,0,0,0,0,0,0,0,0,0,0
0,0,0,0,0,0,0,0,0,0,0,0
0,0,0,0,0,0,0,0,0,0,0,0
0,0,0,0,0,0,0,0,0,0,0,0
0,0,0,0,0,0,0,0,0,0,0,0
0,0,0,0,0,0,0,0,0,0,0,0
0,0,0,0,0,0,0,0,0,0,0,0
0,0,0,0,0,0,0,0,0,0,0,0
0,0,0,0,0,0,0,0,0,0,0,0
0,0,0,0,0,0,0,0,0,0,0,0
0,0,0,0,0,0,0,0,0,0,0,0
0,0,0,0,0,0,0,0,0,0,0,0
0,0,0,0,0,0,0,0,0,0,0,0
0,0,0,0,0,0,0,0,0,0,0,0
0,0,0,0,0,0,0,0,0,0,0,0
0,0,0,0,0,0,0,0,0,0,0,0
0,0,0,0,0,0,0,0,0,0,0,0
0,0,0,0,0,0,0,0,0,0,0,0
0,0,0,0,0,0,0,0,0,0,0,0
0,0,0,0,0,0,0,0,0,0,0,0
0,0,0,0,0,0,0,0,0,0,0,0
0,0,0,0,0,0,0,0,0,0,0,0
0,0,0,0,0,0,0,0,0,0,0,0
0,0,0,0,0,0,0,0,0,0,0,0
0,0,0,0,0,0,0,0,0,0,0,0
0,0,0,0,0,0,0,0,0,0,0,0
0,0,0,0,0,0,0,0,0,0,0,0
0,0,0,0,0,0,0,0,0,0,0,0
0,0,0,0,0,0,0,0,0,0,0,0
0,0,0,0,0,0,0,0,0,0,0,0
0,0,0,0,0,0,0,0,0,0,0,0
0,0,0,0,0,0,0,0,0,0,0,0
0,0,0,0,0,0,0,0,0,0,0,0
0,0,0,0,0,0,0,0,0,0,0,0
0,0,0,0,0,0,0,0,0,0,0,0
0,0,0,0,0,0,0,0,0,0,0,0
0,0,0,0,0,0,0,0,0,0,0,0
0,0,0,0,0,0,0,0,0,0,0,0
0,0,0,0,0,0,0,0,0,0,0,0
0,0,0,0,0,0,0,0,0,0,0,0
0,0,0,0,0,0,0,0,0,0,0,0
0,0,0,0,0,0,0,0,0,0,0,0
0,0,0,0,0,0,0,0,0,0,0,0
0,0,0,0,0,0,0,0,0,0,0,0
0,0,0,0,0,0,0,0,0,0,0,0
0,0,0,0,0,0,0,0,0,0,0,0
0,0,0,0,0,0,0,0,0,0,0,0
0,0,0,0,0,0,0,0,0,0,0,0
0,0,0,0,0,0,0,0,0,0,0,0
0,0,0,0,0,0,0,0,0,0,0,0
0,0,0,0,0,0,0,0,0,0,0,0
0,0,0,0,0,0,0,0,0,0,0,0
0,0,0,0,0,0,0,0,0,0,0,0
0,0,0,0,0,0,0,0,0,0,0,0
0,0,0,0,0,0,0,0,0,0,0,0
0,0,0,0,0,0,0,0,0,0,0,0
0,0,0,0,0,0,0,0,0,0,0,0
0,0,0,0,0,0,0,0,0,0,0,0
0,0,0,0,0,0,0,0,0,0,0,0
0,0,0,0,0,0,0,0,0,0,0,0
0,0,0,0,0,0,0,0,0,0,0,0
0,0,0,0,0,0,0,0,0,0,0,0
0,0,0,0,0,0,0,0,0,0,0,0
0,0,0,0,0,0,0,0,0,0,0,0
0,0,0,0,0,0,0,0,0,0,0,0
0,0,0,0,0,0,0,0,0,0,0,0
0,0,0,0,0,0,0,0,0,0,0,0
0,0,0,0,0,0,0,0,0,0,0,0
0,0,0,0,0,0,0,0,0,0,0,0
0,0,0,0,0,0,0,0,0,0,0,0
0,0,0,0,0,0,0,0,0,0,0,0
0,0,0,0,0,0,0,0,0,0,0,0
0,0,0,0,0,0,0,0,0,0,0,0
0,0,0,0,0,0,0,0,0,0,0,0
0,0,0,0,0,0,0,0,0,0,0,0
0,0,0,0,0,0,0,0,0,0,0,0
0,0,0,0,0,0,0,0,0,0,0,0
0,0,0,0,0,0,0,0,0,0,0,0
0,0,0,0,0,0,0,0,0,0,0,0
0,0,0,0,0,0,0,0,0,0,0,0
0,0,0,0,0,0,0,0,0,0,0,0
0,0,0,0,0,0,0,0,0,0,0,0
0,0,0,0,0,0,0,0,0,0,0,0
0,0,0,0,0,0,0,0,0,0,0,0
0,0,0,0,0,0,0,0,0,0,0,0
0,0,0,0,0,0,0,0,0,0,0,0
0,0,0,0,0,0,0,0,0,0,0,0
0,0,0,0,0,0,0,0,0,0,0,0
0,0,0,0,0,0,0,0,0,0,0,0
0,0,0,0,0,0,0,0,0,0,0,0
0,0,0,0,0,0,0,0,0,0,0,0
0,0,0,0,0,0,0,0,0,0,0,0
0,0,0,0,0,0,0,0,0,0,0,0
0,0,0,0,0,0,0,0,0,0,0,0
0,0,0,0,0,0,0,0,0,0,0,0
0,0,0,0,0,0,0,0,0,0,0,0
0,0,0,0,0,0,0,0,0,0,0,0
0,0,0,0,0,0,0,0,0,0,0,0
0,0,0,0,0,0,0,0,0,0,0,0
0,0,0,0,0,0,0,0,0,0,0,0
0,0,0,0,0,0,0,0,0,0,0,0
0,0,0,0,0,0,0,0,0,0,0,0
0,0,0,0,0,0,0,0,0,0,0,0
0,0,0,0,0,0,0,0,0,0,0,0
0,0,0,0,0,0,0,0,0,0,0,0
0,0,0,0,0,0,0,0,0,0,0,0
0,0,0,0,0,0,0,0,0,0,0,0
0,0,0,0,0,0,0,0,0,0,0,0
0,0,0,0,0,0,0,0,0,0,0,0
0,0,0,0,0,0,0,0,0,0,0,0
0,0,0,0,0,0,0,0,0,0,0,0
0,0,0,0,0,0,0,0,0,0,0,0
0,0,0,0,0,0,0,0,0,0,0,0
0,0,0,0,0,0,0,0,0,0,0,0
0,0,0,0,0,0,0,0,0,0,0,0
0,0,0,0,0,0,0,0,0,0,0,0
0,0,0,0,0,0,0,0,0,0,0,0
0,0,0,0,0,0,0,0,0,0,0,0
0,0,0,0,0,0,0,0,0,0,0,0
0,0,0,0,0,0,0,0,0,0,0,0
0,0,0,0,0,0,0,0,0,0,0,0
0,0,0,0,0,0,0,0,0,0,0,0
0,0,0,0,0,0,0,0,0,0,0,0
0,0,0,0,0,0,0,0,0,0,0,0
0,0,0,0,0,0,0,0,0,0,0,0
0,0,0,0,0,0,0,0,0,0,0,0
0,0,0,0,0,0,0,0,0,0,0,0
0,0,0,0,0,0,0,0,0,0,0,0
0,0,0,0,0,0,0,0,0,0,0,0
0,0,0,0,0,0,0,0,0,0,0,0
0,0,0,0,0,0,0,0,0,0,0,0
0,0,0,0,0,0,0,0,0,0,0,0
0,0,0,0,0,0,0,0,0,0,0,0
0,0,0,0,0,0,0,0,0,0,0,0
0,0,0,0,0,0,0,0,0,0,0,0
0,0,0,0,0,0,0,0,0,0,0,0
0,0,0,0,0,0,0,0,0,0,0,0
0,0,0,0,0,0,0,0,0,0,0,0
0,0,0,0,0,0,0,0,0,0,0,0
0,0,0,0,0,0,0,0,0,0,0,0
0,0,0,0,0,0,0,0,0,0,0,0
0,0,0,0,0,0,0,0,0,0,0,0
0,0,0,0,0,0,0,0,0,0,0,0
0,0,0,0,0,0,0,0,0,0,0,0
0,0,0,0,0,0,0,0,0,0,0,0
0,0,0,0,0,0,0,0,0,0,0,0
0,0,0,0,0,0,0,0,0,0,0,0
0,0,0,0,0,0,0,0,0,0,0,0
0,0,0,0,0,0,0,0,0,0,0,0
0,0,0,0,0,0,0,0,0,0,0,0
0,0,0,0,0,0,0,0,0,0,0,0
0,0,0,0,0,0,0,0,0,0,0,0
0,0,0,0,0,0,0,0,0,0,0,0
0,0,0,0,0,0,0,0,0,0,0,0
0,0,0,0,0,0,0,0,0,0,0,0
0,0,0,0,0,0,0,0,0,0,0,0
0,0,0,0,0,0,0,0,0,0,0,0
0,0,0,0,0,0,0,0,0,0,0,0
0,0,0,0,0,0,0,0,0,0,0,0
0,0,0,0,0,0,0,0,0,0,0,0
0,0,0,0,0,0,0,0,0,0,0,0
0,0,0,0,0,0,0,0,0,0,0,0
0,0,0,0,0,0,0,0,0,0,0,0
0,0,0,0,0,0,0,0,0,0,0,0
0,0,0,0,0,0,0,0,0,0,0,0
0,0,0,0,0,0,0,0,0,0,0,0
0,0,0,0,0,0,0,0,0,0,0,0
0,0,0,0,0,0,0,0,0,0,0,0
0,0,0,0,0,0,0,0,0,0,0,0
0,0,0,0,0,0,0,0,0,0,0,0
0,0,0,0,0,0,0,0,0,0,0,0
0,0,0,0,0,0,0,0,0,0,0,0
0,0,0,0,0,0,0,0,0,0,0,0
0,0,0,0,0,0,0,0,0,0,0,0
0,0,0,0,0,0,0,0,0,0,0,0
0,0,0,0,0,0,0,0,0,0,0,0
0,0,0,0,0,0,0,0,0,0,0,0
0,0,0,0,0,0,0,0,0,0,0,0
0,0,0,0,0,0,0,0,0,0,0,0
0,0,0,0,0,0,0,0,0,0,0,0
0,0,0,0,0,0,0,0,0,0,0,0
0,0,0,0,0,0,0,0,0,0,0,0
0,0,0,0,0,0,0,0,0,0,0,0
0,0,0,0,0,0,0,0,0,0,0,0
0,0,0,0,0,0,0,0,0,0,0,0
0,0,0,0,0,0,0,0,0,0,0,0
0,0,0,0,0,0,0,0,0,0,0,0
0,0,0,0,0,0,0,0,0,0,0,0
0,0,0,0,0,0,0,0,0,0,0,0
0,0,0,0,0,0,0,0,0,0,0,0
0,0,0,0,0,0,0,0,0,0,0,0
0,0,0,0,0,0,0,0,0,0,0,0
0,0,0,0,0,0,0,0,0,0,0,0
0,0,0,0,0,0,0,0,0,0,0,0
0,0,0,0,0,0,0,0,0,0,0,0
0,0,0,0,0,0,0,0,0,0,0,0
0,0,0,0,0,0,0,0,0,0,0,0
0,0,0,0,0,0,0,0,0,0,0,0
0,0,0,0,0,0,0,0,0,0,0,0
0,0,0,0,0,0,0,0,0,0,0,0
0,0,0,0,0,0,0,0,0,0,0,0
0,0,0,0,0,0,0,0,0,0,0,0
0,0,0,0,0,0,0,0,0,0,0,0
0,0,0,0,0,0,0,0,0,0,0,0
0,0,0,0,0,0,0,0,0,0,0,0
0,0,0,0,0,0,0,0,0,0,0,0
0,0,0,0,0,0,0,0,0,0,0,0
0,0,0,0,0,0,0,0,0,0,0,0
0,0,0,0,0,0,0,0,0,0,0,0
0,0,0,0,0,0,0,0,0,0,0,0
0,0,0,0,0,0,0,0,0,0,0,0
0,0,0,0,0,0,0,0,0,0,0,0
0,0,0,0,0,0,0,0,0,0,0,0
0,0,0,0,0,0,0,0,0,0,0,0
0,0,0,0,0,0,0,0,0,0,0,0
0,0,0,0,0,0,0,0,0,0,0,0
0,0,0,0,0,0,0,0,0,0,0,0
0,0,0,0,0,0,0,0,0,0,0,0
0,0,0,0,0,0,0,0,0,0,0,0
0,0,0,0,0,0,0,0,0,0,0,0
0,0,0,0,0,0,0,0,0,0,0,0
0,0,0,0,0,0,0,0,0,0,0,0
0,0,0,0,0,0,0,0,0,0,0,0
0,0,0,0,0,0,0,0,0,0,0,0
0,0,0,0,0,0,0,0,0,0,0,0
0,0,0,0,0,0,0,0,0,0,0,0
0,0,0,0,0,0,0,0,0,0,0,0
0,0,0,0,0,0,0,0,0,0,0,0
0,0,0,0,0,0,0,0,0,0,0,0
0,0,0,0,0,0,0,0,0,0,0,0
0,0,0,0,0,0,0,0,0,0,0,0
0,0,0,0,0,0,0,0,0,0,0,0
0,0,0,0,0,0,0,0,0,0,0,0
0,0,0,0,0,0,0,0,0,0,0,0
0,0,0,0,0,0,0,0,0,0,0,0
0,0,0,0,0,0,0,0,0,0,0,0
0,0,0,0,0,0,0,0,0,0,0,0
0,0,0,0,0,0,0,0,0,0,0,0
0,0,0,0,0,0,0,0,0,0,0,0
0,0,0,0,0,0,0,0,0,0,0,0
0,0,0,0,0,0,0,0,0,0,0,0
0,0,0,0,0,0,0,0,0,0,0,0
0,0,0,0,0,0,0,0,0,0,0,0
0,0,0,0,0,0,0,0,0,0,0,0
0,0,0,0,0,0,0,0,0,0,0,0
0,0,0,0,0,0,0,0,0,0,0,0
0,0,0,0,0,0,0,0,0,0,0,0
0,0,0,0,0,0,0,0,0,0,0,0
0,0,0,0,0,0,0,0,0,0,0,0
0,0,0,0,0,0,0,0,0,0,0,0
0,0,0,0,0,0,0,0,0,0,0,0
0,0,0,0,0,0,0,0,0,0,0,0
0,0,0,0,0,0,0,0,0,0,0,0
0,0,0,0,0,0,0,0,0,0,0,0
0,0,0,0,0,0,0,0,0,0,0,0
0,0,0,0,0,0,0,0,0,0,0,0
0,0,0,0,0,0,0,0,0,0,0,0
0,0,0,0,0,0,0,0,0,0,0,0
0,0,0,0,0,0,0,0,0,0,0,0
0,0,0,0,0,0,0,0,0,0,0,0
0,0,0,0,0,0,0,0,0,0,0,0
0,0,0,0,0,0,0,0,0,0,0,0
0,0,0,0,0,0,0,0,0,0,0,0
0,0,0,0,0,0,0,0,0,0,0,0
0,0,0,0,0,0,0,0,0,0,0,0
0,0,0,0,0,0,0,0,0,0,0,0
0,0,0,0,0,0,0,0,0,0,0,0
0,0,0,0,0,0,0,0,0,0,0,0
0,0,0,0,0,0,0,0,0,0,0,0
0,0,0,0,0,0,0,0,0,0,0,0
0,0,0,0,0,0,0,0,0,0,0,0
0,0,0,0,0,0,0,0,0,0,0,0
0,0,0,0,0,0,0,0,0,0,0,0
0,0,0,0,0,0,0,0,0,0,0,0
0,0,0,0,0,0,0,0,0,0,0,0
0,0,0,0,0,0,0,0,0,0,0,0
0,0,0,0,0,0,0,0,0,0,0,0
0,0,0,0,0,0,0,0,0,0,0,0
0,0,0,0,0,0,0,0,0,0,0,0
0,0,0,0,0,0,0,0,0,0,0,0
0,0,0,0,0,0,0,0,0,0,0,0
0,0,0,0,0,0,0,0,0,0,0,0
0,0,0,0,0,0,0,0,0,0,0,0
0,0,0,0,0,0,0,0,0,0,0,0
0,0,0,0,0,0,0,0,0,0,0,0
0,0,0,0,0,0,0,0,0,0,0,0
0,0,0,0,0,0,0,0,0,0,0,0
0,0,0,0,0,0,0,0,0,0,0,0
0,0,0,0,0,0,0,0,0,0,0,0
0,0,0,0,0,0,0,0,0,0,0,0
0,0,0,0,0,0,0,0,0,0,0,0
0,0,0,0,0,0,0,0,0,0,0,0
0,0,0,0,0,0,0,0,0,0,0,0
0,0,0,0,0,0,0,0,0,0,0,0
0,0,0,0,0,0,0,0,0,0,0,0
0,0,0,0,0,0,0,0,0,0,0,0
0,0,0,0,0,0,0,0,0,0,0,0
0,0,0,0,0,0,0,0,0,0,0,0
0,0,0,0,0,0,0,0,0,0,0,0
0,0,0,0,0,0,0,0,0,0,0,0
0,0,0,0,0,0,0,0,0,0,0,0
0,0,0,0,0,0,0,0,0,0,0,0
0,0,0,0,0,0,0,0,0,0,0,0
0,0,0,0,0,0,0,0,0,0,0,0
0,0,0,0,0,0,0,0,0,0,0,0
0,0,0,0,0,0,0,0,0,0,0,0
0,0,0,0,0,0,0,0,0,0,0,0
0,0,0,0,0,0,0,0,0,0,0,0
0,0,0,0,0,0,0,0,0,0,0,0
0,0,0,0,0,0,0,0,0,0,0,0
0,0,0,0,0,0,0,0,0,0,0,0
0,0,0,0,0,0,0,0,0,0,0,0
0,0,0,0,0,0,0,0,0,0,0,0
0,0,0,0,0,0,0,0,0,0,0,0
0,0,0,0,0,0,0,0,0,0,0,0
0,0,0,0,0,0,0,0,0,0,0,0
0,0,0,0,0,0,0,0,0,0,0,0
0,0,0,0,0,0,0,0,0,0,0,0
0,0,0,0,0,0,0,0,0,0,0,0
0,0,0,0,0,0,0,0,0,0,0,0
0,0,0,0,0,0,0,0,0,0,0,0
0,0,0,0,0,0,0,0,0,0,0,0
0,0,0,0,0,0,0,0,0,0,0,0
0,0,0,0,0,0,0,0,0,0,0,0
0,0,0,0,0,0,0,0,0,0,0,0
0,0,0,0,0,0,0,0,0,0,0,0
0,0,0,0,0,0,0,0,0,0,0,0
0,0,0,0,0,0,0,0,0,0,0,0
0,0,0,0,0,0,0,0,0,0,0,0
0,0,0,0,0,0,0,0,0,0,0,0
0,0,0,0,0,0,0,0,0,0,0,0
0,0,0,0,0,0,0,0,0,0,0,0
0,0,0,0,0,0,0,0,0,0,0,0
0,0,0,0,0,0,0,0,0,0,0,0
0,0,0,0,0,0,0,0,0,0,0,0
0,0,0,0,0,0,0,0,0,0,0,0
0,0,0,0,0,0,0,0,0,0,0,0
0,0,0,0,0,0,0,0,0,0,0,0
0,0,0,0,0,0,0,0,0,0,0,0
0,0,0,0,0,0,0,0,0,0,0,0
0,0,0,0,0,0,0,0,0,0,0,0
0,0,0,0,0,0,0,0,0,0,0,0
0,0,0,0,0,0,0,0,0,0,0,0
0,0,0,0,0,0,0,0,0,0,0,0
0,0,0,0,0,0,0,0,0,0,0,0
0,0,0,0,0,0,0,0,0,0,0,0
0,0,0,0,0,0,0,0,0,0,0,0
0,0,0,0,0,0,0,0,0,0,0,0
0,0,0,0,0,0,0,0,0,0,0,0
0,0,0,0,0,0,0,0,0,0,0,0
0,0,0,0,0,0,0,0,0,0,0,0
0,0,0,0,0,0,0,0,0,0,0,0
0,0,0,0,0,0,0,0,0,0,0,0
0,0,0,0,0,0,0,0,0,0,0,0
0,0,0,0,0,0,0,0,0,0,0,0
0,0,0,0,0,0,0,0,0,0,0,0
0,0,0,0,0,0,0,0,0,0,0,0
0,0,0,0,0,0,0,0,0,0,0,0
0,0,0,0,0,0,0,0,0,0,0,0
0,0,0,0,0,0,0,0,0,0,0,0
0,0,0,0,0,0,0,0,0,0,0,0
0,0,0,0,0,0,0,0,0,0,0,0
0,0,0,0,0,0,0,0,0,0,0,0
0,0,0,0,0,0,0,0,0,0,0,0
0,0,0,0,0,0,0,0,0,0,0,0
0,0,0,0,0,0,0,0,0,0,0,0
0,0,0,0,0,0,0,0,0,0,0,0
0,0,0,0,0,0,0,0,0,0,0,0
0,0,0,0,0,0,0,0,0,0,0,0
0,0,0,0,0,0,0,0,0,0,0,0
0,0,0,0,0,0,0,0,0,0,0,0
0,0,0,0,0,0,0,0,0,0,0,0
0,0,0,0,0,0,0,0,0,0,0,0
0,0,0,0,0,0,0,0,0,0,0,0
0,0,0,0,0,0,0,0,0,0,0,0
0,0,0,0,0,0,0,0,0,0,0,0
0,0,0,0,0,0,0,0,0,0,0,0
0,0,0,0,0,0,0,0,0,0,0,0
0,0,0,0,0,0,0,0,0,0,0,0
0,0,0,0,0,0,0,0,0,0,0,0
0,0,0,0,0,0,0,0,0,0,0,0
0,0,0,0,0,0,0,0,0,0,0,0
0,0,0,0,0,0,0,0,0,0,0,0
0,0,0,0,0,0,0,0,0,0,0,0
0,0,0,0,0,0,0,0,0,0,0,0
0,0,0,0,0,0,0,0,0,0,0,0
0,0,0,0,0,0,0,0,0,0,0,0
0,0,0,0,0,0,0,0,0,0,0,0
0,0,0,0,0,0,0,0,0,0,0,0
0,0,0,0,0,0,0,0,0,0,0,0
0,0,0,0,0,0,0,0,0,0,0,0
0,0,0,0,0,0,0,0,0,0,0,0
0,0,0,0,0,0,0,0,0,0,0,0
0,0,0,0,0,0,0,0,0,0,0,0
0,0,0,0,0,0,0,0,0,0,0,0
0,0,0,0,0,0,0,0,0,0,0,0
0,0,0,0,0,0,0,0,0,0,0,0
0,0,0,0,0,0,0,0,0,0,0,0
0,0,0,0,0,0,0,0,0,0,0,0
0,0,0,0,0,0,0,0,0,0,0,0
0,0,0,0,0,0,0,0,0,0,0,0
0,0,0,0,0,0,0,0,0,0,0,0
0,0,0,0,0,0,0,0,0,0,0,0
0,0,0,0,0,0,0,0,0,0,0,0
0,0,0,0,0,0,0,0,0,0,0,0
0,0,0,0,0,0,0,0,0,0,0,0
0,0,0,0,0,0,0,0,0,0,0,0
0,0,0,0,0,0,0,0,0,0,0,0
0,0,0,0,0,0,0,0,0,0,0,0
0,0,0,0,0,0,0,0,0,0,0,0
0,0,0,0,0,0,0,0,0,0,0,0
0,0,0,0,0,0,0,0,0,0,0,0
0,0,0,0,0,0,0,0,0,0,0,0
0,0,0,0,0,0,0,0,0,0,0,0
0,0,0,0,0,0,0,0,0,0,0,0
0,0,0,0,0,0,0,0,0,0,0,0
0,0,0,0,0,0,0,0,0,0,0,0
0,0,0,0,0,0,0,0,0,0,0,0
0,0,0,0,0,0,0,0,0,0,0,0
0,0,0,0,0,0,0,0,0,0,0,0
0,0,0,0,0,0,0,0,0,0,0,0
0,0,0,0,0,0,0,0,0,0,0,0
0,0,0,0,0,0,0,0,0,0,0,0
0,0,0,0,0,0,0,0,0,0,0,0
0,0,0,0,0,0,0,0,0,0,0,0
0,0,0,0,0,0,0,0,0,0,0,0
0,0,0,0,0,0,0,0,0,0,0,0
0,0,0,0,0,0,0,0,0,0,0,0
0,0,0,0,0,0,0,0,0,0,0,0
0,0,0,0,0,0,0,0,0,0,0,0
0,0,0,0,0,0,0,0,0,0,0,0
0,0,0,0,0,0,0,0,0,0,0,0
0,0,0,0,0,0,0,0,0,0,0,0
